[{"version":1,"timestamp":"2022-06-16 16:13:08 +0000","elevation":1239,"source_type":11,"duration":2922,"distance":0,"elevation_gain":0,"elevation_loss":0},{"version":1,"timestamp":"2022-06-16 16:13:15 +0000","elevation":1240,"source_type":11,"duration":9927,"distance":25,"elevation_gain":0,"elevation_loss":0},{"version":1,"timestamp":"2022-06-16 16:13:21 +0000","elevation":1240,"source_type":11,"duration":15919,"distance":52,"elevation_gain":0,"elevation_loss":0},{"version":1,"timestamp":"2022-06-16 16:13:27 +0000","elevation":1240,"source_type":11,"duration":21922,"distance":79,"elevation_gain":0,"elevation_loss":0},{"version":1,"timestamp":"2022-06-16 16:13:33 +0000","elevation":1240,"source_type":11,"duration":27925,"distance":104,"elevation_gain":0,"elevation_loss":0},{"version":1,"timestamp":"2022-06-16 16:13:35 +0000","elevation":1240,"source_type":11,"duration":29930,"distance":112,"elevation_gain":0,"elevation_loss":0},{"version":1,"timestamp":"2022-06-16 16:13:39 +0000","elevation":1240,"source_type":11,"duration":33932,"distance":129,"elevation_gain":0,"elevation_loss":0},{"version":1,"timestamp":"2022-06-16 16:13:43 +0000","elevation":1240,"source_type":11,"duration":37930,"distance":146,"elevation_gain":0,"elevation_loss":0},{"version":1,"timestamp":"2022-06-16 16:13:45 +0000","elevation":1240,"source_type":11,"duration":39938,"distance":156,"elevation_gain":0,"elevation_loss":0},{"version":1,"timestamp":"2022-06-16 16:13:48 +0000","elevation":1240,"source_type":11,"duration":42925,"distance":167,"elevation_gain":0,"elevation_loss":0},{"version":1,"timestamp":"2022-06-16 16:13:52 +0000","elevation":1240,"source_type":11,"duration":46920,"distance":181,"elevation_gain":0,"elevation_loss":0},{"version":1,"timestamp":"2022-06-16 16:13:58 +0000","elevation":1240,"source_type":11,"duration":52936,"distance":205,"elevation_gain":0,"elevation_loss":0},{"version":1,"timestamp":"2022-06-16 16:14:04 +0000","elevation":1241,"source_type":11,"duration":58930,"distance":229,"elevation_gain":0,"elevation_loss":0},{"version":1,"timestamp":"2022-06-16 16:14:11 +0000","elevation":1241,"source_type":11,"duration":65937,"distance":255,"elevation_gain":0,"elevation_loss":0},{"version":1,"timestamp":"2022-06-16 16:14:18 +0000","elevation":1240,"source_type":11,"duration":72930,"distance":278,"elevation_gain":0,"elevation_loss":0},{"version":1,"timestamp":"2022-06-16 16:14:26 +0000","elevation":1240,"source_type":11,"duration":80926,"distance":304,"elevation_gain":0,"elevation_loss":0},{"version":1,"timestamp":"2022-06-16 16:14:34 +0000","elevation":1239,"source_type":11,"duration":88932,"distance":329,"elevation_gain":0,"elevation_loss":0},{"version":1,"timestamp":"2022-06-16 16:14:41 +0000","elevation":1238,"source_type":11,"duration":95932,"distance":352,"elevation_gain":0,"elevation_loss":0},{"version":1,"timestamp":"2022-06-16 16:14:48 +0000","elevation":1238,"source_type":11,"duration":102933,"distance":376,"elevation_gain":0,"elevation_loss":0},{"version":1,"timestamp":"2022-06-16 16:14:55 +0000","elevation":1238,"source_type":11,"duration":109942,"distance":401,"elevation_gain":0,"elevation_loss":0},{"version":1,"timestamp":"2022-06-16 16:15:03 +0000","elevation":1238,"source_type":11,"duration":117927,"distance":427,"elevation_gain":0,"elevation_loss":0},{"version":1,"timestamp":"2022-06-16 16:15:09 +0000","elevation":1238,"source_type":11,"duration":123940,"distance":451,"elevation_gain":0,"elevation_loss":0},{"version":1,"timestamp":"2022-06-16 16:15:16 +0000","elevation":1238,"source_type":11,"duration":130935,"distance":476,"elevation_gain":0,"elevation_loss":0},{"version":1,"timestamp":"2022-06-16 16:15:19 +0000","elevation":1238,"source_type":11,"duration":133684,"distance":481,"elevation_gain":0,"elevation_loss":0},{"version":1,"timestamp":"2022-06-16 16:15:22 +0000","elevation":1238,"source_type":11,"duration":136433,"distance":487,"elevation_gain":0,"elevation_loss":0},{"version":1,"timestamp":"2022-06-16 16:15:25 +0000","elevation":1238,"source_type":11,"duration":139182,"distance":493,"elevation_gain":0,"elevation_loss":0},{"version":1,"timestamp":"2022-06-16 16:15:27 +0000","elevation":1239,"source_type":11,"duration":141932,"distance":500,"elevation_gain":0,"elevation_loss":0},{"version":1,"timestamp":"2022-06-16 16:15:29 +0000","elevation":1239,"source_type":11,"duration":143932,"distance":506,"elevation_gain":0,"elevation_loss":0},{"version":1,"timestamp":"2022-06-16 16:15:31 +0000","elevation":1239,"source_type":11,"duration":145933,"distance":513,"elevation_gain":0,"elevation_loss":0},{"version":1,"timestamp":"2022-06-16 16:15:33 +0000","elevation":1239,"source_type":11,"duration":147934,"distance":519,"elevation_gain":0,"elevation_loss":0},{"version":1,"timestamp":"2022-06-16 16:15:35 +0000","elevation":1239,"source_type":11,"duration":149935,"distance":525,"elevation_gain":0,"elevation_loss":0},{"version":1,"timestamp":"2022-06-16 16:15:37 +0000","elevation":1239,"source_type":11,"duration":151933,"distance":531,"elevation_gain":0,"elevation_loss":0},{"version":1,"timestamp":"2022-06-16 16:15:39 +0000","elevation":1239,"source_type":11,"duration":153931,"distance":537,"elevation_gain":0,"elevation_loss":0},{"version":1,"timestamp":"2022-06-16 16:15:41 +0000","elevation":1239,"source_type":11,"duration":155929,"distance":542,"elevation_gain":0,"elevation_loss":0},{"version":1,"timestamp":"2022-06-16 16:15:43 +0000","elevation":1239,"source_type":11,"duration":157927,"distance":548,"elevation_gain":0,"elevation_loss":0},{"version":1,"timestamp":"2022-06-16 16:15:45 +0000","elevation":1240,"source_type":11,"duration":159928,"distance":554,"elevation_gain":0,"elevation_loss":0},{"version":1,"timestamp":"2022-06-16 16:15:47 +0000","elevation":1240,"source_type":11,"duration":161930,"distance":560,"elevation_gain":0,"elevation_loss":0},{"version":1,"timestamp":"2022-06-16 16:15:49 +0000","elevation":1240,"source_type":11,"duration":163932,"distance":566,"elevation_gain":0,"elevation_loss":0},{"version":1,"timestamp":"2022-06-16 16:15:51 +0000","elevation":1240,"source_type":11,"duration":165934,"distance":573,"elevation_gain":0,"elevation_loss":0},{"version":1,"timestamp":"2022-06-16 16:15:53 +0000","elevation":1240,"source_type":11,"duration":167933,"distance":579,"elevation_gain":0,"elevation_loss":0},{"version":1,"timestamp":"2022-06-16 16:15:55 +0000","elevation":1240,"source_type":11,"duration":169933,"distance":586,"elevation_gain":0,"elevation_loss":0},{"version":1,"timestamp":"2022-06-16 16:15:57 +0000","elevation":1240,"source_type":11,"duration":171933,"distance":592,"elevation_gain":0,"elevation_loss":0},{"version":1,"timestamp":"2022-06-16 16:15:59 +0000","elevation":1240,"source_type":11,"duration":173933,"distance":599,"elevation_gain":0,"elevation_loss":0},{"version":1,"timestamp":"2022-06-16 16:16:00 +0000","elevation":1241,"source_type":11,"duration":174433,"distance":602,"elevation_gain":0,"elevation_loss":0},{"version":1,"timestamp":"2022-06-16 16:16:00 +0000","elevation":1241,"source_type":11,"duration":174934,"distance":604,"elevation_gain":0,"elevation_loss":0},{"version":1,"timestamp":"2022-06-16 16:16:01 +0000","elevation":1241,"source_type":11,"duration":175434,"distance":605,"elevation_gain":0,"elevation_loss":0},{"version":1,"timestamp":"2022-06-16 16:16:01 +0000","elevation":1241,"source_type":11,"duration":175935,"distance":606,"elevation_gain":0,"elevation_loss":0},{"version":1,"timestamp":"2022-06-16 16:16:06 +0000","elevation":1241,"source_type":11,"duration":180934,"distance":624,"elevation_gain":0,"elevation_loss":0},{"version":1,"timestamp":"2022-06-16 16:16:14 +0000","elevation":1242,"source_type":11,"duration":188935,"distance":650,"elevation_gain":0,"elevation_loss":0},{"version":1,"timestamp":"2022-06-16 16:16:22 +0000","elevation":1242,"source_type":11,"duration":196928,"distance":674,"elevation_gain":0,"elevation_loss":0},{"version":1,"timestamp":"2022-06-16 16:16:30 +0000","elevation":1243,"source_type":11,"duration":204935,"distance":699,"elevation_gain":0,"elevation_loss":0},{"version":1,"timestamp":"2022-06-16 16:16:37 +0000","elevation":1244,"source_type":11,"duration":211932,"distance":722,"elevation_gain":0,"elevation_loss":0},{"version":1,"timestamp":"2022-06-16 16:16:44 +0000","elevation":1245,"source_type":11,"duration":218931,"distance":747,"elevation_gain":5,"elevation_loss":0},{"version":1,"timestamp":"2022-06-16 16:16:52 +0000","elevation":1246,"source_type":11,"duration":226932,"distance":772,"elevation_gain":6,"elevation_loss":0},{"version":1,"timestamp":"2022-06-16 16:17:00 +0000","elevation":1248,"source_type":11,"duration":234934,"distance":798,"elevation_gain":8,"elevation_loss":0},{"version":1,"timestamp":"2022-06-16 16:17:07 +0000","elevation":1247,"source_type":11,"duration":241936,"distance":822,"elevation_gain":8,"elevation_loss":0},{"version":1,"timestamp":"2022-06-16 16:17:11 +0000","elevation":1247,"source_type":11,"duration":245936,"distance":836,"elevation_gain":8,"elevation_loss":0},{"version":1,"timestamp":"2022-06-16 16:17:12 +0000","elevation":1247,"source_type":11,"duration":246684,"distance":838,"elevation_gain":8,"elevation_loss":0},{"version":1,"timestamp":"2022-06-16 16:17:13 +0000","elevation":1247,"source_type":11,"duration":247432,"distance":841,"elevation_gain":8,"elevation_loss":0},{"version":1,"timestamp":"2022-06-16 16:17:14 +0000","elevation":1247,"source_type":11,"duration":248180,"distance":843,"elevation_gain":8,"elevation_loss":0},{"version":1,"timestamp":"2022-06-16 16:17:14 +0000","elevation":1247,"source_type":11,"duration":248928,"distance":846,"elevation_gain":8,"elevation_loss":0},{"version":1,"timestamp":"2022-06-16 16:17:19 +0000","elevation":1246,"source_type":11,"duration":253930,"distance":856,"elevation_gain":8,"elevation_loss":0},{"version":1,"timestamp":"2022-06-16 16:17:24 +0000","elevation":1246,"source_type":11,"duration":258933,"distance":870,"elevation_gain":8,"elevation_loss":0},{"version":1,"timestamp":"2022-06-16 16:17:26 +0000","elevation":1245,"source_type":11,"duration":260682,"distance":876,"elevation_gain":8,"elevation_loss":0},{"version":1,"timestamp":"2022-06-16 16:17:28 +0000","elevation":1245,"source_type":11,"duration":262431,"distance":882,"elevation_gain":8,"elevation_loss":0},{"version":1,"timestamp":"2022-06-16 16:17:30 +0000","elevation":1245,"source_type":11,"duration":264180,"distance":888,"elevation_gain":8,"elevation_loss":0},{"version":1,"timestamp":"2022-06-16 16:17:31 +0000","elevation":1244,"source_type":11,"duration":265930,"distance":894,"elevation_gain":8,"elevation_loss":0},{"version":1,"timestamp":"2022-06-16 16:17:33 +0000","elevation":1244,"source_type":11,"duration":267929,"distance":899,"elevation_gain":8,"elevation_loss":0},{"version":1,"timestamp":"2022-06-16 16:17:35 +0000","elevation":1244,"source_type":11,"duration":269929,"distance":905,"elevation_gain":8,"elevation_loss":0},{"version":1,"timestamp":"2022-06-16 16:17:37 +0000","elevation":1243,"source_type":11,"duration":271929,"distance":911,"elevation_gain":8,"elevation_loss":0},{"version":1,"timestamp":"2022-06-16 16:17:39 +0000","elevation":1243,"source_type":11,"duration":273929,"distance":917,"elevation_gain":8,"elevation_loss":0},{"version":1,"timestamp":"2022-06-16 16:17:41 +0000","elevation":1243,"source_type":11,"duration":275681,"distance":923,"elevation_gain":8,"elevation_loss":0},{"version":1,"timestamp":"2022-06-16 16:17:43 +0000","elevation":1243,"source_type":11,"duration":277433,"distance":929,"elevation_gain":8,"elevation_loss":0},{"version":1,"timestamp":"2022-06-16 16:17:45 +0000","elevation":1243,"source_type":11,"duration":279185,"distance":935,"elevation_gain":8,"elevation_loss":0},{"version":1,"timestamp":"2022-06-16 16:17:46 +0000","elevation":1243,"source_type":11,"duration":280938,"distance":940,"elevation_gain":8,"elevation_loss":0},{"version":1,"timestamp":"2022-06-16 16:17:48 +0000","elevation":1243,"source_type":11,"duration":282937,"distance":946,"elevation_gain":8,"elevation_loss":0},{"version":1,"timestamp":"2022-06-16 16:17:50 +0000","elevation":1243,"source_type":11,"duration":284937,"distance":952,"elevation_gain":8,"elevation_loss":0},{"version":1,"timestamp":"2022-06-16 16:17:52 +0000","elevation":1243,"source_type":11,"duration":286936,"distance":959,"elevation_gain":8,"elevation_loss":0},{"version":1,"timestamp":"2022-06-16 16:17:54 +0000","elevation":1243,"source_type":11,"duration":288936,"distance":965,"elevation_gain":8,"elevation_loss":0},{"version":1,"timestamp":"2022-06-16 16:17:57 +0000","elevation":1243,"source_type":11,"duration":291183,"distance":971,"elevation_gain":8,"elevation_loss":0},{"version":1,"timestamp":"2022-06-16 16:17:59 +0000","elevation":1243,"source_type":11,"duration":293431,"distance":977,"elevation_gain":8,"elevation_loss":0},{"version":1,"timestamp":"2022-06-16 16:18:01 +0000","elevation":1243,"source_type":11,"duration":295679,"distance":983,"elevation_gain":8,"elevation_loss":0},{"version":1,"timestamp":"2022-06-16 16:18:03 +0000","elevation":1243,"source_type":11,"duration":297927,"distance":989,"elevation_gain":8,"elevation_loss":0},{"version":1,"timestamp":"2022-06-16 16:18:11 +0000","elevation":1243,"source_type":11,"duration":305928,"distance":1014,"elevation_gain":8,"elevation_loss":0},{"version":1,"timestamp":"2022-06-16 16:18:18 +0000","elevation":1243,"source_type":11,"duration":312949,"distance":1039,"elevation_gain":8,"elevation_loss":0},{"version":1,"timestamp":"2022-06-16 16:18:26 +0000","elevation":1242,"source_type":11,"duration":320942,"distance":1068,"elevation_gain":8,"elevation_loss":5},{"version":1,"timestamp":"2022-06-16 16:18:33 +0000","elevation":1242,"source_type":11,"duration":327944,"distance":1094,"elevation_gain":8,"elevation_loss":5},{"version":1,"timestamp":"2022-06-16 16:18:36 +0000","elevation":1242,"source_type":11,"duration":330926,"distance":1103,"elevation_gain":8,"elevation_loss":5},{"version":1,"timestamp":"2022-06-16 16:18:40 +0000","elevation":1241,"source_type":11,"duration":334934,"distance":1119,"elevation_gain":8,"elevation_loss":6},{"version":1,"timestamp":"2022-06-16 16:18:44 +0000","elevation":1241,"source_type":11,"duration":338943,"distance":1133,"elevation_gain":8,"elevation_loss":7},{"version":1,"timestamp":"2022-06-16 16:18:47 +0000","elevation":1240,"source_type":11,"duration":341944,"distance":1142,"elevation_gain":8,"elevation_loss":7},{"version":1,"timestamp":"2022-06-16 16:18:51 +0000","elevation":1240,"source_type":11,"duration":345440,"distance":1153,"elevation_gain":8,"elevation_loss":7},{"version":1,"timestamp":"2022-06-16 16:18:54 +0000","elevation":1240,"source_type":11,"duration":348937,"distance":1167,"elevation_gain":8,"elevation_loss":7},{"version":1,"timestamp":"2022-06-16 16:18:56 +0000","elevation":1240,"source_type":11,"duration":350687,"distance":1173,"elevation_gain":8,"elevation_loss":8},{"version":1,"timestamp":"2022-06-16 16:18:58 +0000","elevation":1239,"source_type":11,"duration":352438,"distance":1180,"elevation_gain":8,"elevation_loss":8},{"version":1,"timestamp":"2022-06-16 16:19:00 +0000","elevation":1239,"source_type":11,"duration":354188,"distance":1187,"elevation_gain":8,"elevation_loss":8},{"version":1,"timestamp":"2022-06-16 16:19:01 +0000","elevation":1239,"source_type":11,"duration":355939,"distance":1194,"elevation_gain":8,"elevation_loss":8},{"version":1,"timestamp":"2022-06-16 16:19:03 +0000","elevation":1239,"source_type":11,"duration":357436,"distance":1200,"elevation_gain":8,"elevation_loss":8},{"version":1,"timestamp":"2022-06-16 16:19:04 +0000","elevation":1239,"source_type":11,"duration":358933,"distance":1207,"elevation_gain":8,"elevation_loss":8},{"version":1,"timestamp":"2022-06-16 16:19:06 +0000","elevation":1238,"source_type":11,"duration":360430,"distance":1213,"elevation_gain":8,"elevation_loss":9},{"version":1,"timestamp":"2022-06-16 16:19:07 +0000","elevation":1238,"source_type":11,"duration":361927,"distance":1219,"elevation_gain":8,"elevation_loss":9},{"version":1,"timestamp":"2022-06-16 16:19:09 +0000","elevation":1238,"source_type":11,"duration":363676,"distance":1226,"elevation_gain":8,"elevation_loss":9},{"version":1,"timestamp":"2022-06-16 16:19:11 +0000","elevation":1238,"source_type":11,"duration":365426,"distance":1232,"elevation_gain":8,"elevation_loss":9},{"version":1,"timestamp":"2022-06-16 16:19:13 +0000","elevation":1238,"source_type":11,"duration":367175,"distance":1239,"elevation_gain":8,"elevation_loss":9},{"version":1,"timestamp":"2022-06-16 16:19:14 +0000","elevation":1238,"source_type":11,"duration":368925,"distance":1246,"elevation_gain":8,"elevation_loss":9},{"version":1,"timestamp":"2022-06-16 16:19:16 +0000","elevation":1238,"source_type":11,"duration":370421,"distance":1252,"elevation_gain":8,"elevation_loss":9},{"version":1,"timestamp":"2022-06-16 16:19:17 +0000","elevation":1238,"source_type":11,"duration":371918,"distance":1256,"elevation_gain":8,"elevation_loss":9},{"version":1,"timestamp":"2022-06-16 16:19:18 +0000","elevation":1238,"source_type":11,"duration":372921,"distance":1259,"elevation_gain":8,"elevation_loss":9},{"version":1,"timestamp":"2022-06-16 16:19:19 +0000","elevation":1238,"source_type":11,"duration":373925,"distance":1262,"elevation_gain":8,"elevation_loss":9},{"version":1,"timestamp":"2022-06-16 16:19:20 +0000","elevation":1238,"source_type":11,"duration":374428,"distance":1263,"elevation_gain":8,"elevation_loss":9},{"version":1,"timestamp":"2022-06-16 16:19:20 +0000","elevation":1238,"source_type":11,"duration":374932,"distance":1265,"elevation_gain":8,"elevation_loss":9},{"version":1,"timestamp":"2022-06-16 16:19:21 +0000","elevation":1238,"source_type":11,"duration":375680,"distance":1267,"elevation_gain":8,"elevation_loss":9},{"version":1,"timestamp":"2022-06-16 16:19:22 +0000","elevation":1238,"source_type":11,"duration":376429,"distance":1269,"elevation_gain":8,"elevation_loss":9},{"version":1,"timestamp":"2022-06-16 16:19:23 +0000","elevation":1238,"source_type":11,"duration":377177,"distance":1272,"elevation_gain":8,"elevation_loss":9},{"version":1,"timestamp":"2022-06-16 16:19:23 +0000","elevation":1238,"source_type":11,"duration":377926,"distance":1274,"elevation_gain":8,"elevation_loss":10},{"version":1,"timestamp":"2022-06-16 16:19:25 +0000","elevation":1237,"source_type":11,"duration":379424,"distance":1279,"elevation_gain":8,"elevation_loss":10},{"version":1,"timestamp":"2022-06-16 16:19:26 +0000","elevation":1237,"source_type":11,"duration":380922,"distance":1285,"elevation_gain":8,"elevation_loss":10},{"version":1,"timestamp":"2022-06-16 16:19:28 +0000","elevation":1237,"source_type":11,"duration":382420,"distance":1292,"elevation_gain":8,"elevation_loss":10},{"version":1,"timestamp":"2022-06-16 16:19:29 +0000","elevation":1237,"source_type":11,"duration":383919,"distance":1299,"elevation_gain":8,"elevation_loss":10},{"version":1,"timestamp":"2022-06-16 16:19:31 +0000","elevation":1237,"source_type":11,"duration":385419,"distance":1305,"elevation_gain":8,"elevation_loss":10},{"version":1,"timestamp":"2022-06-16 16:19:32 +0000","elevation":1236,"source_type":11,"duration":386919,"distance":1312,"elevation_gain":8,"elevation_loss":11},{"version":1,"timestamp":"2022-06-16 16:19:34 +0000","elevation":1236,"source_type":11,"duration":388419,"distance":1319,"elevation_gain":8,"elevation_loss":11},{"version":1,"timestamp":"2022-06-16 16:19:35 +0000","elevation":1236,"source_type":11,"duration":389919,"distance":1326,"elevation_gain":8,"elevation_loss":11},{"version":1,"timestamp":"2022-06-16 16:19:36 +0000","elevation":1236,"source_type":11,"duration":390672,"distance":1331,"elevation_gain":8,"elevation_loss":11},{"version":1,"timestamp":"2022-06-16 16:19:37 +0000","elevation":1236,"source_type":11,"duration":391425,"distance":1334,"elevation_gain":8,"elevation_loss":11},{"version":1,"timestamp":"2022-06-16 16:19:38 +0000","elevation":1236,"source_type":11,"duration":392178,"distance":1337,"elevation_gain":8,"elevation_loss":11},{"version":1,"timestamp":"2022-06-16 16:19:38 +0000","elevation":1236,"source_type":11,"duration":392932,"distance":1339,"elevation_gain":8,"elevation_loss":11},{"version":1,"timestamp":"2022-06-16 16:19:39 +0000","elevation":1236,"source_type":11,"duration":393681,"distance":1342,"elevation_gain":8,"elevation_loss":11},{"version":1,"timestamp":"2022-06-16 16:19:40 +0000","elevation":1236,"source_type":11,"duration":394431,"distance":1345,"elevation_gain":8,"elevation_loss":11},{"version":1,"timestamp":"2022-06-16 16:19:41 +0000","elevation":1236,"source_type":11,"duration":395181,"distance":1348,"elevation_gain":8,"elevation_loss":12},{"version":1,"timestamp":"2022-06-16 16:19:41 +0000","elevation":1236,"source_type":11,"duration":395931,"distance":1351,"elevation_gain":8,"elevation_loss":12},{"version":1,"timestamp":"2022-06-16 16:19:48 +0000","elevation":1235,"source_type":11,"duration":402936,"distance":1377,"elevation_gain":8,"elevation_loss":12},{"version":1,"timestamp":"2022-06-16 16:19:55 +0000","elevation":1235,"source_type":11,"duration":409996,"distance":1401,"elevation_gain":8,"elevation_loss":12},{"version":1,"timestamp":"2022-06-16 16:20:03 +0000","elevation":1235,"source_type":11,"duration":417938,"distance":1426,"elevation_gain":8,"elevation_loss":12},{"version":1,"timestamp":"2022-06-16 16:20:10 +0000","elevation":1234,"source_type":11,"duration":424937,"distance":1454,"elevation_gain":8,"elevation_loss":13},{"version":1,"timestamp":"2022-06-16 16:20:17 +0000","elevation":1233,"source_type":11,"duration":431941,"distance":1477,"elevation_gain":8,"elevation_loss":15},{"version":1,"timestamp":"2022-06-16 16:20:23 +0000","elevation":1231,"source_type":11,"duration":437947,"distance":1504,"elevation_gain":8,"elevation_loss":16},{"version":1,"timestamp":"2022-06-16 16:20:29 +0000","elevation":1229,"source_type":11,"duration":443936,"distance":1533,"elevation_gain":8,"elevation_loss":18},{"version":1,"timestamp":"2022-06-16 16:20:34 +0000","elevation":1227,"source_type":11,"duration":448940,"distance":1558,"elevation_gain":8,"elevation_loss":20},{"version":1,"timestamp":"2022-06-16 16:20:41 +0000","elevation":1225,"source_type":11,"duration":455934,"distance":1585,"elevation_gain":8,"elevation_loss":22},{"version":1,"timestamp":"2022-06-16 16:20:50 +0000","elevation":1223,"source_type":11,"duration":464934,"distance":1610,"elevation_gain":8,"elevation_loss":24},{"version":1,"timestamp":"2022-06-16 16:20:57 +0000","elevation":1222,"source_type":11,"duration":471930,"distance":1633,"elevation_gain":8,"elevation_loss":25},{"version":1,"timestamp":"2022-06-16 16:21:04 +0000","elevation":1222,"source_type":11,"duration":478937,"distance":1658,"elevation_gain":8,"elevation_loss":25},{"version":1,"timestamp":"2022-06-16 16:21:06 +0000","elevation":1222,"source_type":11,"duration":480688,"distance":1663,"elevation_gain":8,"elevation_loss":25},{"version":1,"timestamp":"2022-06-16 16:21:08 +0000","elevation":1222,"source_type":11,"duration":482439,"distance":1668,"elevation_gain":8,"elevation_loss":25},{"version":1,"timestamp":"2022-06-16 16:21:10 +0000","elevation":1222,"source_type":11,"duration":484190,"distance":1674,"elevation_gain":8,"elevation_loss":25},{"version":1,"timestamp":"2022-06-16 16:21:11 +0000","elevation":1222,"source_type":11,"duration":485942,"distance":1681,"elevation_gain":8,"elevation_loss":25},{"version":1,"timestamp":"2022-06-16 16:21:13 +0000","elevation":1222,"source_type":11,"duration":487691,"distance":1687,"elevation_gain":8,"elevation_loss":25},{"version":1,"timestamp":"2022-06-16 16:21:15 +0000","elevation":1222,"source_type":11,"duration":489441,"distance":1693,"elevation_gain":8,"elevation_loss":25},{"version":1,"timestamp":"2022-06-16 16:21:17 +0000","elevation":1222,"source_type":11,"duration":491190,"distance":1698,"elevation_gain":8,"elevation_loss":25},{"version":1,"timestamp":"2022-06-16 16:21:18 +0000","elevation":1222,"source_type":11,"duration":492940,"distance":1704,"elevation_gain":8,"elevation_loss":25},{"version":1,"timestamp":"2022-06-16 16:21:20 +0000","elevation":1223,"source_type":11,"duration":494937,"distance":1710,"elevation_gain":8,"elevation_loss":25},{"version":1,"timestamp":"2022-06-16 16:21:22 +0000","elevation":1223,"source_type":11,"duration":496934,"distance":1716,"elevation_gain":8,"elevation_loss":25},{"version":1,"timestamp":"2022-06-16 16:21:24 +0000","elevation":1223,"source_type":11,"duration":498931,"distance":1723,"elevation_gain":8,"elevation_loss":25},{"version":1,"timestamp":"2022-06-16 16:21:26 +0000","elevation":1223,"source_type":11,"duration":500929,"distance":1729,"elevation_gain":8,"elevation_loss":25},{"version":1,"timestamp":"2022-06-16 16:21:29 +0000","elevation":1224,"source_type":11,"duration":503429,"distance":1735,"elevation_gain":8,"elevation_loss":25},{"version":1,"timestamp":"2022-06-16 16:21:31 +0000","elevation":1224,"source_type":11,"duration":505930,"distance":1741,"elevation_gain":8,"elevation_loss":25},{"version":1,"timestamp":"2022-06-16 16:21:34 +0000","elevation":1224,"source_type":11,"duration":508431,"distance":1746,"elevation_gain":8,"elevation_loss":25},{"version":1,"timestamp":"2022-06-16 16:21:36 +0000","elevation":1224,"source_type":11,"duration":510932,"distance":1752,"elevation_gain":8,"elevation_loss":25},{"version":1,"timestamp":"2022-06-16 16:21:38 +0000","elevation":1225,"source_type":11,"duration":512929,"distance":1759,"elevation_gain":8,"elevation_loss":25},{"version":1,"timestamp":"2022-06-16 16:21:40 +0000","elevation":1225,"source_type":11,"duration":514926,"distance":1766,"elevation_gain":8,"elevation_loss":25},{"version":1,"timestamp":"2022-06-16 16:21:42 +0000","elevation":1225,"source_type":11,"duration":516923,"distance":1773,"elevation_gain":8,"elevation_loss":25},{"version":1,"timestamp":"2022-06-16 16:21:44 +0000","elevation":1226,"source_type":11,"duration":518920,"distance":1780,"elevation_gain":8,"elevation_loss":25},{"version":1,"timestamp":"2022-06-16 16:21:46 +0000","elevation":1226,"source_type":11,"duration":520924,"distance":1786,"elevation_gain":8,"elevation_loss":25},{"version":1,"timestamp":"2022-06-16 16:21:48 +0000","elevation":1226,"source_type":11,"duration":522928,"distance":1792,"elevation_gain":8,"elevation_loss":25},{"version":1,"timestamp":"2022-06-16 16:21:50 +0000","elevation":1226,"source_type":11,"duration":524932,"distance":1798,"elevation_gain":8,"elevation_loss":25},{"version":1,"timestamp":"2022-06-16 16:21:52 +0000","elevation":1226,"source_type":11,"duration":526937,"distance":1803,"elevation_gain":8,"elevation_loss":25},{"version":1,"timestamp":"2022-06-16 16:22:01 +0000","elevation":1227,"source_type":11,"duration":535929,"distance":1826,"elevation_gain":8,"elevation_loss":25},{"version":1,"timestamp":"2022-06-16 16:22:09 +0000","elevation":1227,"source_type":11,"duration":543937,"distance":1851,"elevation_gain":8,"elevation_loss":25},{"version":1,"timestamp":"2022-06-16 16:22:16 +0000","elevation":1227,"source_type":11,"duration":550931,"distance":1874,"elevation_gain":13,"elevation_loss":25},{"version":1,"timestamp":"2022-06-16 16:22:23 +0000","elevation":1227,"source_type":11,"duration":557929,"distance":1899,"elevation_gain":13,"elevation_loss":25},{"version":1,"timestamp":"2022-06-16 16:22:25 +0000","elevation":1227,"source_type":11,"duration":559994,"distance":1906,"elevation_gain":13,"elevation_loss":25},{"version":1,"timestamp":"2022-06-16 16:22:28 +0000","elevation":1227,"source_type":11,"duration":562923,"distance":1918,"elevation_gain":13,"elevation_loss":25},{"version":1,"timestamp":"2022-06-16 16:22:30 +0000","elevation":1227,"source_type":11,"duration":564932,"distance":1924,"elevation_gain":13,"elevation_loss":25},{"version":1,"timestamp":"2022-06-16 16:22:37 +0000","elevation":1227,"source_type":11,"duration":571936,"distance":1950,"elevation_gain":13,"elevation_loss":25},{"version":1,"timestamp":"2022-06-16 16:22:44 +0000","elevation":1227,"source_type":11,"duration":578931,"distance":1973,"elevation_gain":13,"elevation_loss":25},{"version":1,"timestamp":"2022-06-16 16:22:48 +0000","elevation":1227,"source_type":11,"duration":582932,"distance":1984,"elevation_gain":13,"elevation_loss":25},{"version":1,"timestamp":"2022-06-16 16:22:49 +0000","elevation":1227,"source_type":11,"duration":583937,"distance":1987,"elevation_gain":13,"elevation_loss":25},{"version":1,"timestamp":"2022-06-16 16:22:51 +0000","elevation":1227,"source_type":11,"duration":585937,"distance":1993,"elevation_gain":13,"elevation_loss":25},{"version":1,"timestamp":"2022-06-16 16:22:53 +0000","elevation":1227,"source_type":11,"duration":587928,"distance":1998,"elevation_gain":13,"elevation_loss":25},{"version":1,"timestamp":"2022-06-16 16:23:01 +0000","elevation":1228,"source_type":11,"duration":595929,"distance":2023,"elevation_gain":13,"elevation_loss":25},{"version":1,"timestamp":"2022-06-16 16:23:08 +0000","elevation":1228,"source_type":11,"duration":602946,"distance":2046,"elevation_gain":14,"elevation_loss":25},{"version":1,"timestamp":"2022-06-16 16:23:16 +0000","elevation":1229,"source_type":11,"duration":610942,"distance":2070,"elevation_gain":14,"elevation_loss":25},{"version":1,"timestamp":"2022-06-16 16:23:24 +0000","elevation":1229,"source_type":11,"duration":618944,"distance":2095,"elevation_gain":14,"elevation_loss":25},{"version":1,"timestamp":"2022-06-16 16:23:31 +0000","elevation":1229,"source_type":11,"duration":625937,"distance":2119,"elevation_gain":14,"elevation_loss":25},{"version":1,"timestamp":"2022-06-16 16:23:38 +0000","elevation":1229,"source_type":11,"duration":632936,"distance":2143,"elevation_gain":14,"elevation_loss":25},{"version":1,"timestamp":"2022-06-16 16:23:46 +0000","elevation":1229,"source_type":11,"duration":640930,"distance":2167,"elevation_gain":14,"elevation_loss":25},{"version":1,"timestamp":"2022-06-16 16:23:53 +0000","elevation":1228,"source_type":11,"duration":647930,"distance":2190,"elevation_gain":14,"elevation_loss":25},{"version":1,"timestamp":"2022-06-16 16:24:01 +0000","elevation":1227,"source_type":11,"duration":655943,"distance":2214,"elevation_gain":14,"elevation_loss":25},{"version":1,"timestamp":"2022-06-16 16:24:08 +0000","elevation":1226,"source_type":11,"duration":662935,"distance":2238,"elevation_gain":14,"elevation_loss":25},{"version":1,"timestamp":"2022-06-16 16:24:16 +0000","elevation":1226,"source_type":11,"duration":670937,"distance":2264,"elevation_gain":14,"elevation_loss":25},{"version":1,"timestamp":"2022-06-16 16:24:21 +0000","elevation":1226,"source_type":11,"duration":675937,"distance":2279,"elevation_gain":14,"elevation_loss":25},{"version":1,"timestamp":"2022-06-16 16:24:24 +0000","elevation":1226,"source_type":11,"duration":678937,"distance":2289,"elevation_gain":14,"elevation_loss":25},{"version":1,"timestamp":"2022-06-16 16:24:32 +0000","elevation":1226,"source_type":11,"duration":686935,"distance":2314,"elevation_gain":14,"elevation_loss":25},{"version":1,"timestamp":"2022-06-16 16:24:40 +0000","elevation":1226,"source_type":11,"duration":694936,"distance":2338,"elevation_gain":14,"elevation_loss":25},{"version":1,"timestamp":"2022-06-16 16:24:43 +0000","elevation":1226,"source_type":11,"duration":697183,"distance":2343,"elevation_gain":14,"elevation_loss":25},{"version":1,"timestamp":"2022-06-16 16:24:45 +0000","elevation":1226,"source_type":11,"duration":699430,"distance":2349,"elevation_gain":14,"elevation_loss":25},{"version":1,"timestamp":"2022-06-16 16:24:47 +0000","elevation":1227,"source_type":11,"duration":701677,"distance":2354,"elevation_gain":14,"elevation_loss":25},{"version":1,"timestamp":"2022-06-16 16:24:49 +0000","elevation":1227,"source_type":11,"duration":703925,"distance":2360,"elevation_gain":14,"elevation_loss":25},{"version":1,"timestamp":"2022-06-16 16:24:51 +0000","elevation":1227,"source_type":11,"duration":705924,"distance":2366,"elevation_gain":14,"elevation_loss":25},{"version":1,"timestamp":"2022-06-16 16:24:53 +0000","elevation":1227,"source_type":11,"duration":707923,"distance":2372,"elevation_gain":14,"elevation_loss":25},{"version":1,"timestamp":"2022-06-16 16:24:55 +0000","elevation":1227,"source_type":11,"duration":709922,"distance":2378,"elevation_gain":14,"elevation_loss":25},{"version":1,"timestamp":"2022-06-16 16:24:57 +0000","elevation":1228,"source_type":11,"duration":711922,"distance":2384,"elevation_gain":14,"elevation_loss":25},{"version":1,"timestamp":"2022-06-16 16:25:00 +0000","elevation":1228,"source_type":11,"duration":714172,"distance":2390,"elevation_gain":14,"elevation_loss":25},{"version":1,"timestamp":"2022-06-16 16:25:02 +0000","elevation":1229,"source_type":11,"duration":716422,"distance":2396,"elevation_gain":14,"elevation_loss":25},{"version":1,"timestamp":"2022-06-16 16:25:04 +0000","elevation":1229,"source_type":11,"duration":718672,"distance":2402,"elevation_gain":14,"elevation_loss":25},{"version":1,"timestamp":"2022-06-16 16:25:06 +0000","elevation":1229,"source_type":11,"duration":720922,"distance":2408,"elevation_gain":15,"elevation_loss":25},{"version":1,"timestamp":"2022-06-16 16:25:09 +0000","elevation":1230,"source_type":11,"duration":723173,"distance":2414,"elevation_gain":15,"elevation_loss":25},{"version":1,"timestamp":"2022-06-16 16:25:11 +0000","elevation":1230,"source_type":11,"duration":725424,"distance":2420,"elevation_gain":16,"elevation_loss":25},{"version":1,"timestamp":"2022-06-16 16:25:13 +0000","elevation":1230,"source_type":11,"duration":727675,"distance":2427,"elevation_gain":16,"elevation_loss":25},{"version":1,"timestamp":"2022-06-16 16:25:15 +0000","elevation":1231,"source_type":11,"duration":729927,"distance":2433,"elevation_gain":16,"elevation_loss":25},{"version":1,"timestamp":"2022-06-16 16:25:17 +0000","elevation":1231,"source_type":11,"duration":731925,"distance":2439,"elevation_gain":17,"elevation_loss":25},{"version":1,"timestamp":"2022-06-16 16:25:19 +0000","elevation":1231,"source_type":11,"duration":733924,"distance":2445,"elevation_gain":17,"elevation_loss":25},{"version":1,"timestamp":"2022-06-16 16:25:21 +0000","elevation":1232,"source_type":11,"duration":735922,"distance":2451,"elevation_gain":17,"elevation_loss":25},{"version":1,"timestamp":"2022-06-16 16:25:23 +0000","elevation":1232,"source_type":11,"duration":737921,"distance":2456,"elevation_gain":18,"elevation_loss":25},{"version":1,"timestamp":"2022-06-16 16:25:26 +0000","elevation":1232,"source_type":11,"duration":740420,"distance":2462,"elevation_gain":18,"elevation_loss":25},{"version":1,"timestamp":"2022-06-16 16:25:28 +0000","elevation":1232,"source_type":11,"duration":742920,"distance":2468,"elevation_gain":18,"elevation_loss":25},{"version":1,"timestamp":"2022-06-16 16:25:31 +0000","elevation":1232,"source_type":11,"duration":745420,"distance":2475,"elevation_gain":18,"elevation_loss":25},{"version":1,"timestamp":"2022-06-16 16:25:33 +0000","elevation":1232,"source_type":11,"duration":747920,"distance":2481,"elevation_gain":18,"elevation_loss":25},{"version":1,"timestamp":"2022-06-16 16:25:37 +0000","elevation":1232,"source_type":11,"duration":751920,"distance":2493,"elevation_gain":18,"elevation_loss":25},{"version":1,"timestamp":"2022-06-16 16:25:41 +0000","elevation":1231,"source_type":11,"duration":755921,"distance":2505,"elevation_gain":18,"elevation_loss":25},{"version":1,"timestamp":"2022-06-16 16:25:43 +0000","elevation":1231,"source_type":11,"duration":757921,"distance":2511,"elevation_gain":18,"elevation_loss":25},{"version":1,"timestamp":"2022-06-16 16:25:45 +0000","elevation":1231,"source_type":11,"duration":759922,"distance":2517,"elevation_gain":18,"elevation_loss":25},{"version":1,"timestamp":"2022-06-16 16:25:47 +0000","elevation":1231,"source_type":11,"duration":761922,"distance":2523,"elevation_gain":18,"elevation_loss":25},{"version":1,"timestamp":"2022-06-16 16:25:49 +0000","elevation":1231,"source_type":11,"duration":763923,"distance":2528,"elevation_gain":18,"elevation_loss":25},{"version":1,"timestamp":"2022-06-16 16:25:51 +0000","elevation":1231,"source_type":11,"duration":765921,"distance":2534,"elevation_gain":18,"elevation_loss":25},{"version":1,"timestamp":"2022-06-16 16:25:53 +0000","elevation":1230,"source_type":11,"duration":767919,"distance":2541,"elevation_gain":18,"elevation_loss":25},{"version":1,"timestamp":"2022-06-16 16:25:55 +0000","elevation":1230,"source_type":11,"duration":769917,"distance":2547,"elevation_gain":18,"elevation_loss":25},{"version":1,"timestamp":"2022-06-16 16:25:57 +0000","elevation":1230,"source_type":11,"duration":771916,"distance":2554,"elevation_gain":18,"elevation_loss":25},{"version":1,"timestamp":"2022-06-16 16:25:59 +0000","elevation":1230,"source_type":11,"duration":773916,"distance":2560,"elevation_gain":18,"elevation_loss":25},{"version":1,"timestamp":"2022-06-16 16:26:01 +0000","elevation":1230,"source_type":11,"duration":775917,"distance":2566,"elevation_gain":18,"elevation_loss":25},{"version":1,"timestamp":"2022-06-16 16:26:03 +0000","elevation":1230,"source_type":11,"duration":777918,"distance":2573,"elevation_gain":18,"elevation_loss":25},{"version":1,"timestamp":"2022-06-16 16:26:05 +0000","elevation":1229,"source_type":11,"duration":779919,"distance":2579,"elevation_gain":18,"elevation_loss":25},{"version":1,"timestamp":"2022-06-16 16:26:07 +0000","elevation":1229,"source_type":11,"duration":781670,"distance":2586,"elevation_gain":18,"elevation_loss":25},{"version":1,"timestamp":"2022-06-16 16:26:09 +0000","elevation":1229,"source_type":11,"duration":783422,"distance":2592,"elevation_gain":18,"elevation_loss":25},{"version":1,"timestamp":"2022-06-16 16:26:11 +0000","elevation":1229,"source_type":11,"duration":785173,"distance":2598,"elevation_gain":18,"elevation_loss":25},{"version":1,"timestamp":"2022-06-16 16:26:12 +0000","elevation":1229,"source_type":11,"duration":786925,"distance":2605,"elevation_gain":18,"elevation_loss":25},{"version":1,"timestamp":"2022-06-16 16:26:14 +0000","elevation":1229,"source_type":11,"duration":788675,"distance":2611,"elevation_gain":18,"elevation_loss":25},{"version":1,"timestamp":"2022-06-16 16:26:16 +0000","elevation":1228,"source_type":11,"duration":790426,"distance":2617,"elevation_gain":18,"elevation_loss":25},{"version":1,"timestamp":"2022-06-16 16:26:18 +0000","elevation":1228,"source_type":11,"duration":792177,"distance":2623,"elevation_gain":18,"elevation_loss":25},{"version":1,"timestamp":"2022-06-16 16:26:19 +0000","elevation":1228,"source_type":11,"duration":793928,"distance":2629,"elevation_gain":18,"elevation_loss":25},{"version":1,"timestamp":"2022-06-16 16:26:27 +0000","elevation":1227,"source_type":11,"duration":801920,"distance":2653,"elevation_gain":18,"elevation_loss":30},{"version":1,"timestamp":"2022-06-16 16:26:35 +0000","elevation":1226,"source_type":11,"duration":809927,"distance":2678,"elevation_gain":18,"elevation_loss":31},{"version":1,"timestamp":"2022-06-16 16:26:42 +0000","elevation":1225,"source_type":11,"duration":816919,"distance":2701,"elevation_gain":18,"elevation_loss":32},{"version":1,"timestamp":"2022-06-16 16:26:50 +0000","elevation":1224,"source_type":11,"duration":824921,"distance":2725,"elevation_gain":18,"elevation_loss":33},{"version":1,"timestamp":"2022-06-16 16:26:58 +0000","elevation":1224,"source_type":11,"duration":832923,"distance":2748,"elevation_gain":18,"elevation_loss":33},{"version":1,"timestamp":"2022-06-16 16:27:06 +0000","elevation":1223,"source_type":11,"duration":840927,"distance":2771,"elevation_gain":18,"elevation_loss":34},{"version":1,"timestamp":"2022-06-16 16:27:14 +0000","elevation":1223,"source_type":11,"duration":848920,"distance":2795,"elevation_gain":18,"elevation_loss":34},{"version":1,"timestamp":"2022-06-16 16:27:22 +0000","elevation":1224,"source_type":11,"duration":856917,"distance":2819,"elevation_gain":18,"elevation_loss":34},{"version":1,"timestamp":"2022-06-16 16:27:31 +0000","elevation":1224,"source_type":11,"duration":865928,"distance":2843,"elevation_gain":18,"elevation_loss":34},{"version":1,"timestamp":"2022-06-16 16:27:39 +0000","elevation":1224,"source_type":11,"duration":873917,"distance":2866,"elevation_gain":18,"elevation_loss":34},{"version":1,"timestamp":"2022-06-16 16:27:49 +0000","elevation":1225,"source_type":11,"duration":883927,"distance":2890,"elevation_gain":18,"elevation_loss":34},{"version":1,"timestamp":"2022-06-16 16:27:57 +0000","elevation":1225,"source_type":11,"duration":891921,"distance":2915,"elevation_gain":18,"elevation_loss":34},{"version":1,"timestamp":"2022-06-16 16:28:05 +0000","elevation":1225,"source_type":11,"duration":899949,"distance":2940,"elevation_gain":18,"elevation_loss":34},{"version":1,"timestamp":"2022-06-16 16:28:13 +0000","elevation":1225,"source_type":11,"duration":907949,"distance":2964,"elevation_gain":18,"elevation_loss":34},{"version":1,"timestamp":"2022-06-16 16:28:21 +0000","elevation":1225,"source_type":11,"duration":915943,"distance":2988,"elevation_gain":18,"elevation_loss":34},{"version":1,"timestamp":"2022-06-16 16:28:30 +0000","elevation":1226,"source_type":11,"duration":924943,"distance":3011,"elevation_gain":18,"elevation_loss":34},{"version":1,"timestamp":"2022-06-16 16:28:38 +0000","elevation":1227,"source_type":11,"duration":932935,"distance":3035,"elevation_gain":18,"elevation_loss":34},{"version":1,"timestamp":"2022-06-16 16:28:47 +0000","elevation":1228,"source_type":11,"duration":941940,"distance":3059,"elevation_gain":18,"elevation_loss":34},{"version":1,"timestamp":"2022-06-16 16:28:55 +0000","elevation":1229,"source_type":11,"duration":949929,"distance":3083,"elevation_gain":23,"elevation_loss":34},{"version":1,"timestamp":"2022-06-16 16:29:04 +0000","elevation":1230,"source_type":11,"duration":958943,"distance":3105,"elevation_gain":24,"elevation_loss":34},{"version":1,"timestamp":"2022-06-16 16:29:12 +0000","elevation":1230,"source_type":11,"duration":966950,"distance":3129,"elevation_gain":24,"elevation_loss":34},{"version":1,"timestamp":"2022-06-16 16:29:20 +0000","elevation":1230,"source_type":11,"duration":974958,"distance":3152,"elevation_gain":25,"elevation_loss":34},{"version":1,"timestamp":"2022-06-16 16:29:29 +0000","elevation":1231,"source_type":11,"duration":983945,"distance":3175,"elevation_gain":25,"elevation_loss":34},{"version":1,"timestamp":"2022-06-16 16:29:38 +0000","elevation":1231,"source_type":11,"duration":992947,"distance":3199,"elevation_gain":26,"elevation_loss":34},{"version":1,"timestamp":"2022-06-16 16:29:46 +0000","elevation":1232,"source_type":11,"duration":1000937,"distance":3222,"elevation_gain":26,"elevation_loss":34},{"version":1,"timestamp":"2022-06-16 16:29:54 +0000","elevation":1233,"source_type":11,"duration":1008959,"distance":3245,"elevation_gain":27,"elevation_loss":34},{"version":1,"timestamp":"2022-06-16 16:30:03 +0000","elevation":1233,"source_type":11,"duration":1017941,"distance":3269,"elevation_gain":28,"elevation_loss":34},{"version":1,"timestamp":"2022-06-16 16:30:12 +0000","elevation":1234,"source_type":11,"duration":1026954,"distance":3293,"elevation_gain":28,"elevation_loss":34},{"version":1,"timestamp":"2022-06-16 16:30:17 +0000","elevation":1235,"source_type":11,"duration":1031940,"distance":3308,"elevation_gain":29,"elevation_loss":34},{"version":1,"timestamp":"2022-06-16 16:30:20 +0000","elevation":1235,"source_type":11,"duration":1034936,"distance":3316,"elevation_gain":29,"elevation_loss":34},{"version":1,"timestamp":"2022-06-16 16:30:30 +0000","elevation":1236,"source_type":11,"duration":1044921,"distance":3341,"elevation_gain":30,"elevation_loss":34},{"version":1,"timestamp":"2022-06-16 16:30:38 +0000","elevation":1237,"source_type":11,"duration":1052950,"distance":3363,"elevation_gain":31,"elevation_loss":34},{"version":1,"timestamp":"2022-06-16 16:30:47 +0000","elevation":1237,"source_type":11,"duration":1061953,"distance":3388,"elevation_gain":31,"elevation_loss":34},{"version":1,"timestamp":"2022-06-16 16:30:55 +0000","elevation":1237,"source_type":11,"duration":1069951,"distance":3411,"elevation_gain":32,"elevation_loss":34},{"version":1,"timestamp":"2022-06-16 16:31:04 +0000","elevation":1238,"source_type":11,"duration":1078940,"distance":3437,"elevation_gain":32,"elevation_loss":34},{"version":1,"timestamp":"2022-06-16 16:31:12 +0000","elevation":1238,"source_type":11,"duration":1086952,"distance":3459,"elevation_gain":32,"elevation_loss":34},{"version":1,"timestamp":"2022-06-16 16:31:21 +0000","elevation":1238,"source_type":11,"duration":1095943,"distance":3483,"elevation_gain":32,"elevation_loss":34},{"version":1,"timestamp":"2022-06-16 16:31:25 +0000","elevation":1237,"source_type":11,"duration":1099949,"distance":3493,"elevation_gain":32,"elevation_loss":34},{"version":1,"timestamp":"2022-06-16 16:31:27 +0000","elevation":1238,"source_type":11,"duration":1101694,"distance":3496,"elevation_gain":32,"elevation_loss":34},{"version":1,"timestamp":"2022-06-16 16:31:29 +0000","elevation":1238,"source_type":11,"duration":1103439,"distance":3500,"elevation_gain":32,"elevation_loss":34},{"version":1,"timestamp":"2022-06-16 16:31:31 +0000","elevation":1238,"source_type":11,"duration":1105184,"distance":3504,"elevation_gain":32,"elevation_loss":34},{"version":1,"timestamp":"2022-06-16 16:31:32 +0000","elevation":1238,"source_type":11,"duration":1106930,"distance":3508,"elevation_gain":32,"elevation_loss":34},{"version":1,"timestamp":"2022-06-16 16:31:34 +0000","elevation":1238,"source_type":11,"duration":1108933,"distance":3512,"elevation_gain":32,"elevation_loss":34},{"version":1,"timestamp":"2022-06-16 16:31:36 +0000","elevation":1238,"source_type":11,"duration":1110937,"distance":3515,"elevation_gain":32,"elevation_loss":34},{"version":1,"timestamp":"2022-06-16 16:31:38 +0000","elevation":1238,"source_type":11,"duration":1112690,"distance":3519,"elevation_gain":33,"elevation_loss":34},{"version":1,"timestamp":"2022-06-16 16:31:40 +0000","elevation":1238,"source_type":11,"duration":1114444,"distance":3523,"elevation_gain":33,"elevation_loss":34},{"version":1,"timestamp":"2022-06-16 16:31:42 +0000","elevation":1239,"source_type":11,"duration":1116197,"distance":3528,"elevation_gain":33,"elevation_loss":34},{"version":1,"timestamp":"2022-06-16 16:31:43 +0000","elevation":1239,"source_type":11,"duration":1117951,"distance":3533,"elevation_gain":33,"elevation_loss":34},{"version":1,"timestamp":"2022-06-16 16:31:45 +0000","elevation":1239,"source_type":11,"duration":1119947,"distance":3538,"elevation_gain":33,"elevation_loss":34},{"version":1,"timestamp":"2022-06-16 16:31:47 +0000","elevation":1239,"source_type":11,"duration":1121943,"distance":3544,"elevation_gain":33,"elevation_loss":34},{"version":1,"timestamp":"2022-06-16 16:31:49 +0000","elevation":1239,"source_type":11,"duration":1123939,"distance":3550,"elevation_gain":33,"elevation_loss":34},{"version":1,"timestamp":"2022-06-16 16:31:51 +0000","elevation":1239,"source_type":11,"duration":1125935,"distance":3557,"elevation_gain":34,"elevation_loss":34},{"version":1,"timestamp":"2022-06-16 16:31:53 +0000","elevation":1240,"source_type":11,"duration":1127934,"distance":3563,"elevation_gain":34,"elevation_loss":34},{"version":1,"timestamp":"2022-06-16 16:31:55 +0000","elevation":1240,"source_type":11,"duration":1129934,"distance":3569,"elevation_gain":34,"elevation_loss":34},{"version":1,"timestamp":"2022-06-16 16:31:57 +0000","elevation":1240,"source_type":11,"duration":1131934,"distance":3574,"elevation_gain":34,"elevation_loss":34},{"version":1,"timestamp":"2022-06-16 16:31:59 +0000","elevation":1240,"source_type":11,"duration":1133934,"distance":3580,"elevation_gain":34,"elevation_loss":34},{"version":1,"timestamp":"2022-06-16 16:32:01 +0000","elevation":1240,"source_type":11,"duration":1135934,"distance":3586,"elevation_gain":34,"elevation_loss":34},{"version":1,"timestamp":"2022-06-16 16:32:03 +0000","elevation":1240,"source_type":11,"duration":1137934,"distance":3592,"elevation_gain":34,"elevation_loss":34},{"version":1,"timestamp":"2022-06-16 16:32:05 +0000","elevation":1240,"source_type":11,"duration":1139934,"distance":3599,"elevation_gain":34,"elevation_loss":34},{"version":1,"timestamp":"2022-06-16 16:32:07 +0000","elevation":1240,"source_type":11,"duration":1141934,"distance":3605,"elevation_gain":34,"elevation_loss":34},{"version":1,"timestamp":"2022-06-16 16:32:09 +0000","elevation":1240,"source_type":11,"duration":1143933,"distance":3611,"elevation_gain":34,"elevation_loss":34},{"version":1,"timestamp":"2022-06-16 16:32:11 +0000","elevation":1240,"source_type":11,"duration":1145932,"distance":3616,"elevation_gain":34,"elevation_loss":34},{"version":1,"timestamp":"2022-06-16 16:32:13 +0000","elevation":1240,"source_type":11,"duration":1147931,"distance":3622,"elevation_gain":34,"elevation_loss":34},{"version":1,"timestamp":"2022-06-16 16:32:15 +0000","elevation":1240,"source_type":11,"duration":1149931,"distance":3627,"elevation_gain":34,"elevation_loss":34},{"version":1,"timestamp":"2022-06-16 16:32:16 +0000","elevation":1240,"source_type":11,"duration":1150936,"distance":3631,"elevation_gain":34,"elevation_loss":34},{"version":1,"timestamp":"2022-06-16 16:32:17 +0000","elevation":1240,"source_type":11,"duration":1151942,"distance":3635,"elevation_gain":34,"elevation_loss":34},{"version":1,"timestamp":"2022-06-16 16:32:18 +0000","elevation":1240,"source_type":11,"duration":1152947,"distance":3638,"elevation_gain":34,"elevation_loss":34},{"version":1,"timestamp":"2022-06-16 16:32:19 +0000","elevation":1240,"source_type":11,"duration":1153953,"distance":3641,"elevation_gain":34,"elevation_loss":34},{"version":1,"timestamp":"2022-06-16 16:32:23 +0000","elevation":1240,"source_type":11,"duration":1157943,"distance":3653,"elevation_gain":34,"elevation_loss":34},{"version":1,"timestamp":"2022-06-16 16:32:32 +0000","elevation":1240,"source_type":11,"duration":1166940,"distance":3680,"elevation_gain":34,"elevation_loss":34},{"version":1,"timestamp":"2022-06-16 16:32:40 +0000","elevation":1239,"source_type":11,"duration":1174935,"distance":3706,"elevation_gain":34,"elevation_loss":34},{"version":1,"timestamp":"2022-06-16 16:32:47 +0000","elevation":1239,"source_type":11,"duration":1181939,"distance":3730,"elevation_gain":34,"elevation_loss":34},{"version":1,"timestamp":"2022-06-16 16:32:55 +0000","elevation":1238,"source_type":11,"duration":1189941,"distance":3755,"elevation_gain":34,"elevation_loss":34},{"version":1,"timestamp":"2022-06-16 16:33:02 +0000","elevation":1237,"source_type":11,"duration":1196939,"distance":3778,"elevation_gain":34,"elevation_loss":34},{"version":1,"timestamp":"2022-06-16 16:33:09 +0000","elevation":1237,"source_type":11,"duration":1203939,"distance":3803,"elevation_gain":34,"elevation_loss":34},{"version":1,"timestamp":"2022-06-16 16:33:18 +0000","elevation":1237,"source_type":11,"duration":1212931,"distance":3826,"elevation_gain":34,"elevation_loss":34},{"version":1,"timestamp":"2022-06-16 16:33:26 +0000","elevation":1237,"source_type":11,"duration":1220918,"distance":3849,"elevation_gain":34,"elevation_loss":34},{"version":1,"timestamp":"2022-06-16 16:33:34 +0000","elevation":1238,"source_type":11,"duration":1228925,"distance":3872,"elevation_gain":34,"elevation_loss":34},{"version":1,"timestamp":"2022-06-16 16:33:45 +0000","elevation":1238,"source_type":11,"duration":1239932,"distance":3896,"elevation_gain":34,"elevation_loss":34},{"version":1,"timestamp":"2022-06-16 16:33:52 +0000","elevation":1237,"source_type":11,"duration":1246936,"distance":3920,"elevation_gain":34,"elevation_loss":34},{"version":1,"timestamp":"2022-06-16 16:33:59 +0000","elevation":1237,"source_type":11,"duration":1253932,"distance":3945,"elevation_gain":34,"elevation_loss":34},{"version":1,"timestamp":"2022-06-16 16:34:08 +0000","elevation":1237,"source_type":11,"duration":1262958,"distance":3970,"elevation_gain":34,"elevation_loss":34},{"version":1,"timestamp":"2022-06-16 16:34:15 +0000","elevation":1236,"source_type":11,"duration":1269926,"distance":3993,"elevation_gain":34,"elevation_loss":34},{"version":1,"timestamp":"2022-06-16 16:34:22 +0000","elevation":1236,"source_type":11,"duration":1276926,"distance":4018,"elevation_gain":34,"elevation_loss":34},{"version":1,"timestamp":"2022-06-16 16:34:30 +0000","elevation":1236,"source_type":11,"duration":1284934,"distance":4043,"elevation_gain":34,"elevation_loss":34},{"version":1,"timestamp":"2022-06-16 16:34:38 +0000","elevation":1235,"source_type":11,"duration":1292921,"distance":4065,"elevation_gain":34,"elevation_loss":34},{"version":1,"timestamp":"2022-06-16 16:34:46 +0000","elevation":1235,"source_type":11,"duration":1300926,"distance":4090,"elevation_gain":34,"elevation_loss":34},{"version":1,"timestamp":"2022-06-16 16:34:54 +0000","elevation":1234,"source_type":11,"duration":1308931,"distance":4115,"elevation_gain":34,"elevation_loss":39},{"version":1,"timestamp":"2022-06-16 16:35:02 +0000","elevation":1233,"source_type":11,"duration":1316943,"distance":4139,"elevation_gain":34,"elevation_loss":41},{"version":1,"timestamp":"2022-06-16 16:35:10 +0000","elevation":1232,"source_type":11,"duration":1324959,"distance":4165,"elevation_gain":34,"elevation_loss":42},{"version":1,"timestamp":"2022-06-16 16:35:18 +0000","elevation":1230,"source_type":11,"duration":1332938,"distance":4190,"elevation_gain":34,"elevation_loss":43},{"version":1,"timestamp":"2022-06-16 16:35:26 +0000","elevation":1230,"source_type":11,"duration":1340003,"distance":4213,"elevation_gain":34,"elevation_loss":44},{"version":1,"timestamp":"2022-06-16 16:35:32 +0000","elevation":1231,"source_type":11,"duration":1346921,"distance":4236,"elevation_gain":34,"elevation_loss":44},{"version":1,"timestamp":"2022-06-16 16:35:39 +0000","elevation":1232,"source_type":11,"duration":1353929,"distance":4261,"elevation_gain":34,"elevation_loss":44},{"version":1,"timestamp":"2022-06-16 16:35:47 +0000","elevation":1234,"source_type":11,"duration":1361931,"distance":4288,"elevation_gain":34,"elevation_loss":44},{"version":1,"timestamp":"2022-06-16 16:35:55 +0000","elevation":1235,"source_type":11,"duration":1369924,"distance":4314,"elevation_gain":40,"elevation_loss":44},{"version":1,"timestamp":"2022-06-16 16:36:03 +0000","elevation":1236,"source_type":11,"duration":1377936,"distance":4339,"elevation_gain":41,"elevation_loss":44},{"version":1,"timestamp":"2022-06-16 16:36:11 +0000","elevation":1237,"source_type":11,"duration":1385938,"distance":4362,"elevation_gain":41,"elevation_loss":44},{"version":1,"timestamp":"2022-06-16 16:36:19 +0000","elevation":1237,"source_type":11,"duration":1393932,"distance":4385,"elevation_gain":42,"elevation_loss":44},{"version":1,"timestamp":"2022-06-16 16:36:27 +0000","elevation":1238,"source_type":11,"duration":1401944,"distance":4408,"elevation_gain":43,"elevation_loss":44},{"version":1,"timestamp":"2022-06-16 16:36:29 +0000","elevation":1238,"source_type":11,"duration":1403923,"distance":4413,"elevation_gain":43,"elevation_loss":44},{"version":1,"timestamp":"2022-06-16 16:36:30 +0000","elevation":1238,"source_type":11,"duration":1404929,"distance":4416,"elevation_gain":43,"elevation_loss":44},{"version":1,"timestamp":"2022-06-16 16:36:31 +0000","elevation":1238,"source_type":11,"duration":1405936,"distance":4418,"elevation_gain":43,"elevation_loss":44},{"version":1,"timestamp":"2022-06-16 16:36:33 +0000","elevation":1238,"source_type":11,"duration":1407187,"distance":4421,"elevation_gain":43,"elevation_loss":44},{"version":1,"timestamp":"2022-06-16 16:36:34 +0000","elevation":1238,"source_type":11,"duration":1408439,"distance":4424,"elevation_gain":43,"elevation_loss":44},{"version":1,"timestamp":"2022-06-16 16:36:35 +0000","elevation":1239,"source_type":11,"duration":1409690,"distance":4427,"elevation_gain":43,"elevation_loss":44},{"version":1,"timestamp":"2022-06-16 16:36:36 +0000","elevation":1239,"source_type":11,"duration":1410942,"distance":4431,"elevation_gain":43,"elevation_loss":44},{"version":1,"timestamp":"2022-06-16 16:36:37 +0000","elevation":1239,"source_type":11,"duration":1411691,"distance":4434,"elevation_gain":43,"elevation_loss":44},{"version":1,"timestamp":"2022-06-16 16:36:38 +0000","elevation":1239,"source_type":11,"duration":1412441,"distance":4436,"elevation_gain":43,"elevation_loss":44},{"version":1,"timestamp":"2022-06-16 16:36:39 +0000","elevation":1239,"source_type":11,"duration":1413191,"distance":4438,"elevation_gain":43,"elevation_loss":44},{"version":1,"timestamp":"2022-06-16 16:36:39 +0000","elevation":1239,"source_type":11,"duration":1413941,"distance":4440,"elevation_gain":43,"elevation_loss":44},{"version":1,"timestamp":"2022-06-16 16:36:40 +0000","elevation":1239,"source_type":11,"duration":1414691,"distance":4442,"elevation_gain":43,"elevation_loss":44},{"version":1,"timestamp":"2022-06-16 16:36:41 +0000","elevation":1239,"source_type":11,"duration":1415441,"distance":4445,"elevation_gain":43,"elevation_loss":44},{"version":1,"timestamp":"2022-06-16 16:36:42 +0000","elevation":1239,"source_type":11,"duration":1416191,"distance":4447,"elevation_gain":44,"elevation_loss":44},{"version":1,"timestamp":"2022-06-16 16:36:42 +0000","elevation":1239,"source_type":11,"duration":1416942,"distance":4449,"elevation_gain":44,"elevation_loss":44},{"version":1,"timestamp":"2022-06-16 16:36:43 +0000","elevation":1239,"source_type":11,"duration":1417442,"distance":4451,"elevation_gain":44,"elevation_loss":44},{"version":1,"timestamp":"2022-06-16 16:36:43 +0000","elevation":1239,"source_type":11,"duration":1417942,"distance":4452,"elevation_gain":44,"elevation_loss":44},{"version":1,"timestamp":"2022-06-16 16:36:44 +0000","elevation":1239,"source_type":11,"duration":1418442,"distance":4454,"elevation_gain":44,"elevation_loss":44},{"version":1,"timestamp":"2022-06-16 16:36:44 +0000","elevation":1239,"source_type":11,"duration":1418942,"distance":4455,"elevation_gain":44,"elevation_loss":44},{"version":1,"timestamp":"2022-06-16 16:36:45 +0000","elevation":1239,"source_type":11,"duration":1419936,"distance":4457,"elevation_gain":44,"elevation_loss":44},{"version":1,"timestamp":"2022-06-16 16:36:46 +0000","elevation":1239,"source_type":11,"duration":1420931,"distance":4459,"elevation_gain":44,"elevation_loss":44},{"version":1,"timestamp":"2022-06-16 16:36:47 +0000","elevation":1239,"source_type":11,"duration":1421926,"distance":4462,"elevation_gain":44,"elevation_loss":44},{"version":1,"timestamp":"2022-06-16 16:36:48 +0000","elevation":1239,"source_type":11,"duration":1422921,"distance":4464,"elevation_gain":44,"elevation_loss":44},{"version":1,"timestamp":"2022-06-16 16:36:50 +0000","elevation":1239,"source_type":11,"duration":1424423,"distance":4467,"elevation_gain":44,"elevation_loss":44},{"version":1,"timestamp":"2022-06-16 16:36:51 +0000","elevation":1239,"source_type":11,"duration":1425926,"distance":4471,"elevation_gain":44,"elevation_loss":44},{"version":1,"timestamp":"2022-06-16 16:36:53 +0000","elevation":1239,"source_type":11,"duration":1427429,"distance":4476,"elevation_gain":44,"elevation_loss":44},{"version":1,"timestamp":"2022-06-16 16:36:54 +0000","elevation":1239,"source_type":11,"duration":1428932,"distance":4480,"elevation_gain":44,"elevation_loss":44},{"version":1,"timestamp":"2022-06-16 16:36:57 +0000","elevation":1239,"source_type":11,"duration":1431182,"distance":4486,"elevation_gain":44,"elevation_loss":44},{"version":1,"timestamp":"2022-06-16 16:36:59 +0000","elevation":1240,"source_type":11,"duration":1433432,"distance":4492,"elevation_gain":44,"elevation_loss":44},{"version":1,"timestamp":"2022-06-16 16:37:01 +0000","elevation":1240,"source_type":11,"duration":1435682,"distance":4499,"elevation_gain":44,"elevation_loss":44},{"version":1,"timestamp":"2022-06-16 16:37:03 +0000","elevation":1240,"source_type":11,"duration":1437932,"distance":4506,"elevation_gain":44,"elevation_loss":44},{"version":1,"timestamp":"2022-06-16 16:37:05 +0000","elevation":1240,"source_type":11,"duration":1439932,"distance":4511,"elevation_gain":44,"elevation_loss":44},{"version":1,"timestamp":"2022-06-16 16:37:07 +0000","elevation":1240,"source_type":11,"duration":1441932,"distance":4517,"elevation_gain":44,"elevation_loss":44},{"version":1,"timestamp":"2022-06-16 16:37:09 +0000","elevation":1240,"source_type":11,"duration":1443932,"distance":4523,"elevation_gain":44,"elevation_loss":44},{"version":1,"timestamp":"2022-06-16 16:37:11 +0000","elevation":1240,"source_type":11,"duration":1445932,"distance":4528,"elevation_gain":44,"elevation_loss":44},{"version":1,"timestamp":"2022-06-16 16:37:14 +0000","elevation":1240,"source_type":11,"duration":1448181,"distance":4535,"elevation_gain":44,"elevation_loss":44},{"version":1,"timestamp":"2022-06-16 16:37:16 +0000","elevation":1240,"source_type":11,"duration":1450430,"distance":4541,"elevation_gain":44,"elevation_loss":44},{"version":1,"timestamp":"2022-06-16 16:37:18 +0000","elevation":1240,"source_type":11,"duration":1452679,"distance":4548,"elevation_gain":44,"elevation_loss":44},{"version":1,"timestamp":"2022-06-16 16:37:20 +0000","elevation":1240,"source_type":11,"duration":1454928,"distance":4554,"elevation_gain":44,"elevation_loss":44},{"version":1,"timestamp":"2022-06-16 16:37:23 +0000","elevation":1240,"source_type":11,"duration":1457181,"distance":4561,"elevation_gain":44,"elevation_loss":44},{"version":1,"timestamp":"2022-06-16 16:37:25 +0000","elevation":1240,"source_type":11,"duration":1459435,"distance":4567,"elevation_gain":44,"elevation_loss":44},{"version":1,"timestamp":"2022-06-16 16:37:27 +0000","elevation":1240,"source_type":11,"duration":1461689,"distance":4573,"elevation_gain":44,"elevation_loss":44},{"version":1,"timestamp":"2022-06-16 16:37:29 +0000","elevation":1240,"source_type":11,"duration":1463943,"distance":4579,"elevation_gain":44,"elevation_loss":44},{"version":1,"timestamp":"2022-06-16 16:37:31 +0000","elevation":1240,"source_type":11,"duration":1465691,"distance":4585,"elevation_gain":44,"elevation_loss":44},{"version":1,"timestamp":"2022-06-16 16:37:33 +0000","elevation":1240,"source_type":11,"duration":1467440,"distance":4591,"elevation_gain":44,"elevation_loss":44},{"version":1,"timestamp":"2022-06-16 16:37:35 +0000","elevation":1240,"source_type":11,"duration":1469188,"distance":4597,"elevation_gain":44,"elevation_loss":44},{"version":1,"timestamp":"2022-06-16 16:37:36 +0000","elevation":1240,"source_type":11,"duration":1470937,"distance":4603,"elevation_gain":44,"elevation_loss":44},{"version":1,"timestamp":"2022-06-16 16:37:44 +0000","elevation":1240,"source_type":11,"duration":1478946,"distance":4626,"elevation_gain":44,"elevation_loss":44},{"version":1,"timestamp":"2022-06-16 16:37:53 +0000","elevation":1240,"source_type":11,"duration":1487942,"distance":4651,"elevation_gain":45,"elevation_loss":44},{"version":1,"timestamp":"2022-06-16 16:38:01 +0000","elevation":1240,"source_type":11,"duration":1495938,"distance":4676,"elevation_gain":45,"elevation_loss":44},{"version":1,"timestamp":"2022-06-16 16:38:09 +0000","elevation":1241,"source_type":11,"duration":1503944,"distance":4699,"elevation_gain":45,"elevation_loss":44},{"version":1,"timestamp":"2022-06-16 16:38:17 +0000","elevation":1240,"source_type":11,"duration":1511943,"distance":4722,"elevation_gain":45,"elevation_loss":44},{"version":1,"timestamp":"2022-06-16 16:38:27 +0000","elevation":1240,"source_type":11,"duration":1521944,"distance":4746,"elevation_gain":45,"elevation_loss":44},{"version":1,"timestamp":"2022-06-16 16:38:35 +0000","elevation":1239,"source_type":11,"duration":1529941,"distance":4769,"elevation_gain":45,"elevation_loss":44},{"version":1,"timestamp":"2022-06-16 16:38:42 +0000","elevation":1239,"source_type":11,"duration":1536939,"distance":4794,"elevation_gain":45,"elevation_loss":44},{"version":1,"timestamp":"2022-06-16 16:38:50 +0000","elevation":1238,"source_type":11,"duration":1544941,"distance":4817,"elevation_gain":45,"elevation_loss":44},{"version":1,"timestamp":"2022-06-16 16:38:58 +0000","elevation":1238,"source_type":11,"duration":1552943,"distance":4843,"elevation_gain":45,"elevation_loss":44},{"version":1,"timestamp":"2022-06-16 16:39:06 +0000","elevation":1237,"source_type":11,"duration":1560944,"distance":4867,"elevation_gain":45,"elevation_loss":44},{"version":1,"timestamp":"2022-06-16 16:39:14 +0000","elevation":1237,"source_type":11,"duration":1568945,"distance":4891,"elevation_gain":45,"elevation_loss":44},{"version":1,"timestamp":"2022-06-16 16:39:22 +0000","elevation":1237,"source_type":11,"duration":1576940,"distance":4918,"elevation_gain":45,"elevation_loss":44},{"version":1,"timestamp":"2022-06-16 16:39:30 +0000","elevation":1237,"source_type":11,"duration":1584943,"distance":4943,"elevation_gain":45,"elevation_loss":44},{"version":1,"timestamp":"2022-06-16 16:39:40 +0000","elevation":1237,"source_type":11,"duration":1594195,"distance":4967,"elevation_gain":45,"elevation_loss":44},{"version":1,"timestamp":"2022-06-16 16:39:42 +0000","elevation":1237,"source_type":11,"duration":1596638,"distance":4972,"elevation_gain":45,"elevation_loss":44},{"version":1,"timestamp":"2022-06-16 16:39:45 +0000","elevation":1237,"source_type":11,"duration":1599082,"distance":4977,"elevation_gain":45,"elevation_loss":44},{"version":1,"timestamp":"2022-06-16 16:39:47 +0000","elevation":1236,"source_type":11,"duration":1601525,"distance":4984,"elevation_gain":45,"elevation_loss":44},{"version":1,"timestamp":"2022-06-16 16:39:49 +0000","elevation":1236,"source_type":11,"duration":1603969,"distance":4990,"elevation_gain":45,"elevation_loss":44},{"version":1,"timestamp":"2022-06-16 16:39:53 +0000","elevation":1236,"source_type":11,"duration":1607955,"distance":5002,"elevation_gain":45,"elevation_loss":49},{"version":1,"timestamp":"2022-06-16 16:39:57 +0000","elevation":1235,"source_type":11,"duration":1611941,"distance":5015,"elevation_gain":45,"elevation_loss":50}]