[{"version":1,"timestamp":"2022-06-20 16:16:42 +0000","elevation":1239,"source_type":11,"duration":2819,"distance":0,"elevation_gain":0,"elevation_loss":0},{"version":1,"timestamp":"2022-06-20 16:16:49 +0000","elevation":1240,"source_type":11,"duration":9816,"distance":28,"elevation_gain":0,"elevation_loss":0},{"version":1,"timestamp":"2022-06-20 16:16:55 +0000","elevation":1240,"source_type":11,"duration":15818,"distance":55,"elevation_gain":0,"elevation_loss":0},{"version":1,"timestamp":"2022-06-20 16:17:01 +0000","elevation":1240,"source_type":11,"duration":21812,"distance":80,"elevation_gain":0,"elevation_loss":0},{"version":1,"timestamp":"2022-06-20 16:17:08 +0000","elevation":1240,"source_type":11,"duration":28805,"distance":105,"elevation_gain":0,"elevation_loss":0},{"version":1,"timestamp":"2022-06-20 16:17:15 +0000","elevation":1240,"source_type":11,"duration":35867,"distance":133,"elevation_gain":0,"elevation_loss":0},{"version":1,"timestamp":"2022-06-20 16:17:21 +0000","elevation":1240,"source_type":11,"duration":41811,"distance":159,"elevation_gain":0,"elevation_loss":0},{"version":1,"timestamp":"2022-06-20 16:17:27 +0000","elevation":1240,"source_type":11,"duration":47820,"distance":185,"elevation_gain":0,"elevation_loss":0},{"version":1,"timestamp":"2022-06-20 16:17:34 +0000","elevation":1241,"source_type":11,"duration":54823,"distance":211,"elevation_gain":0,"elevation_loss":0},{"version":1,"timestamp":"2022-06-20 16:17:40 +0000","elevation":1241,"source_type":11,"duration":60815,"distance":236,"elevation_gain":0,"elevation_loss":0},{"version":1,"timestamp":"2022-06-20 16:17:46 +0000","elevation":1241,"source_type":11,"duration":66813,"distance":262,"elevation_gain":0,"elevation_loss":0},{"version":1,"timestamp":"2022-06-20 16:17:52 +0000","elevation":1240,"source_type":11,"duration":72819,"distance":289,"elevation_gain":0,"elevation_loss":0},{"version":1,"timestamp":"2022-06-20 16:17:58 +0000","elevation":1240,"source_type":11,"duration":78817,"distance":314,"elevation_gain":0,"elevation_loss":0},{"version":1,"timestamp":"2022-06-20 16:18:05 +0000","elevation":1239,"source_type":11,"duration":85835,"distance":340,"elevation_gain":0,"elevation_loss":0},{"version":1,"timestamp":"2022-06-20 16:18:12 +0000","elevation":1238,"source_type":11,"duration":92824,"distance":366,"elevation_gain":0,"elevation_loss":0},{"version":1,"timestamp":"2022-06-20 16:18:19 +0000","elevation":1238,"source_type":11,"duration":99833,"distance":389,"elevation_gain":0,"elevation_loss":0},{"version":1,"timestamp":"2022-06-20 16:18:27 +0000","elevation":1238,"source_type":11,"duration":107815,"distance":413,"elevation_gain":0,"elevation_loss":0},{"version":1,"timestamp":"2022-06-20 16:18:34 +0000","elevation":1237,"source_type":11,"duration":114828,"distance":436,"elevation_gain":0,"elevation_loss":0},{"version":1,"timestamp":"2022-06-20 16:18:41 +0000","elevation":1237,"source_type":11,"duration":121816,"distance":463,"elevation_gain":0,"elevation_loss":0},{"version":1,"timestamp":"2022-06-20 16:18:48 +0000","elevation":1237,"source_type":11,"duration":128809,"distance":489,"elevation_gain":0,"elevation_loss":0},{"version":1,"timestamp":"2022-06-20 16:18:50 +0000","elevation":1238,"source_type":11,"duration":130814,"distance":496,"elevation_gain":0,"elevation_loss":0},{"version":1,"timestamp":"2022-06-20 16:18:52 +0000","elevation":1238,"source_type":11,"duration":132819,"distance":501,"elevation_gain":0,"elevation_loss":0},{"version":1,"timestamp":"2022-06-20 16:18:53 +0000","elevation":1238,"source_type":11,"duration":133816,"distance":504,"elevation_gain":0,"elevation_loss":0},{"version":1,"timestamp":"2022-06-20 16:18:54 +0000","elevation":1238,"source_type":11,"duration":134814,"distance":507,"elevation_gain":0,"elevation_loss":0},{"version":1,"timestamp":"2022-06-20 16:18:55 +0000","elevation":1238,"source_type":11,"duration":135812,"distance":511,"elevation_gain":0,"elevation_loss":0},{"version":1,"timestamp":"2022-06-20 16:18:56 +0000","elevation":1238,"source_type":11,"duration":136810,"distance":514,"elevation_gain":0,"elevation_loss":0},{"version":1,"timestamp":"2022-06-20 16:18:59 +0000","elevation":1238,"source_type":11,"duration":139062,"distance":520,"elevation_gain":0,"elevation_loss":0},{"version":1,"timestamp":"2022-06-20 16:19:01 +0000","elevation":1239,"source_type":11,"duration":141315,"distance":527,"elevation_gain":0,"elevation_loss":0},{"version":1,"timestamp":"2022-06-20 16:19:03 +0000","elevation":1239,"source_type":11,"duration":143567,"distance":534,"elevation_gain":0,"elevation_loss":0},{"version":1,"timestamp":"2022-06-20 16:19:05 +0000","elevation":1239,"source_type":11,"duration":145820,"distance":541,"elevation_gain":0,"elevation_loss":0},{"version":1,"timestamp":"2022-06-20 16:19:07 +0000","elevation":1239,"source_type":11,"duration":147818,"distance":548,"elevation_gain":0,"elevation_loss":0},{"version":1,"timestamp":"2022-06-20 16:19:09 +0000","elevation":1239,"source_type":11,"duration":149816,"distance":554,"elevation_gain":0,"elevation_loss":0},{"version":1,"timestamp":"2022-06-20 16:19:11 +0000","elevation":1239,"source_type":11,"duration":151814,"distance":559,"elevation_gain":0,"elevation_loss":0},{"version":1,"timestamp":"2022-06-20 16:19:13 +0000","elevation":1239,"source_type":11,"duration":153813,"distance":565,"elevation_gain":0,"elevation_loss":0},{"version":1,"timestamp":"2022-06-20 16:19:15 +0000","elevation":1239,"source_type":11,"duration":155818,"distance":571,"elevation_gain":0,"elevation_loss":0},{"version":1,"timestamp":"2022-06-20 16:19:17 +0000","elevation":1239,"source_type":11,"duration":157824,"distance":577,"elevation_gain":0,"elevation_loss":0},{"version":1,"timestamp":"2022-06-20 16:19:19 +0000","elevation":1240,"source_type":11,"duration":159830,"distance":583,"elevation_gain":0,"elevation_loss":0},{"version":1,"timestamp":"2022-06-20 16:19:21 +0000","elevation":1240,"source_type":11,"duration":161836,"distance":589,"elevation_gain":0,"elevation_loss":0},{"version":1,"timestamp":"2022-06-20 16:19:23 +0000","elevation":1240,"source_type":11,"duration":163832,"distance":595,"elevation_gain":0,"elevation_loss":0},{"version":1,"timestamp":"2022-06-20 16:19:25 +0000","elevation":1240,"source_type":11,"duration":165828,"distance":601,"elevation_gain":0,"elevation_loss":0},{"version":1,"timestamp":"2022-06-20 16:19:27 +0000","elevation":1240,"source_type":11,"duration":167824,"distance":607,"elevation_gain":0,"elevation_loss":0},{"version":1,"timestamp":"2022-06-20 16:19:29 +0000","elevation":1240,"source_type":11,"duration":169821,"distance":612,"elevation_gain":0,"elevation_loss":0},{"version":1,"timestamp":"2022-06-20 16:19:31 +0000","elevation":1240,"source_type":11,"duration":171574,"distance":618,"elevation_gain":0,"elevation_loss":0},{"version":1,"timestamp":"2022-06-20 16:19:33 +0000","elevation":1240,"source_type":11,"duration":173327,"distance":625,"elevation_gain":0,"elevation_loss":0},{"version":1,"timestamp":"2022-06-20 16:19:35 +0000","elevation":1241,"source_type":11,"duration":175080,"distance":631,"elevation_gain":0,"elevation_loss":0},{"version":1,"timestamp":"2022-06-20 16:19:36 +0000","elevation":1241,"source_type":11,"duration":176834,"distance":637,"elevation_gain":0,"elevation_loss":0},{"version":1,"timestamp":"2022-06-20 16:19:43 +0000","elevation":1241,"source_type":11,"duration":183828,"distance":663,"elevation_gain":0,"elevation_loss":0},{"version":1,"timestamp":"2022-06-20 16:19:50 +0000","elevation":1242,"source_type":11,"duration":190824,"distance":690,"elevation_gain":0,"elevation_loss":0},{"version":1,"timestamp":"2022-06-20 16:19:57 +0000","elevation":1243,"source_type":11,"duration":197819,"distance":714,"elevation_gain":0,"elevation_loss":0},{"version":1,"timestamp":"2022-06-20 16:20:04 +0000","elevation":1243,"source_type":11,"duration":204826,"distance":740,"elevation_gain":0,"elevation_loss":0},{"version":1,"timestamp":"2022-06-20 16:20:11 +0000","elevation":1244,"source_type":11,"duration":211814,"distance":764,"elevation_gain":0,"elevation_loss":0},{"version":1,"timestamp":"2022-06-20 16:20:18 +0000","elevation":1246,"source_type":11,"duration":218823,"distance":788,"elevation_gain":6,"elevation_loss":0},{"version":1,"timestamp":"2022-06-20 16:20:26 +0000","elevation":1247,"source_type":11,"duration":226815,"distance":813,"elevation_gain":7,"elevation_loss":0},{"version":1,"timestamp":"2022-06-20 16:20:33 +0000","elevation":1247,"source_type":11,"duration":233813,"distance":839,"elevation_gain":7,"elevation_loss":0},{"version":1,"timestamp":"2022-06-20 16:20:38 +0000","elevation":1247,"source_type":11,"duration":238828,"distance":855,"elevation_gain":7,"elevation_loss":0},{"version":1,"timestamp":"2022-06-20 16:20:39 +0000","elevation":1247,"source_type":11,"duration":239815,"distance":858,"elevation_gain":7,"elevation_loss":0},{"version":1,"timestamp":"2022-06-20 16:20:40 +0000","elevation":1247,"source_type":11,"duration":240818,"distance":861,"elevation_gain":7,"elevation_loss":0},{"version":1,"timestamp":"2022-06-20 16:20:41 +0000","elevation":1247,"source_type":11,"duration":241822,"distance":864,"elevation_gain":7,"elevation_loss":0},{"version":1,"timestamp":"2022-06-20 16:20:45 +0000","elevation":1247,"source_type":11,"duration":245331,"distance":873,"elevation_gain":7,"elevation_loss":0},{"version":1,"timestamp":"2022-06-20 16:20:48 +0000","elevation":1247,"source_type":11,"duration":248840,"distance":886,"elevation_gain":7,"elevation_loss":0},{"version":1,"timestamp":"2022-06-20 16:20:52 +0000","elevation":1246,"source_type":11,"duration":252835,"distance":898,"elevation_gain":7,"elevation_loss":0},{"version":1,"timestamp":"2022-06-20 16:20:56 +0000","elevation":1245,"source_type":11,"duration":256831,"distance":912,"elevation_gain":7,"elevation_loss":0},{"version":1,"timestamp":"2022-06-20 16:20:58 +0000","elevation":1245,"source_type":11,"duration":258579,"distance":918,"elevation_gain":7,"elevation_loss":0},{"version":1,"timestamp":"2022-06-20 16:21:00 +0000","elevation":1245,"source_type":11,"duration":260328,"distance":924,"elevation_gain":7,"elevation_loss":0},{"version":1,"timestamp":"2022-06-20 16:21:02 +0000","elevation":1244,"source_type":11,"duration":262077,"distance":930,"elevation_gain":7,"elevation_loss":0},{"version":1,"timestamp":"2022-06-20 16:21:03 +0000","elevation":1244,"source_type":11,"duration":263826,"distance":937,"elevation_gain":7,"elevation_loss":0},{"version":1,"timestamp":"2022-06-20 16:21:05 +0000","elevation":1244,"source_type":11,"duration":265573,"distance":943,"elevation_gain":7,"elevation_loss":0},{"version":1,"timestamp":"2022-06-20 16:21:07 +0000","elevation":1243,"source_type":11,"duration":267321,"distance":949,"elevation_gain":7,"elevation_loss":0},{"version":1,"timestamp":"2022-06-20 16:21:09 +0000","elevation":1243,"source_type":11,"duration":269069,"distance":955,"elevation_gain":7,"elevation_loss":0},{"version":1,"timestamp":"2022-06-20 16:21:10 +0000","elevation":1243,"source_type":11,"duration":270817,"distance":961,"elevation_gain":7,"elevation_loss":0},{"version":1,"timestamp":"2022-06-20 16:21:12 +0000","elevation":1243,"source_type":11,"duration":272571,"distance":967,"elevation_gain":7,"elevation_loss":0},{"version":1,"timestamp":"2022-06-20 16:21:14 +0000","elevation":1243,"source_type":11,"duration":274326,"distance":973,"elevation_gain":7,"elevation_loss":0},{"version":1,"timestamp":"2022-06-20 16:21:16 +0000","elevation":1243,"source_type":11,"duration":276081,"distance":978,"elevation_gain":7,"elevation_loss":0},{"version":1,"timestamp":"2022-06-20 16:21:17 +0000","elevation":1243,"source_type":11,"duration":277836,"distance":984,"elevation_gain":7,"elevation_loss":0},{"version":1,"timestamp":"2022-06-20 16:21:19 +0000","elevation":1243,"source_type":11,"duration":279832,"distance":990,"elevation_gain":7,"elevation_loss":0},{"version":1,"timestamp":"2022-06-20 16:21:21 +0000","elevation":1243,"source_type":11,"duration":281828,"distance":995,"elevation_gain":7,"elevation_loss":0},{"version":1,"timestamp":"2022-06-20 16:21:23 +0000","elevation":1243,"source_type":11,"duration":283824,"distance":1001,"elevation_gain":7,"elevation_loss":0},{"version":1,"timestamp":"2022-06-20 16:21:25 +0000","elevation":1243,"source_type":11,"duration":285820,"distance":1007,"elevation_gain":7,"elevation_loss":0},{"version":1,"timestamp":"2022-06-20 16:21:27 +0000","elevation":1243,"source_type":11,"duration":287570,"distance":1013,"elevation_gain":7,"elevation_loss":0},{"version":1,"timestamp":"2022-06-20 16:21:29 +0000","elevation":1243,"source_type":11,"duration":289321,"distance":1019,"elevation_gain":7,"elevation_loss":0},{"version":1,"timestamp":"2022-06-20 16:21:31 +0000","elevation":1243,"source_type":11,"duration":291072,"distance":1025,"elevation_gain":7,"elevation_loss":0},{"version":1,"timestamp":"2022-06-20 16:21:32 +0000","elevation":1243,"source_type":11,"duration":292823,"distance":1031,"elevation_gain":7,"elevation_loss":0},{"version":1,"timestamp":"2022-06-20 16:21:38 +0000","elevation":1243,"source_type":11,"duration":298878,"distance":1055,"elevation_gain":7,"elevation_loss":0},{"version":1,"timestamp":"2022-06-20 16:21:44 +0000","elevation":1243,"source_type":11,"duration":304834,"distance":1078,"elevation_gain":7,"elevation_loss":0},{"version":1,"timestamp":"2022-06-20 16:21:51 +0000","elevation":1242,"source_type":11,"duration":311817,"distance":1104,"elevation_gain":7,"elevation_loss":5},{"version":1,"timestamp":"2022-06-20 16:21:58 +0000","elevation":1242,"source_type":11,"duration":318817,"distance":1127,"elevation_gain":7,"elevation_loss":5},{"version":1,"timestamp":"2022-06-20 16:22:08 +0000","elevation":1241,"source_type":11,"duration":328844,"distance":1153,"elevation_gain":7,"elevation_loss":6},{"version":1,"timestamp":"2022-06-20 16:22:16 +0000","elevation":1241,"source_type":11,"duration":336827,"distance":1177,"elevation_gain":7,"elevation_loss":6},{"version":1,"timestamp":"2022-06-20 16:22:24 +0000","elevation":1241,"source_type":11,"duration":344822,"distance":1200,"elevation_gain":7,"elevation_loss":6},{"version":1,"timestamp":"2022-06-20 16:22:28 +0000","elevation":1240,"source_type":11,"duration":348823,"distance":1212,"elevation_gain":7,"elevation_loss":7},{"version":1,"timestamp":"2022-06-20 16:22:32 +0000","elevation":1240,"source_type":11,"duration":352825,"distance":1225,"elevation_gain":7,"elevation_loss":7},{"version":1,"timestamp":"2022-06-20 16:22:34 +0000","elevation":1240,"source_type":11,"duration":354574,"distance":1231,"elevation_gain":7,"elevation_loss":7},{"version":1,"timestamp":"2022-06-20 16:22:36 +0000","elevation":1239,"source_type":11,"duration":356323,"distance":1237,"elevation_gain":7,"elevation_loss":8},{"version":1,"timestamp":"2022-06-20 16:22:38 +0000","elevation":1239,"source_type":11,"duration":358072,"distance":1242,"elevation_gain":7,"elevation_loss":8},{"version":1,"timestamp":"2022-06-20 16:22:39 +0000","elevation":1239,"source_type":11,"duration":359821,"distance":1248,"elevation_gain":7,"elevation_loss":8},{"version":1,"timestamp":"2022-06-20 16:22:41 +0000","elevation":1239,"source_type":11,"duration":361322,"distance":1254,"elevation_gain":7,"elevation_loss":8},{"version":1,"timestamp":"2022-06-20 16:22:42 +0000","elevation":1239,"source_type":11,"duration":362823,"distance":1261,"elevation_gain":7,"elevation_loss":8},{"version":1,"timestamp":"2022-06-20 16:22:44 +0000","elevation":1239,"source_type":11,"duration":364324,"distance":1267,"elevation_gain":7,"elevation_loss":8},{"version":1,"timestamp":"2022-06-20 16:22:45 +0000","elevation":1238,"source_type":11,"duration":365826,"distance":1274,"elevation_gain":7,"elevation_loss":9},{"version":1,"timestamp":"2022-06-20 16:22:47 +0000","elevation":1238,"source_type":11,"duration":367574,"distance":1280,"elevation_gain":7,"elevation_loss":9},{"version":1,"timestamp":"2022-06-20 16:22:49 +0000","elevation":1238,"source_type":11,"duration":369323,"distance":1286,"elevation_gain":7,"elevation_loss":9},{"version":1,"timestamp":"2022-06-20 16:22:51 +0000","elevation":1238,"source_type":11,"duration":371072,"distance":1293,"elevation_gain":7,"elevation_loss":9},{"version":1,"timestamp":"2022-06-20 16:22:52 +0000","elevation":1238,"source_type":11,"duration":372821,"distance":1300,"elevation_gain":7,"elevation_loss":9},{"version":1,"timestamp":"2022-06-20 16:22:54 +0000","elevation":1237,"source_type":11,"duration":374571,"distance":1307,"elevation_gain":7,"elevation_loss":10},{"version":1,"timestamp":"2022-06-20 16:22:56 +0000","elevation":1237,"source_type":11,"duration":376321,"distance":1315,"elevation_gain":7,"elevation_loss":10},{"version":1,"timestamp":"2022-06-20 16:22:58 +0000","elevation":1237,"source_type":11,"duration":378071,"distance":1323,"elevation_gain":7,"elevation_loss":10},{"version":1,"timestamp":"2022-06-20 16:22:59 +0000","elevation":1237,"source_type":11,"duration":379821,"distance":1330,"elevation_gain":7,"elevation_loss":10},{"version":1,"timestamp":"2022-06-20 16:23:01 +0000","elevation":1237,"source_type":11,"duration":381319,"distance":1337,"elevation_gain":7,"elevation_loss":10},{"version":1,"timestamp":"2022-06-20 16:23:02 +0000","elevation":1236,"source_type":11,"duration":382818,"distance":1344,"elevation_gain":7,"elevation_loss":10},{"version":1,"timestamp":"2022-06-20 16:23:04 +0000","elevation":1236,"source_type":11,"duration":384316,"distance":1350,"elevation_gain":7,"elevation_loss":11},{"version":1,"timestamp":"2022-06-20 16:23:05 +0000","elevation":1236,"source_type":11,"duration":385815,"distance":1356,"elevation_gain":7,"elevation_loss":11},{"version":1,"timestamp":"2022-06-20 16:23:07 +0000","elevation":1236,"source_type":11,"duration":387569,"distance":1363,"elevation_gain":7,"elevation_loss":11},{"version":1,"timestamp":"2022-06-20 16:23:09 +0000","elevation":1236,"source_type":11,"duration":389324,"distance":1369,"elevation_gain":7,"elevation_loss":11},{"version":1,"timestamp":"2022-06-20 16:23:11 +0000","elevation":1236,"source_type":11,"duration":391078,"distance":1376,"elevation_gain":7,"elevation_loss":11},{"version":1,"timestamp":"2022-06-20 16:23:12 +0000","elevation":1236,"source_type":11,"duration":392833,"distance":1382,"elevation_gain":7,"elevation_loss":11},{"version":1,"timestamp":"2022-06-20 16:23:14 +0000","elevation":1236,"source_type":11,"duration":394333,"distance":1389,"elevation_gain":7,"elevation_loss":11},{"version":1,"timestamp":"2022-06-20 16:23:15 +0000","elevation":1236,"source_type":11,"duration":395833,"distance":1395,"elevation_gain":7,"elevation_loss":11},{"version":1,"timestamp":"2022-06-20 16:23:17 +0000","elevation":1236,"source_type":11,"duration":397333,"distance":1402,"elevation_gain":7,"elevation_loss":11},{"version":1,"timestamp":"2022-06-20 16:23:18 +0000","elevation":1235,"source_type":11,"duration":398834,"distance":1409,"elevation_gain":7,"elevation_loss":11},{"version":1,"timestamp":"2022-06-20 16:23:20 +0000","elevation":1235,"source_type":11,"duration":400584,"distance":1416,"elevation_gain":7,"elevation_loss":12},{"version":1,"timestamp":"2022-06-20 16:23:22 +0000","elevation":1235,"source_type":11,"duration":402335,"distance":1423,"elevation_gain":7,"elevation_loss":12},{"version":1,"timestamp":"2022-06-20 16:23:24 +0000","elevation":1235,"source_type":11,"duration":404085,"distance":1430,"elevation_gain":7,"elevation_loss":12},{"version":1,"timestamp":"2022-06-20 16:23:25 +0000","elevation":1235,"source_type":11,"duration":405836,"distance":1437,"elevation_gain":7,"elevation_loss":12},{"version":1,"timestamp":"2022-06-20 16:23:31 +0000","elevation":1235,"source_type":11,"duration":411849,"distance":1466,"elevation_gain":7,"elevation_loss":12},{"version":1,"timestamp":"2022-06-20 16:23:37 +0000","elevation":1233,"source_type":11,"duration":417813,"distance":1498,"elevation_gain":7,"elevation_loss":14},{"version":1,"timestamp":"2022-06-20 16:23:43 +0000","elevation":1231,"source_type":11,"duration":423815,"distance":1526,"elevation_gain":7,"elevation_loss":16},{"version":1,"timestamp":"2022-06-20 16:23:49 +0000","elevation":1229,"source_type":11,"duration":429831,"distance":1553,"elevation_gain":7,"elevation_loss":18},{"version":1,"timestamp":"2022-06-20 16:23:55 +0000","elevation":1227,"source_type":11,"duration":435880,"distance":1580,"elevation_gain":7,"elevation_loss":20},{"version":1,"timestamp":"2022-06-20 16:23:59 +0000","elevation":1226,"source_type":11,"duration":439826,"distance":1596,"elevation_gain":7,"elevation_loss":21},{"version":1,"timestamp":"2022-06-20 16:24:01 +0000","elevation":1226,"source_type":11,"duration":441831,"distance":1603,"elevation_gain":7,"elevation_loss":21},{"version":1,"timestamp":"2022-06-20 16:24:06 +0000","elevation":1225,"source_type":11,"duration":446823,"distance":1621,"elevation_gain":7,"elevation_loss":22},{"version":1,"timestamp":"2022-06-20 16:24:09 +0000","elevation":1224,"source_type":11,"duration":449825,"distance":1633,"elevation_gain":7,"elevation_loss":23},{"version":1,"timestamp":"2022-06-20 16:24:16 +0000","elevation":1222,"source_type":11,"duration":456828,"distance":1659,"elevation_gain":7,"elevation_loss":25},{"version":1,"timestamp":"2022-06-20 16:24:23 +0000","elevation":1222,"source_type":11,"duration":463820,"distance":1686,"elevation_gain":7,"elevation_loss":25},{"version":1,"timestamp":"2022-06-20 16:24:28 +0000","elevation":1222,"source_type":11,"duration":468815,"distance":1706,"elevation_gain":7,"elevation_loss":25},{"version":1,"timestamp":"2022-06-20 16:24:29 +0000","elevation":1222,"source_type":11,"duration":469572,"distance":1709,"elevation_gain":7,"elevation_loss":25},{"version":1,"timestamp":"2022-06-20 16:24:30 +0000","elevation":1222,"source_type":11,"duration":470329,"distance":1712,"elevation_gain":7,"elevation_loss":25},{"version":1,"timestamp":"2022-06-20 16:24:31 +0000","elevation":1222,"source_type":11,"duration":471086,"distance":1715,"elevation_gain":7,"elevation_loss":25},{"version":1,"timestamp":"2022-06-20 16:24:31 +0000","elevation":1222,"source_type":11,"duration":471843,"distance":1718,"elevation_gain":7,"elevation_loss":25},{"version":1,"timestamp":"2022-06-20 16:24:33 +0000","elevation":1222,"source_type":11,"duration":473587,"distance":1723,"elevation_gain":7,"elevation_loss":25},{"version":1,"timestamp":"2022-06-20 16:24:35 +0000","elevation":1222,"source_type":11,"duration":475331,"distance":1728,"elevation_gain":7,"elevation_loss":25},{"version":1,"timestamp":"2022-06-20 16:24:37 +0000","elevation":1222,"source_type":11,"duration":477075,"distance":1734,"elevation_gain":7,"elevation_loss":25},{"version":1,"timestamp":"2022-06-20 16:24:38 +0000","elevation":1222,"source_type":11,"duration":478820,"distance":1741,"elevation_gain":7,"elevation_loss":25},{"version":1,"timestamp":"2022-06-20 16:24:40 +0000","elevation":1222,"source_type":11,"duration":480822,"distance":1747,"elevation_gain":7,"elevation_loss":25},{"version":1,"timestamp":"2022-06-20 16:24:42 +0000","elevation":1223,"source_type":11,"duration":482824,"distance":1752,"elevation_gain":7,"elevation_loss":25},{"version":1,"timestamp":"2022-06-20 16:24:44 +0000","elevation":1223,"source_type":11,"duration":484826,"distance":1758,"elevation_gain":7,"elevation_loss":25},{"version":1,"timestamp":"2022-06-20 16:24:46 +0000","elevation":1223,"source_type":11,"duration":486829,"distance":1764,"elevation_gain":7,"elevation_loss":25},{"version":1,"timestamp":"2022-06-20 16:24:48 +0000","elevation":1223,"source_type":11,"duration":488824,"distance":1770,"elevation_gain":7,"elevation_loss":25},{"version":1,"timestamp":"2022-06-20 16:24:50 +0000","elevation":1224,"source_type":11,"duration":490819,"distance":1775,"elevation_gain":7,"elevation_loss":25},{"version":1,"timestamp":"2022-06-20 16:24:52 +0000","elevation":1224,"source_type":11,"duration":492814,"distance":1781,"elevation_gain":7,"elevation_loss":25},{"version":1,"timestamp":"2022-06-20 16:24:54 +0000","elevation":1224,"source_type":11,"duration":494810,"distance":1787,"elevation_gain":7,"elevation_loss":25},{"version":1,"timestamp":"2022-06-20 16:24:56 +0000","elevation":1224,"source_type":11,"duration":496812,"distance":1793,"elevation_gain":7,"elevation_loss":25},{"version":1,"timestamp":"2022-06-20 16:24:58 +0000","elevation":1225,"source_type":11,"duration":498814,"distance":1799,"elevation_gain":7,"elevation_loss":25},{"version":1,"timestamp":"2022-06-20 16:25:00 +0000","elevation":1225,"source_type":11,"duration":500816,"distance":1805,"elevation_gain":7,"elevation_loss":25},{"version":1,"timestamp":"2022-06-20 16:25:02 +0000","elevation":1225,"source_type":11,"duration":502819,"distance":1812,"elevation_gain":7,"elevation_loss":25},{"version":1,"timestamp":"2022-06-20 16:25:04 +0000","elevation":1225,"source_type":11,"duration":504820,"distance":1818,"elevation_gain":7,"elevation_loss":25},{"version":1,"timestamp":"2022-06-20 16:25:06 +0000","elevation":1226,"source_type":11,"duration":506822,"distance":1824,"elevation_gain":7,"elevation_loss":25},{"version":1,"timestamp":"2022-06-20 16:25:08 +0000","elevation":1226,"source_type":11,"duration":508823,"distance":1830,"elevation_gain":7,"elevation_loss":25},{"version":1,"timestamp":"2022-06-20 16:25:10 +0000","elevation":1226,"source_type":11,"duration":510825,"distance":1836,"elevation_gain":7,"elevation_loss":25},{"version":1,"timestamp":"2022-06-20 16:25:18 +0000","elevation":1226,"source_type":11,"duration":518828,"distance":1859,"elevation_gain":7,"elevation_loss":25},{"version":1,"timestamp":"2022-06-20 16:25:26 +0000","elevation":1227,"source_type":11,"duration":526814,"distance":1884,"elevation_gain":13,"elevation_loss":25},{"version":1,"timestamp":"2022-06-20 16:25:35 +0000","elevation":1227,"source_type":11,"duration":535867,"distance":1910,"elevation_gain":13,"elevation_loss":25},{"version":1,"timestamp":"2022-06-20 16:25:43 +0000","elevation":1227,"source_type":11,"duration":543825,"distance":1936,"elevation_gain":13,"elevation_loss":25},{"version":1,"timestamp":"2022-06-20 16:25:51 +0000","elevation":1227,"source_type":11,"duration":551818,"distance":1965,"elevation_gain":13,"elevation_loss":25},{"version":1,"timestamp":"2022-06-20 16:25:59 +0000","elevation":1227,"source_type":11,"duration":559821,"distance":1990,"elevation_gain":13,"elevation_loss":25},{"version":1,"timestamp":"2022-06-20 16:26:07 +0000","elevation":1227,"source_type":11,"duration":567829,"distance":2015,"elevation_gain":13,"elevation_loss":25},{"version":1,"timestamp":"2022-06-20 16:26:15 +0000","elevation":1227,"source_type":11,"duration":575850,"distance":2040,"elevation_gain":13,"elevation_loss":25},{"version":1,"timestamp":"2022-06-20 16:26:23 +0000","elevation":1228,"source_type":11,"duration":583807,"distance":2064,"elevation_gain":13,"elevation_loss":25},{"version":1,"timestamp":"2022-06-20 16:26:30 +0000","elevation":1228,"source_type":11,"duration":590835,"distance":2087,"elevation_gain":14,"elevation_loss":25},{"version":1,"timestamp":"2022-06-20 16:26:38 +0000","elevation":1229,"source_type":11,"duration":598833,"distance":2110,"elevation_gain":14,"elevation_loss":25},{"version":1,"timestamp":"2022-06-20 16:26:46 +0000","elevation":1229,"source_type":11,"duration":606820,"distance":2135,"elevation_gain":14,"elevation_loss":25},{"version":1,"timestamp":"2022-06-20 16:26:53 +0000","elevation":1229,"source_type":11,"duration":613829,"distance":2158,"elevation_gain":14,"elevation_loss":25},{"version":1,"timestamp":"2022-06-20 16:27:00 +0000","elevation":1229,"source_type":11,"duration":620827,"distance":2182,"elevation_gain":14,"elevation_loss":25},{"version":1,"timestamp":"2022-06-20 16:27:08 +0000","elevation":1229,"source_type":11,"duration":628819,"distance":2209,"elevation_gain":14,"elevation_loss":25},{"version":1,"timestamp":"2022-06-20 16:27:16 +0000","elevation":1228,"source_type":11,"duration":636820,"distance":2234,"elevation_gain":14,"elevation_loss":25},{"version":1,"timestamp":"2022-06-20 16:27:23 +0000","elevation":1227,"source_type":11,"duration":643830,"distance":2257,"elevation_gain":14,"elevation_loss":25},{"version":1,"timestamp":"2022-06-20 16:27:31 +0000","elevation":1226,"source_type":11,"duration":651826,"distance":2282,"elevation_gain":14,"elevation_loss":25},{"version":1,"timestamp":"2022-06-20 16:27:39 +0000","elevation":1226,"source_type":11,"duration":659826,"distance":2308,"elevation_gain":14,"elevation_loss":25},{"version":1,"timestamp":"2022-06-20 16:27:46 +0000","elevation":1226,"source_type":11,"duration":666829,"distance":2331,"elevation_gain":14,"elevation_loss":25},{"version":1,"timestamp":"2022-06-20 16:27:53 +0000","elevation":1226,"source_type":11,"duration":673811,"distance":2355,"elevation_gain":14,"elevation_loss":25},{"version":1,"timestamp":"2022-06-20 16:27:57 +0000","elevation":1226,"source_type":11,"duration":677317,"distance":2366,"elevation_gain":14,"elevation_loss":25},{"version":1,"timestamp":"2022-06-20 16:28:00 +0000","elevation":1227,"source_type":11,"duration":680823,"distance":2377,"elevation_gain":14,"elevation_loss":25},{"version":1,"timestamp":"2022-06-20 16:28:04 +0000","elevation":1227,"source_type":11,"duration":684320,"distance":2388,"elevation_gain":14,"elevation_loss":25},{"version":1,"timestamp":"2022-06-20 16:28:07 +0000","elevation":1227,"source_type":11,"duration":687817,"distance":2399,"elevation_gain":14,"elevation_loss":25},{"version":1,"timestamp":"2022-06-20 16:28:09 +0000","elevation":1227,"source_type":11,"duration":689822,"distance":2404,"elevation_gain":14,"elevation_loss":25},{"version":1,"timestamp":"2022-06-20 16:28:11 +0000","elevation":1228,"source_type":11,"duration":691828,"distance":2410,"elevation_gain":14,"elevation_loss":25},{"version":1,"timestamp":"2022-06-20 16:28:13 +0000","elevation":1228,"source_type":11,"duration":693834,"distance":2416,"elevation_gain":14,"elevation_loss":25},{"version":1,"timestamp":"2022-06-20 16:28:15 +0000","elevation":1228,"source_type":11,"duration":695840,"distance":2422,"elevation_gain":14,"elevation_loss":25},{"version":1,"timestamp":"2022-06-20 16:28:18 +0000","elevation":1229,"source_type":11,"duration":698082,"distance":2428,"elevation_gain":14,"elevation_loss":25},{"version":1,"timestamp":"2022-06-20 16:28:20 +0000","elevation":1229,"source_type":11,"duration":700325,"distance":2434,"elevation_gain":15,"elevation_loss":25},{"version":1,"timestamp":"2022-06-20 16:28:22 +0000","elevation":1229,"source_type":11,"duration":702567,"distance":2439,"elevation_gain":15,"elevation_loss":25},{"version":1,"timestamp":"2022-06-20 16:28:24 +0000","elevation":1230,"source_type":11,"duration":704810,"distance":2445,"elevation_gain":15,"elevation_loss":25},{"version":1,"timestamp":"2022-06-20 16:28:26 +0000","elevation":1230,"source_type":11,"duration":706815,"distance":2451,"elevation_gain":16,"elevation_loss":25},{"version":1,"timestamp":"2022-06-20 16:28:28 +0000","elevation":1230,"source_type":11,"duration":708820,"distance":2457,"elevation_gain":16,"elevation_loss":25},{"version":1,"timestamp":"2022-06-20 16:28:30 +0000","elevation":1231,"source_type":11,"duration":710825,"distance":2464,"elevation_gain":16,"elevation_loss":25},{"version":1,"timestamp":"2022-06-20 16:28:32 +0000","elevation":1231,"source_type":11,"duration":712830,"distance":2471,"elevation_gain":17,"elevation_loss":25},{"version":1,"timestamp":"2022-06-20 16:28:34 +0000","elevation":1231,"source_type":11,"duration":714824,"distance":2477,"elevation_gain":17,"elevation_loss":25},{"version":1,"timestamp":"2022-06-20 16:28:36 +0000","elevation":1232,"source_type":11,"duration":716818,"distance":2483,"elevation_gain":17,"elevation_loss":25},{"version":1,"timestamp":"2022-06-20 16:28:38 +0000","elevation":1232,"source_type":11,"duration":718812,"distance":2489,"elevation_gain":18,"elevation_loss":25},{"version":1,"timestamp":"2022-06-20 16:28:40 +0000","elevation":1232,"source_type":11,"duration":720806,"distance":2495,"elevation_gain":18,"elevation_loss":25},{"version":1,"timestamp":"2022-06-20 16:28:43 +0000","elevation":1232,"source_type":11,"duration":723058,"distance":2500,"elevation_gain":18,"elevation_loss":25},{"version":1,"timestamp":"2022-06-20 16:28:45 +0000","elevation":1232,"source_type":11,"duration":725311,"distance":2507,"elevation_gain":18,"elevation_loss":25},{"version":1,"timestamp":"2022-06-20 16:28:47 +0000","elevation":1232,"source_type":11,"duration":727563,"distance":2514,"elevation_gain":18,"elevation_loss":25},{"version":1,"timestamp":"2022-06-20 16:28:49 +0000","elevation":1232,"source_type":11,"duration":729816,"distance":2521,"elevation_gain":18,"elevation_loss":25},{"version":1,"timestamp":"2022-06-20 16:28:51 +0000","elevation":1231,"source_type":11,"duration":731566,"distance":2528,"elevation_gain":18,"elevation_loss":25},{"version":1,"timestamp":"2022-06-20 16:28:53 +0000","elevation":1231,"source_type":11,"duration":733316,"distance":2534,"elevation_gain":18,"elevation_loss":25},{"version":1,"timestamp":"2022-06-20 16:28:55 +0000","elevation":1231,"source_type":11,"duration":735066,"distance":2540,"elevation_gain":18,"elevation_loss":25},{"version":1,"timestamp":"2022-06-20 16:28:56 +0000","elevation":1231,"source_type":11,"duration":736817,"distance":2546,"elevation_gain":18,"elevation_loss":25},{"version":1,"timestamp":"2022-06-20 16:28:58 +0000","elevation":1231,"source_type":11,"duration":738567,"distance":2552,"elevation_gain":18,"elevation_loss":25},{"version":1,"timestamp":"2022-06-20 16:29:00 +0000","elevation":1231,"source_type":11,"duration":740318,"distance":2559,"elevation_gain":18,"elevation_loss":25},{"version":1,"timestamp":"2022-06-20 16:29:02 +0000","elevation":1231,"source_type":11,"duration":742069,"distance":2565,"elevation_gain":18,"elevation_loss":25},{"version":1,"timestamp":"2022-06-20 16:29:03 +0000","elevation":1230,"source_type":11,"duration":743820,"distance":2572,"elevation_gain":18,"elevation_loss":25},{"version":1,"timestamp":"2022-06-20 16:29:05 +0000","elevation":1230,"source_type":11,"duration":745570,"distance":2578,"elevation_gain":18,"elevation_loss":25},{"version":1,"timestamp":"2022-06-20 16:29:07 +0000","elevation":1230,"source_type":11,"duration":747320,"distance":2584,"elevation_gain":18,"elevation_loss":25},{"version":1,"timestamp":"2022-06-20 16:29:09 +0000","elevation":1230,"source_type":11,"duration":749070,"distance":2591,"elevation_gain":18,"elevation_loss":25},{"version":1,"timestamp":"2022-06-20 16:29:10 +0000","elevation":1230,"source_type":11,"duration":750820,"distance":2597,"elevation_gain":18,"elevation_loss":25},{"version":1,"timestamp":"2022-06-20 16:29:11 +0000","elevation":1230,"source_type":11,"duration":751826,"distance":2601,"elevation_gain":18,"elevation_loss":25},{"version":1,"timestamp":"2022-06-20 16:29:12 +0000","elevation":1230,"source_type":11,"duration":752832,"distance":2605,"elevation_gain":18,"elevation_loss":25},{"version":1,"timestamp":"2022-06-20 16:29:13 +0000","elevation":1230,"source_type":11,"duration":753838,"distance":2608,"elevation_gain":18,"elevation_loss":25},{"version":1,"timestamp":"2022-06-20 16:29:14 +0000","elevation":1229,"source_type":11,"duration":754845,"distance":2610,"elevation_gain":18,"elevation_loss":25},{"version":1,"timestamp":"2022-06-20 16:29:15 +0000","elevation":1229,"source_type":11,"duration":755591,"distance":2613,"elevation_gain":18,"elevation_loss":25},{"version":1,"timestamp":"2022-06-20 16:29:16 +0000","elevation":1229,"source_type":11,"duration":756337,"distance":2616,"elevation_gain":18,"elevation_loss":25},{"version":1,"timestamp":"2022-06-20 16:29:17 +0000","elevation":1229,"source_type":11,"duration":757083,"distance":2619,"elevation_gain":18,"elevation_loss":25},{"version":1,"timestamp":"2022-06-20 16:29:17 +0000","elevation":1229,"source_type":11,"duration":757829,"distance":2622,"elevation_gain":18,"elevation_loss":25},{"version":1,"timestamp":"2022-06-20 16:29:19 +0000","elevation":1229,"source_type":11,"duration":759827,"distance":2629,"elevation_gain":18,"elevation_loss":25},{"version":1,"timestamp":"2022-06-20 16:29:20 +0000","elevation":1229,"source_type":11,"duration":760836,"distance":2632,"elevation_gain":18,"elevation_loss":25},{"version":1,"timestamp":"2022-06-20 16:29:22 +0000","elevation":1229,"source_type":11,"duration":762814,"distance":2639,"elevation_gain":18,"elevation_loss":25},{"version":1,"timestamp":"2022-06-20 16:29:24 +0000","elevation":1228,"source_type":11,"duration":764817,"distance":2646,"elevation_gain":18,"elevation_loss":25},{"version":1,"timestamp":"2022-06-20 16:29:31 +0000","elevation":1228,"source_type":11,"duration":771816,"distance":2668,"elevation_gain":18,"elevation_loss":25},{"version":1,"timestamp":"2022-06-20 16:29:38 +0000","elevation":1227,"source_type":11,"duration":778825,"distance":2691,"elevation_gain":18,"elevation_loss":31},{"version":1,"timestamp":"2022-06-20 16:29:45 +0000","elevation":1225,"source_type":11,"duration":785818,"distance":2715,"elevation_gain":18,"elevation_loss":32},{"version":1,"timestamp":"2022-06-20 16:29:52 +0000","elevation":1224,"source_type":11,"duration":792833,"distance":2740,"elevation_gain":18,"elevation_loss":33},{"version":1,"timestamp":"2022-06-20 16:29:59 +0000","elevation":1224,"source_type":11,"duration":799819,"distance":2763,"elevation_gain":18,"elevation_loss":34},{"version":1,"timestamp":"2022-06-20 16:30:07 +0000","elevation":1223,"source_type":11,"duration":807818,"distance":2787,"elevation_gain":18,"elevation_loss":34},{"version":1,"timestamp":"2022-06-20 16:30:14 +0000","elevation":1223,"source_type":11,"duration":814844,"distance":2811,"elevation_gain":18,"elevation_loss":34},{"version":1,"timestamp":"2022-06-20 16:30:21 +0000","elevation":1223,"source_type":11,"duration":821831,"distance":2835,"elevation_gain":18,"elevation_loss":34},{"version":1,"timestamp":"2022-06-20 16:30:26 +0000","elevation":1223,"source_type":11,"duration":826889,"distance":2849,"elevation_gain":18,"elevation_loss":34},{"version":1,"timestamp":"2022-06-20 16:30:29 +0000","elevation":1223,"source_type":11,"duration":829827,"distance":2858,"elevation_gain":18,"elevation_loss":34},{"version":1,"timestamp":"2022-06-20 16:30:36 +0000","elevation":1224,"source_type":11,"duration":836814,"distance":2881,"elevation_gain":18,"elevation_loss":34},{"version":1,"timestamp":"2022-06-20 16:30:44 +0000","elevation":1224,"source_type":11,"duration":844828,"distance":2905,"elevation_gain":18,"elevation_loss":34},{"version":1,"timestamp":"2022-06-20 16:30:52 +0000","elevation":1225,"source_type":11,"duration":852832,"distance":2928,"elevation_gain":18,"elevation_loss":34},{"version":1,"timestamp":"2022-06-20 16:31:00 +0000","elevation":1225,"source_type":11,"duration":860826,"distance":2954,"elevation_gain":18,"elevation_loss":34},{"version":1,"timestamp":"2022-06-20 16:31:07 +0000","elevation":1225,"source_type":11,"duration":867819,"distance":2977,"elevation_gain":18,"elevation_loss":34},{"version":1,"timestamp":"2022-06-20 16:31:15 +0000","elevation":1225,"source_type":11,"duration":875820,"distance":3002,"elevation_gain":18,"elevation_loss":34},{"version":1,"timestamp":"2022-06-20 16:31:23 +0000","elevation":1225,"source_type":11,"duration":883832,"distance":3025,"elevation_gain":18,"elevation_loss":34},{"version":1,"timestamp":"2022-06-20 16:31:31 +0000","elevation":1226,"source_type":11,"duration":891836,"distance":3050,"elevation_gain":18,"elevation_loss":34},{"version":1,"timestamp":"2022-06-20 16:31:39 +0000","elevation":1228,"source_type":11,"duration":899849,"distance":3075,"elevation_gain":18,"elevation_loss":34},{"version":1,"timestamp":"2022-06-20 16:31:48 +0000","elevation":1228,"source_type":11,"duration":908817,"distance":3100,"elevation_gain":23,"elevation_loss":34},{"version":1,"timestamp":"2022-06-20 16:31:56 +0000","elevation":1230,"source_type":11,"duration":916880,"distance":3123,"elevation_gain":24,"elevation_loss":34},{"version":1,"timestamp":"2022-06-20 16:32:05 +0000","elevation":1230,"source_type":11,"duration":925828,"distance":3148,"elevation_gain":24,"elevation_loss":34},{"version":1,"timestamp":"2022-06-20 16:32:14 +0000","elevation":1230,"source_type":11,"duration":934829,"distance":3170,"elevation_gain":25,"elevation_loss":34},{"version":1,"timestamp":"2022-06-20 16:32:22 +0000","elevation":1230,"source_type":11,"duration":942822,"distance":3195,"elevation_gain":25,"elevation_loss":34},{"version":1,"timestamp":"2022-06-20 16:32:30 +0000","elevation":1231,"source_type":11,"duration":950827,"distance":3218,"elevation_gain":25,"elevation_loss":34},{"version":1,"timestamp":"2022-06-20 16:32:38 +0000","elevation":1232,"source_type":11,"duration":958822,"distance":3240,"elevation_gain":26,"elevation_loss":34},{"version":1,"timestamp":"2022-06-20 16:32:48 +0000","elevation":1232,"source_type":11,"duration":968813,"distance":3265,"elevation_gain":27,"elevation_loss":34},{"version":1,"timestamp":"2022-06-20 16:32:56 +0000","elevation":1233,"source_type":11,"duration":976831,"distance":3287,"elevation_gain":27,"elevation_loss":34},{"version":1,"timestamp":"2022-06-20 16:33:04 +0000","elevation":1233,"source_type":11,"duration":984817,"distance":3309,"elevation_gain":28,"elevation_loss":34},{"version":1,"timestamp":"2022-06-20 16:33:12 +0000","elevation":1235,"source_type":11,"duration":992839,"distance":3334,"elevation_gain":29,"elevation_loss":34},{"version":1,"timestamp":"2022-06-20 16:33:20 +0000","elevation":1236,"source_type":11,"duration":1000820,"distance":3360,"elevation_gain":30,"elevation_loss":34},{"version":1,"timestamp":"2022-06-20 16:33:28 +0000","elevation":1237,"source_type":11,"duration":1008826,"distance":3384,"elevation_gain":31,"elevation_loss":34},{"version":1,"timestamp":"2022-06-20 16:33:36 +0000","elevation":1237,"source_type":11,"duration":1016824,"distance":3408,"elevation_gain":32,"elevation_loss":34},{"version":1,"timestamp":"2022-06-20 16:33:44 +0000","elevation":1237,"source_type":11,"duration":1024836,"distance":3432,"elevation_gain":32,"elevation_loss":34},{"version":1,"timestamp":"2022-06-20 16:33:53 +0000","elevation":1237,"source_type":11,"duration":1033819,"distance":3456,"elevation_gain":32,"elevation_loss":34},{"version":1,"timestamp":"2022-06-20 16:34:02 +0000","elevation":1238,"source_type":11,"duration":1042822,"distance":3482,"elevation_gain":32,"elevation_loss":34},{"version":1,"timestamp":"2022-06-20 16:34:10 +0000","elevation":1238,"source_type":11,"duration":1050830,"distance":3505,"elevation_gain":32,"elevation_loss":34},{"version":1,"timestamp":"2022-06-20 16:34:13 +0000","elevation":1237,"source_type":11,"duration":1053824,"distance":3512,"elevation_gain":32,"elevation_loss":34},{"version":1,"timestamp":"2022-06-20 16:34:15 +0000","elevation":1237,"source_type":11,"duration":1055816,"distance":3517,"elevation_gain":32,"elevation_loss":34},{"version":1,"timestamp":"2022-06-20 16:34:17 +0000","elevation":1237,"source_type":11,"duration":1057826,"distance":3523,"elevation_gain":32,"elevation_loss":34},{"version":1,"timestamp":"2022-06-20 16:34:19 +0000","elevation":1238,"source_type":11,"duration":1059817,"distance":3530,"elevation_gain":32,"elevation_loss":34},{"version":1,"timestamp":"2022-06-20 16:34:23 +0000","elevation":1238,"source_type":11,"duration":1063822,"distance":3540,"elevation_gain":32,"elevation_loss":34},{"version":1,"timestamp":"2022-06-20 16:34:27 +0000","elevation":1238,"source_type":11,"duration":1067827,"distance":3553,"elevation_gain":33,"elevation_loss":34},{"version":1,"timestamp":"2022-06-20 16:34:30 +0000","elevation":1239,"source_type":11,"duration":1070078,"distance":3558,"elevation_gain":33,"elevation_loss":34},{"version":1,"timestamp":"2022-06-20 16:34:32 +0000","elevation":1239,"source_type":11,"duration":1072329,"distance":3564,"elevation_gain":33,"elevation_loss":34},{"version":1,"timestamp":"2022-06-20 16:34:34 +0000","elevation":1239,"source_type":11,"duration":1074580,"distance":3570,"elevation_gain":33,"elevation_loss":34},{"version":1,"timestamp":"2022-06-20 16:34:36 +0000","elevation":1239,"source_type":11,"duration":1076831,"distance":3578,"elevation_gain":34,"elevation_loss":34},{"version":1,"timestamp":"2022-06-20 16:34:39 +0000","elevation":1239,"source_type":11,"duration":1079077,"distance":3583,"elevation_gain":34,"elevation_loss":34},{"version":1,"timestamp":"2022-06-20 16:34:41 +0000","elevation":1239,"source_type":11,"duration":1081324,"distance":3589,"elevation_gain":34,"elevation_loss":34},{"version":1,"timestamp":"2022-06-20 16:34:43 +0000","elevation":1240,"source_type":11,"duration":1083570,"distance":3595,"elevation_gain":34,"elevation_loss":34},{"version":1,"timestamp":"2022-06-20 16:34:45 +0000","elevation":1240,"source_type":11,"duration":1085817,"distance":3601,"elevation_gain":34,"elevation_loss":34},{"version":1,"timestamp":"2022-06-20 16:34:47 +0000","elevation":1240,"source_type":11,"duration":1087818,"distance":3606,"elevation_gain":34,"elevation_loss":34},{"version":1,"timestamp":"2022-06-20 16:34:49 +0000","elevation":1240,"source_type":11,"duration":1089820,"distance":3612,"elevation_gain":34,"elevation_loss":34},{"version":1,"timestamp":"2022-06-20 16:34:51 +0000","elevation":1240,"source_type":11,"duration":1091822,"distance":3617,"elevation_gain":34,"elevation_loss":34},{"version":1,"timestamp":"2022-06-20 16:34:53 +0000","elevation":1240,"source_type":11,"duration":1093824,"distance":3623,"elevation_gain":34,"elevation_loss":34},{"version":1,"timestamp":"2022-06-20 16:34:56 +0000","elevation":1240,"source_type":11,"duration":1096324,"distance":3629,"elevation_gain":34,"elevation_loss":34},{"version":1,"timestamp":"2022-06-20 16:34:58 +0000","elevation":1240,"source_type":11,"duration":1098824,"distance":3634,"elevation_gain":35,"elevation_loss":34},{"version":1,"timestamp":"2022-06-20 16:35:01 +0000","elevation":1240,"source_type":11,"duration":1101324,"distance":3640,"elevation_gain":35,"elevation_loss":34},{"version":1,"timestamp":"2022-06-20 16:35:03 +0000","elevation":1240,"source_type":11,"duration":1103825,"distance":3646,"elevation_gain":35,"elevation_loss":34},{"version":1,"timestamp":"2022-06-20 16:35:06 +0000","elevation":1240,"source_type":11,"duration":1106075,"distance":3652,"elevation_gain":35,"elevation_loss":34},{"version":1,"timestamp":"2022-06-20 16:35:08 +0000","elevation":1240,"source_type":11,"duration":1108325,"distance":3658,"elevation_gain":35,"elevation_loss":34},{"version":1,"timestamp":"2022-06-20 16:35:10 +0000","elevation":1240,"source_type":11,"duration":1110575,"distance":3664,"elevation_gain":35,"elevation_loss":34},{"version":1,"timestamp":"2022-06-20 16:35:12 +0000","elevation":1240,"source_type":11,"duration":1112826,"distance":3670,"elevation_gain":35,"elevation_loss":34},{"version":1,"timestamp":"2022-06-20 16:35:14 +0000","elevation":1240,"source_type":11,"duration":1114574,"distance":3676,"elevation_gain":35,"elevation_loss":34},{"version":1,"timestamp":"2022-06-20 16:35:16 +0000","elevation":1240,"source_type":11,"duration":1116322,"distance":3683,"elevation_gain":35,"elevation_loss":34},{"version":1,"timestamp":"2022-06-20 16:35:18 +0000","elevation":1240,"source_type":11,"duration":1118070,"distance":3690,"elevation_gain":35,"elevation_loss":34},{"version":1,"timestamp":"2022-06-20 16:35:19 +0000","elevation":1240,"source_type":11,"duration":1119818,"distance":3697,"elevation_gain":35,"elevation_loss":34},{"version":1,"timestamp":"2022-06-20 16:35:26 +0000","elevation":1239,"source_type":11,"duration":1126877,"distance":3721,"elevation_gain":35,"elevation_loss":34},{"version":1,"timestamp":"2022-06-20 16:35:33 +0000","elevation":1239,"source_type":11,"duration":1133819,"distance":3747,"elevation_gain":35,"elevation_loss":34},{"version":1,"timestamp":"2022-06-20 16:35:38 +0000","elevation":1239,"source_type":11,"duration":1138848,"distance":3765,"elevation_gain":35,"elevation_loss":34},{"version":1,"timestamp":"2022-06-20 16:35:40 +0000","elevation":1238,"source_type":11,"duration":1140827,"distance":3771,"elevation_gain":35,"elevation_loss":34},{"version":1,"timestamp":"2022-06-20 16:35:47 +0000","elevation":1238,"source_type":11,"duration":1147828,"distance":3795,"elevation_gain":35,"elevation_loss":34},{"version":1,"timestamp":"2022-06-20 16:35:51 +0000","elevation":1237,"source_type":11,"duration":1151826,"distance":3809,"elevation_gain":35,"elevation_loss":34},{"version":1,"timestamp":"2022-06-20 16:35:54 +0000","elevation":1237,"source_type":11,"duration":1154825,"distance":3819,"elevation_gain":35,"elevation_loss":34},{"version":1,"timestamp":"2022-06-20 16:36:02 +0000","elevation":1237,"source_type":11,"duration":1162832,"distance":3843,"elevation_gain":35,"elevation_loss":34},{"version":1,"timestamp":"2022-06-20 16:36:10 +0000","elevation":1237,"source_type":11,"duration":1170836,"distance":3868,"elevation_gain":35,"elevation_loss":34},{"version":1,"timestamp":"2022-06-20 16:36:18 +0000","elevation":1237,"source_type":11,"duration":1178825,"distance":3890,"elevation_gain":35,"elevation_loss":34},{"version":1,"timestamp":"2022-06-20 16:36:26 +0000","elevation":1238,"source_type":11,"duration":1186881,"distance":3915,"elevation_gain":35,"elevation_loss":34},{"version":1,"timestamp":"2022-06-20 16:36:34 +0000","elevation":1238,"source_type":11,"duration":1194814,"distance":3942,"elevation_gain":35,"elevation_loss":34},{"version":1,"timestamp":"2022-06-20 16:36:42 +0000","elevation":1237,"source_type":11,"duration":1202816,"distance":3968,"elevation_gain":35,"elevation_loss":34},{"version":1,"timestamp":"2022-06-20 16:36:49 +0000","elevation":1237,"source_type":11,"duration":1209815,"distance":3991,"elevation_gain":35,"elevation_loss":34},{"version":1,"timestamp":"2022-06-20 16:36:56 +0000","elevation":1236,"source_type":11,"duration":1216844,"distance":4016,"elevation_gain":35,"elevation_loss":34},{"version":1,"timestamp":"2022-06-20 16:37:03 +0000","elevation":1236,"source_type":11,"duration":1223830,"distance":4040,"elevation_gain":35,"elevation_loss":34},{"version":1,"timestamp":"2022-06-20 16:37:10 +0000","elevation":1236,"source_type":11,"duration":1230821,"distance":4064,"elevation_gain":35,"elevation_loss":34},{"version":1,"timestamp":"2022-06-20 16:37:13 +0000","elevation":1236,"source_type":11,"duration":1233819,"distance":4074,"elevation_gain":35,"elevation_loss":34},{"version":1,"timestamp":"2022-06-20 16:37:15 +0000","elevation":1236,"source_type":11,"duration":1235842,"distance":4080,"elevation_gain":35,"elevation_loss":34},{"version":1,"timestamp":"2022-06-20 16:37:17 +0000","elevation":1236,"source_type":11,"duration":1237825,"distance":4089,"elevation_gain":35,"elevation_loss":34},{"version":1,"timestamp":"2022-06-20 16:37:24 +0000","elevation":1235,"source_type":11,"duration":1244819,"distance":4112,"elevation_gain":35,"elevation_loss":34},{"version":1,"timestamp":"2022-06-20 16:37:31 +0000","elevation":1235,"source_type":11,"duration":1251818,"distance":4139,"elevation_gain":35,"elevation_loss":39},{"version":1,"timestamp":"2022-06-20 16:37:38 +0000","elevation":1234,"source_type":11,"duration":1258827,"distance":4161,"elevation_gain":35,"elevation_loss":40},{"version":1,"timestamp":"2022-06-20 16:37:46 +0000","elevation":1232,"source_type":11,"duration":1266836,"distance":4185,"elevation_gain":35,"elevation_loss":42},{"version":1,"timestamp":"2022-06-20 16:37:53 +0000","elevation":1231,"source_type":11,"duration":1273826,"distance":4211,"elevation_gain":35,"elevation_loss":43},{"version":1,"timestamp":"2022-06-20 16:38:00 +0000","elevation":1230,"source_type":11,"duration":1280814,"distance":4238,"elevation_gain":35,"elevation_loss":44},{"version":1,"timestamp":"2022-06-20 16:38:07 +0000","elevation":1230,"source_type":11,"duration":1287815,"distance":4262,"elevation_gain":35,"elevation_loss":44},{"version":1,"timestamp":"2022-06-20 16:38:15 +0000","elevation":1232,"source_type":11,"duration":1295854,"distance":4287,"elevation_gain":35,"elevation_loss":44},{"version":1,"timestamp":"2022-06-20 16:38:24 +0000","elevation":1233,"source_type":11,"duration":1304844,"distance":4313,"elevation_gain":35,"elevation_loss":44},{"version":1,"timestamp":"2022-06-20 16:38:32 +0000","elevation":1234,"source_type":11,"duration":1312858,"distance":4338,"elevation_gain":35,"elevation_loss":44},{"version":1,"timestamp":"2022-06-20 16:38:41 +0000","elevation":1236,"source_type":11,"duration":1321816,"distance":4362,"elevation_gain":40,"elevation_loss":44},{"version":1,"timestamp":"2022-06-20 16:38:48 +0000","elevation":1236,"source_type":11,"duration":1328833,"distance":4387,"elevation_gain":41,"elevation_loss":44},{"version":1,"timestamp":"2022-06-20 16:38:54 +0000","elevation":1237,"source_type":11,"duration":1334826,"distance":4411,"elevation_gain":42,"elevation_loss":44},{"version":1,"timestamp":"2022-06-20 16:39:01 +0000","elevation":1238,"source_type":11,"duration":1341822,"distance":4437,"elevation_gain":43,"elevation_loss":44},{"version":1,"timestamp":"2022-06-20 16:39:09 +0000","elevation":1239,"source_type":11,"duration":1349835,"distance":4462,"elevation_gain":43,"elevation_loss":44},{"version":1,"timestamp":"2022-06-20 16:39:16 +0000","elevation":1239,"source_type":11,"duration":1356812,"distance":4486,"elevation_gain":44,"elevation_loss":44},{"version":1,"timestamp":"2022-06-20 16:39:17 +0000","elevation":1239,"source_type":11,"duration":1357817,"distance":4490,"elevation_gain":44,"elevation_loss":44},{"version":1,"timestamp":"2022-06-20 16:39:18 +0000","elevation":1239,"source_type":11,"duration":1358823,"distance":4492,"elevation_gain":44,"elevation_loss":44},{"version":1,"timestamp":"2022-06-20 16:39:19 +0000","elevation":1239,"source_type":11,"duration":1359828,"distance":4495,"elevation_gain":44,"elevation_loss":44},{"version":1,"timestamp":"2022-06-20 16:39:20 +0000","elevation":1239,"source_type":11,"duration":1360834,"distance":4498,"elevation_gain":44,"elevation_loss":44},{"version":1,"timestamp":"2022-06-20 16:39:22 +0000","elevation":1239,"source_type":11,"duration":1362831,"distance":4504,"elevation_gain":44,"elevation_loss":44},{"version":1,"timestamp":"2022-06-20 16:39:24 +0000","elevation":1239,"source_type":11,"duration":1364829,"distance":4511,"elevation_gain":44,"elevation_loss":44},{"version":1,"timestamp":"2022-06-20 16:39:26 +0000","elevation":1239,"source_type":11,"duration":1366576,"distance":4516,"elevation_gain":44,"elevation_loss":44},{"version":1,"timestamp":"2022-06-20 16:39:28 +0000","elevation":1240,"source_type":11,"duration":1368324,"distance":4522,"elevation_gain":44,"elevation_loss":44},{"version":1,"timestamp":"2022-06-20 16:39:30 +0000","elevation":1240,"source_type":11,"duration":1370071,"distance":4529,"elevation_gain":44,"elevation_loss":44},{"version":1,"timestamp":"2022-06-20 16:39:31 +0000","elevation":1240,"source_type":11,"duration":1371819,"distance":4535,"elevation_gain":44,"elevation_loss":44},{"version":1,"timestamp":"2022-06-20 16:39:33 +0000","elevation":1240,"source_type":11,"duration":1373573,"distance":4542,"elevation_gain":44,"elevation_loss":44},{"version":1,"timestamp":"2022-06-20 16:39:35 +0000","elevation":1240,"source_type":11,"duration":1375327,"distance":4548,"elevation_gain":44,"elevation_loss":44},{"version":1,"timestamp":"2022-06-20 16:39:37 +0000","elevation":1240,"source_type":11,"duration":1377081,"distance":4554,"elevation_gain":44,"elevation_loss":44},{"version":1,"timestamp":"2022-06-20 16:39:38 +0000","elevation":1240,"source_type":11,"duration":1378836,"distance":4561,"elevation_gain":44,"elevation_loss":44},{"version":1,"timestamp":"2022-06-20 16:39:40 +0000","elevation":1240,"source_type":11,"duration":1380579,"distance":4567,"elevation_gain":44,"elevation_loss":44},{"version":1,"timestamp":"2022-06-20 16:39:42 +0000","elevation":1240,"source_type":11,"duration":1382322,"distance":4573,"elevation_gain":44,"elevation_loss":44},{"version":1,"timestamp":"2022-06-20 16:39:44 +0000","elevation":1240,"source_type":11,"duration":1384065,"distance":4579,"elevation_gain":44,"elevation_loss":44},{"version":1,"timestamp":"2022-06-20 16:39:45 +0000","elevation":1240,"source_type":11,"duration":1385809,"distance":4586,"elevation_gain":44,"elevation_loss":44},{"version":1,"timestamp":"2022-06-20 16:39:47 +0000","elevation":1240,"source_type":11,"duration":1387814,"distance":4592,"elevation_gain":44,"elevation_loss":44},{"version":1,"timestamp":"2022-06-20 16:39:49 +0000","elevation":1240,"source_type":11,"duration":1389819,"distance":4597,"elevation_gain":44,"elevation_loss":44},{"version":1,"timestamp":"2022-06-20 16:39:51 +0000","elevation":1240,"source_type":11,"duration":1391824,"distance":4603,"elevation_gain":44,"elevation_loss":44},{"version":1,"timestamp":"2022-06-20 16:39:53 +0000","elevation":1240,"source_type":11,"duration":1393830,"distance":4609,"elevation_gain":44,"elevation_loss":44},{"version":1,"timestamp":"2022-06-20 16:39:55 +0000","elevation":1240,"source_type":11,"duration":1395825,"distance":4615,"elevation_gain":44,"elevation_loss":44},{"version":1,"timestamp":"2022-06-20 16:39:57 +0000","elevation":1240,"source_type":11,"duration":1397821,"distance":4621,"elevation_gain":44,"elevation_loss":44},{"version":1,"timestamp":"2022-06-20 16:39:59 +0000","elevation":1240,"source_type":11,"duration":1399816,"distance":4627,"elevation_gain":44,"elevation_loss":44},{"version":1,"timestamp":"2022-06-20 16:40:01 +0000","elevation":1240,"source_type":11,"duration":1401812,"distance":4634,"elevation_gain":44,"elevation_loss":44},{"version":1,"timestamp":"2022-06-20 16:40:09 +0000","elevation":1240,"source_type":11,"duration":1409811,"distance":4659,"elevation_gain":45,"elevation_loss":44},{"version":1,"timestamp":"2022-06-20 16:40:17 +0000","elevation":1240,"source_type":11,"duration":1417837,"distance":4683,"elevation_gain":45,"elevation_loss":44},{"version":1,"timestamp":"2022-06-20 16:40:24 +0000","elevation":1240,"source_type":11,"duration":1424810,"distance":4707,"elevation_gain":45,"elevation_loss":44},{"version":1,"timestamp":"2022-06-20 16:40:28 +0000","elevation":1240,"source_type":11,"duration":1428822,"distance":4719,"elevation_gain":45,"elevation_loss":44},{"version":1,"timestamp":"2022-06-20 16:40:32 +0000","elevation":1241,"source_type":11,"duration":1432847,"distance":4733,"elevation_gain":45,"elevation_loss":44},{"version":1,"timestamp":"2022-06-20 16:40:40 +0000","elevation":1240,"source_type":11,"duration":1440825,"distance":4757,"elevation_gain":45,"elevation_loss":44},{"version":1,"timestamp":"2022-06-20 16:40:47 +0000","elevation":1240,"source_type":11,"duration":1447823,"distance":4781,"elevation_gain":45,"elevation_loss":44},{"version":1,"timestamp":"2022-06-20 16:40:55 +0000","elevation":1239,"source_type":11,"duration":1455825,"distance":4805,"elevation_gain":45,"elevation_loss":44},{"version":1,"timestamp":"2022-06-20 16:41:02 +0000","elevation":1239,"source_type":11,"duration":1462860,"distance":4830,"elevation_gain":45,"elevation_loss":44},{"version":1,"timestamp":"2022-06-20 16:41:09 +0000","elevation":1238,"source_type":11,"duration":1469833,"distance":4857,"elevation_gain":45,"elevation_loss":44},{"version":1,"timestamp":"2022-06-20 16:41:15 +0000","elevation":1238,"source_type":11,"duration":1475837,"distance":4882,"elevation_gain":45,"elevation_loss":44},{"version":1,"timestamp":"2022-06-20 16:41:22 +0000","elevation":1237,"source_type":11,"duration":1482829,"distance":4909,"elevation_gain":45,"elevation_loss":44},{"version":1,"timestamp":"2022-06-20 16:41:28 +0000","elevation":1237,"source_type":11,"duration":1488831,"distance":4932,"elevation_gain":45,"elevation_loss":44},{"version":1,"timestamp":"2022-06-20 16:41:35 +0000","elevation":1237,"source_type":11,"duration":1495831,"distance":4956,"elevation_gain":45,"elevation_loss":44},{"version":1,"timestamp":"2022-06-20 16:41:43 +0000","elevation":1237,"source_type":11,"duration":1503832,"distance":4982,"elevation_gain":45,"elevation_loss":44},{"version":1,"timestamp":"2022-06-20 16:41:50 +0000","elevation":1237,"source_type":11,"duration":1510851,"distance":5007,"elevation_gain":45,"elevation_loss":44}]