[{"version":1,"timestamp":"2022-07-09 16:05:03 +0000","elevation":1239,"source_type":11,"duration":675,"distance":0,"elevation_gain":0,"elevation_loss":0},{"version":1,"timestamp":"2022-07-09 16:05:07 +0000","elevation":1239,"source_type":11,"duration":4623,"distance":9,"elevation_gain":0,"elevation_loss":0},{"version":1,"timestamp":"2022-07-09 16:05:14 +0000","elevation":1240,"source_type":11,"duration":11628,"distance":35,"elevation_gain":0,"elevation_loss":0},{"version":1,"timestamp":"2022-07-09 16:05:21 +0000","elevation":1240,"source_type":11,"duration":18622,"distance":63,"elevation_gain":0,"elevation_loss":0},{"version":1,"timestamp":"2022-07-09 16:05:27 +0000","elevation":1240,"source_type":11,"duration":24634,"distance":89,"elevation_gain":0,"elevation_loss":0},{"version":1,"timestamp":"2022-07-09 16:05:33 +0000","elevation":1240,"source_type":11,"duration":30623,"distance":114,"elevation_gain":0,"elevation_loss":0},{"version":1,"timestamp":"2022-07-09 16:05:39 +0000","elevation":1240,"source_type":11,"duration":36626,"distance":139,"elevation_gain":0,"elevation_loss":0},{"version":1,"timestamp":"2022-07-09 16:05:45 +0000","elevation":1240,"source_type":11,"duration":42618,"distance":163,"elevation_gain":0,"elevation_loss":0},{"version":1,"timestamp":"2022-07-09 16:05:53 +0000","elevation":1240,"source_type":11,"duration":50636,"distance":189,"elevation_gain":0,"elevation_loss":0},{"version":1,"timestamp":"2022-07-09 16:05:59 +0000","elevation":1240,"source_type":11,"duration":56631,"distance":213,"elevation_gain":0,"elevation_loss":0},{"version":1,"timestamp":"2022-07-09 16:06:06 +0000","elevation":1241,"source_type":11,"duration":63624,"distance":239,"elevation_gain":0,"elevation_loss":0},{"version":1,"timestamp":"2022-07-09 16:06:13 +0000","elevation":1240,"source_type":11,"duration":70632,"distance":263,"elevation_gain":0,"elevation_loss":0},{"version":1,"timestamp":"2022-07-09 16:06:20 +0000","elevation":1240,"source_type":11,"duration":77643,"distance":289,"elevation_gain":0,"elevation_loss":0},{"version":1,"timestamp":"2022-07-09 16:06:26 +0000","elevation":1240,"source_type":11,"duration":83625,"distance":313,"elevation_gain":0,"elevation_loss":0},{"version":1,"timestamp":"2022-07-09 16:06:32 +0000","elevation":1239,"source_type":11,"duration":89611,"distance":337,"elevation_gain":0,"elevation_loss":0},{"version":1,"timestamp":"2022-07-09 16:06:38 +0000","elevation":1238,"source_type":11,"duration":95626,"distance":362,"elevation_gain":0,"elevation_loss":0},{"version":1,"timestamp":"2022-07-09 16:06:45 +0000","elevation":1238,"source_type":11,"duration":102621,"distance":389,"elevation_gain":0,"elevation_loss":0},{"version":1,"timestamp":"2022-07-09 16:06:51 +0000","elevation":1237,"source_type":11,"duration":108628,"distance":416,"elevation_gain":0,"elevation_loss":0},{"version":1,"timestamp":"2022-07-09 16:06:53 +0000","elevation":1237,"source_type":11,"duration":110610,"distance":423,"elevation_gain":0,"elevation_loss":0},{"version":1,"timestamp":"2022-07-09 16:06:56 +0000","elevation":1237,"source_type":11,"duration":113604,"distance":436,"elevation_gain":0,"elevation_loss":0},{"version":1,"timestamp":"2022-07-09 16:06:58 +0000","elevation":1237,"source_type":11,"duration":115610,"distance":444,"elevation_gain":0,"elevation_loss":0},{"version":1,"timestamp":"2022-07-09 16:07:01 +0000","elevation":1237,"source_type":11,"duration":118615,"distance":456,"elevation_gain":0,"elevation_loss":0},{"version":1,"timestamp":"2022-07-09 16:07:02 +0000","elevation":1237,"source_type":11,"duration":119609,"distance":460,"elevation_gain":0,"elevation_loss":0},{"version":1,"timestamp":"2022-07-09 16:07:04 +0000","elevation":1237,"source_type":11,"duration":121617,"distance":468,"elevation_gain":0,"elevation_loss":0},{"version":1,"timestamp":"2022-07-09 16:07:05 +0000","elevation":1237,"source_type":11,"duration":122627,"distance":472,"elevation_gain":0,"elevation_loss":0},{"version":1,"timestamp":"2022-07-09 16:07:06 +0000","elevation":1237,"source_type":11,"duration":123622,"distance":476,"elevation_gain":0,"elevation_loss":0},{"version":1,"timestamp":"2022-07-09 16:07:07 +0000","elevation":1237,"source_type":11,"duration":124609,"distance":480,"elevation_gain":0,"elevation_loss":0},{"version":1,"timestamp":"2022-07-09 16:07:08 +0000","elevation":1237,"source_type":11,"duration":125629,"distance":484,"elevation_gain":0,"elevation_loss":0},{"version":1,"timestamp":"2022-07-09 16:07:10 +0000","elevation":1237,"source_type":11,"duration":127608,"distance":492,"elevation_gain":0,"elevation_loss":0},{"version":1,"timestamp":"2022-07-09 16:07:12 +0000","elevation":1238,"source_type":11,"duration":129622,"distance":498,"elevation_gain":0,"elevation_loss":0},{"version":1,"timestamp":"2022-07-09 16:07:14 +0000","elevation":1238,"source_type":11,"duration":131637,"distance":504,"elevation_gain":0,"elevation_loss":0},{"version":1,"timestamp":"2022-07-09 16:07:15 +0000","elevation":1238,"source_type":11,"duration":132632,"distance":507,"elevation_gain":0,"elevation_loss":0},{"version":1,"timestamp":"2022-07-09 16:07:16 +0000","elevation":1238,"source_type":11,"duration":133628,"distance":511,"elevation_gain":0,"elevation_loss":0},{"version":1,"timestamp":"2022-07-09 16:07:17 +0000","elevation":1238,"source_type":11,"duration":134624,"distance":515,"elevation_gain":0,"elevation_loss":0},{"version":1,"timestamp":"2022-07-09 16:07:18 +0000","elevation":1238,"source_type":11,"duration":135620,"distance":518,"elevation_gain":0,"elevation_loss":0},{"version":1,"timestamp":"2022-07-09 16:07:20 +0000","elevation":1238,"source_type":11,"duration":137373,"distance":524,"elevation_gain":0,"elevation_loss":0},{"version":1,"timestamp":"2022-07-09 16:07:22 +0000","elevation":1239,"source_type":11,"duration":139126,"distance":530,"elevation_gain":0,"elevation_loss":0},{"version":1,"timestamp":"2022-07-09 16:07:23 +0000","elevation":1239,"source_type":11,"duration":140879,"distance":537,"elevation_gain":0,"elevation_loss":0},{"version":1,"timestamp":"2022-07-09 16:07:25 +0000","elevation":1239,"source_type":11,"duration":142633,"distance":544,"elevation_gain":0,"elevation_loss":0},{"version":1,"timestamp":"2022-07-09 16:07:26 +0000","elevation":1239,"source_type":11,"duration":143632,"distance":549,"elevation_gain":0,"elevation_loss":0},{"version":1,"timestamp":"2022-07-09 16:07:27 +0000","elevation":1239,"source_type":11,"duration":144631,"distance":552,"elevation_gain":0,"elevation_loss":0},{"version":1,"timestamp":"2022-07-09 16:07:28 +0000","elevation":1239,"source_type":11,"duration":145630,"distance":556,"elevation_gain":0,"elevation_loss":0},{"version":1,"timestamp":"2022-07-09 16:07:29 +0000","elevation":1239,"source_type":11,"duration":146629,"distance":558,"elevation_gain":0,"elevation_loss":0},{"version":1,"timestamp":"2022-07-09 16:07:30 +0000","elevation":1239,"source_type":11,"duration":147383,"distance":561,"elevation_gain":0,"elevation_loss":0},{"version":1,"timestamp":"2022-07-09 16:07:31 +0000","elevation":1239,"source_type":11,"duration":148137,"distance":564,"elevation_gain":0,"elevation_loss":0},{"version":1,"timestamp":"2022-07-09 16:07:31 +0000","elevation":1239,"source_type":11,"duration":148891,"distance":566,"elevation_gain":0,"elevation_loss":0},{"version":1,"timestamp":"2022-07-09 16:07:32 +0000","elevation":1239,"source_type":11,"duration":149645,"distance":569,"elevation_gain":0,"elevation_loss":0},{"version":1,"timestamp":"2022-07-09 16:07:34 +0000","elevation":1239,"source_type":11,"duration":151389,"distance":574,"elevation_gain":0,"elevation_loss":0},{"version":1,"timestamp":"2022-07-09 16:07:36 +0000","elevation":1239,"source_type":11,"duration":153134,"distance":579,"elevation_gain":0,"elevation_loss":0},{"version":1,"timestamp":"2022-07-09 16:07:37 +0000","elevation":1240,"source_type":11,"duration":154879,"distance":586,"elevation_gain":0,"elevation_loss":0},{"version":1,"timestamp":"2022-07-09 16:07:39 +0000","elevation":1240,"source_type":11,"duration":156624,"distance":593,"elevation_gain":0,"elevation_loss":0},{"version":1,"timestamp":"2022-07-09 16:07:41 +0000","elevation":1240,"source_type":11,"duration":158377,"distance":598,"elevation_gain":0,"elevation_loss":0},{"version":1,"timestamp":"2022-07-09 16:07:43 +0000","elevation":1240,"source_type":11,"duration":160131,"distance":604,"elevation_gain":0,"elevation_loss":0},{"version":1,"timestamp":"2022-07-09 16:07:44 +0000","elevation":1240,"source_type":11,"duration":161884,"distance":610,"elevation_gain":0,"elevation_loss":0},{"version":1,"timestamp":"2022-07-09 16:07:46 +0000","elevation":1240,"source_type":11,"duration":163638,"distance":615,"elevation_gain":0,"elevation_loss":0},{"version":1,"timestamp":"2022-07-09 16:07:53 +0000","elevation":1241,"source_type":11,"duration":170631,"distance":640,"elevation_gain":0,"elevation_loss":0},{"version":1,"timestamp":"2022-07-09 16:08:01 +0000","elevation":1242,"source_type":11,"duration":178624,"distance":669,"elevation_gain":0,"elevation_loss":0},{"version":1,"timestamp":"2022-07-09 16:08:08 +0000","elevation":1242,"source_type":11,"duration":185646,"distance":693,"elevation_gain":0,"elevation_loss":0},{"version":1,"timestamp":"2022-07-09 16:08:16 +0000","elevation":1243,"source_type":11,"duration":193628,"distance":718,"elevation_gain":0,"elevation_loss":0},{"version":1,"timestamp":"2022-07-09 16:08:24 +0000","elevation":1243,"source_type":11,"duration":201628,"distance":744,"elevation_gain":0,"elevation_loss":0},{"version":1,"timestamp":"2022-07-09 16:08:31 +0000","elevation":1244,"source_type":11,"duration":208627,"distance":768,"elevation_gain":0,"elevation_loss":0},{"version":1,"timestamp":"2022-07-09 16:08:39 +0000","elevation":1246,"source_type":11,"duration":216645,"distance":794,"elevation_gain":6,"elevation_loss":0},{"version":1,"timestamp":"2022-07-09 16:08:43 +0000","elevation":1246,"source_type":11,"duration":220135,"distance":805,"elevation_gain":6,"elevation_loss":0},{"version":1,"timestamp":"2022-07-09 16:08:46 +0000","elevation":1247,"source_type":11,"duration":223625,"distance":816,"elevation_gain":7,"elevation_loss":0},{"version":1,"timestamp":"2022-07-09 16:08:48 +0000","elevation":1247,"source_type":11,"duration":225625,"distance":823,"elevation_gain":7,"elevation_loss":0},{"version":1,"timestamp":"2022-07-09 16:08:50 +0000","elevation":1248,"source_type":11,"duration":227625,"distance":829,"elevation_gain":8,"elevation_loss":0},{"version":1,"timestamp":"2022-07-09 16:08:52 +0000","elevation":1248,"source_type":11,"duration":229625,"distance":835,"elevation_gain":8,"elevation_loss":0},{"version":1,"timestamp":"2022-07-09 16:08:54 +0000","elevation":1247,"source_type":11,"duration":231626,"distance":841,"elevation_gain":8,"elevation_loss":0},{"version":1,"timestamp":"2022-07-09 16:08:58 +0000","elevation":1247,"source_type":11,"duration":235628,"distance":853,"elevation_gain":8,"elevation_loss":0},{"version":1,"timestamp":"2022-07-09 16:09:02 +0000","elevation":1247,"source_type":11,"duration":239631,"distance":865,"elevation_gain":8,"elevation_loss":0},{"version":1,"timestamp":"2022-07-09 16:09:04 +0000","elevation":1247,"source_type":11,"duration":241628,"distance":870,"elevation_gain":8,"elevation_loss":0},{"version":1,"timestamp":"2022-07-09 16:09:06 +0000","elevation":1246,"source_type":11,"duration":243625,"distance":876,"elevation_gain":8,"elevation_loss":0},{"version":1,"timestamp":"2022-07-09 16:09:08 +0000","elevation":1246,"source_type":11,"duration":245622,"distance":883,"elevation_gain":8,"elevation_loss":0},{"version":1,"timestamp":"2022-07-09 16:09:10 +0000","elevation":1246,"source_type":11,"duration":247620,"distance":889,"elevation_gain":8,"elevation_loss":0},{"version":1,"timestamp":"2022-07-09 16:09:12 +0000","elevation":1245,"source_type":11,"duration":249369,"distance":895,"elevation_gain":8,"elevation_loss":0},{"version":1,"timestamp":"2022-07-09 16:09:14 +0000","elevation":1245,"source_type":11,"duration":251118,"distance":901,"elevation_gain":8,"elevation_loss":0},{"version":1,"timestamp":"2022-07-09 16:09:15 +0000","elevation":1245,"source_type":11,"duration":252867,"distance":907,"elevation_gain":8,"elevation_loss":0},{"version":1,"timestamp":"2022-07-09 16:09:17 +0000","elevation":1244,"source_type":11,"duration":254617,"distance":912,"elevation_gain":8,"elevation_loss":0},{"version":1,"timestamp":"2022-07-09 16:09:19 +0000","elevation":1244,"source_type":11,"duration":256118,"distance":918,"elevation_gain":8,"elevation_loss":0},{"version":1,"timestamp":"2022-07-09 16:09:20 +0000","elevation":1244,"source_type":11,"duration":257620,"distance":924,"elevation_gain":8,"elevation_loss":0},{"version":1,"timestamp":"2022-07-09 16:09:22 +0000","elevation":1244,"source_type":11,"duration":259121,"distance":930,"elevation_gain":8,"elevation_loss":0},{"version":1,"timestamp":"2022-07-09 16:09:23 +0000","elevation":1243,"source_type":11,"duration":260623,"distance":937,"elevation_gain":8,"elevation_loss":0},{"version":1,"timestamp":"2022-07-09 16:09:25 +0000","elevation":1243,"source_type":11,"duration":262123,"distance":943,"elevation_gain":8,"elevation_loss":0},{"version":1,"timestamp":"2022-07-09 16:09:26 +0000","elevation":1243,"source_type":11,"duration":263624,"distance":949,"elevation_gain":8,"elevation_loss":0},{"version":1,"timestamp":"2022-07-09 16:09:28 +0000","elevation":1243,"source_type":11,"duration":265125,"distance":955,"elevation_gain":8,"elevation_loss":0},{"version":1,"timestamp":"2022-07-09 16:09:29 +0000","elevation":1243,"source_type":11,"duration":266626,"distance":961,"elevation_gain":8,"elevation_loss":0},{"version":1,"timestamp":"2022-07-09 16:09:31 +0000","elevation":1243,"source_type":11,"duration":268377,"distance":968,"elevation_gain":8,"elevation_loss":0},{"version":1,"timestamp":"2022-07-09 16:09:33 +0000","elevation":1243,"source_type":11,"duration":270129,"distance":975,"elevation_gain":8,"elevation_loss":0},{"version":1,"timestamp":"2022-07-09 16:09:34 +0000","elevation":1243,"source_type":11,"duration":271881,"distance":981,"elevation_gain":8,"elevation_loss":0},{"version":1,"timestamp":"2022-07-09 16:09:36 +0000","elevation":1243,"source_type":11,"duration":273633,"distance":988,"elevation_gain":8,"elevation_loss":0},{"version":1,"timestamp":"2022-07-09 16:09:38 +0000","elevation":1243,"source_type":11,"duration":275629,"distance":994,"elevation_gain":8,"elevation_loss":0},{"version":1,"timestamp":"2022-07-09 16:09:40 +0000","elevation":1243,"source_type":11,"duration":277626,"distance":1000,"elevation_gain":8,"elevation_loss":0},{"version":1,"timestamp":"2022-07-09 16:09:42 +0000","elevation":1243,"source_type":11,"duration":279623,"distance":1006,"elevation_gain":8,"elevation_loss":0},{"version":1,"timestamp":"2022-07-09 16:09:44 +0000","elevation":1243,"source_type":11,"duration":281620,"distance":1011,"elevation_gain":8,"elevation_loss":0},{"version":1,"timestamp":"2022-07-09 16:09:51 +0000","elevation":1243,"source_type":11,"duration":288657,"distance":1036,"elevation_gain":8,"elevation_loss":0},{"version":1,"timestamp":"2022-07-09 16:09:57 +0000","elevation":1243,"source_type":11,"duration":294630,"distance":1062,"elevation_gain":8,"elevation_loss":0},{"version":1,"timestamp":"2022-07-09 16:10:03 +0000","elevation":1242,"source_type":11,"duration":300627,"distance":1088,"elevation_gain":8,"elevation_loss":5},{"version":1,"timestamp":"2022-07-09 16:10:09 +0000","elevation":1242,"source_type":11,"duration":306626,"distance":1113,"elevation_gain":8,"elevation_loss":5},{"version":1,"timestamp":"2022-07-09 16:10:16 +0000","elevation":1241,"source_type":11,"duration":313644,"distance":1138,"elevation_gain":8,"elevation_loss":6},{"version":1,"timestamp":"2022-07-09 16:10:23 +0000","elevation":1240,"source_type":11,"duration":320630,"distance":1164,"elevation_gain":8,"elevation_loss":7},{"version":1,"timestamp":"2022-07-09 16:10:29 +0000","elevation":1239,"source_type":11,"duration":326614,"distance":1188,"elevation_gain":8,"elevation_loss":8},{"version":1,"timestamp":"2022-07-09 16:10:35 +0000","elevation":1239,"source_type":11,"duration":332631,"distance":1214,"elevation_gain":8,"elevation_loss":8},{"version":1,"timestamp":"2022-07-09 16:10:42 +0000","elevation":1238,"source_type":11,"duration":339624,"distance":1240,"elevation_gain":8,"elevation_loss":9},{"version":1,"timestamp":"2022-07-09 16:10:50 +0000","elevation":1238,"source_type":11,"duration":347635,"distance":1263,"elevation_gain":8,"elevation_loss":9},{"version":1,"timestamp":"2022-07-09 16:10:53 +0000","elevation":1238,"source_type":11,"duration":350384,"distance":1269,"elevation_gain":8,"elevation_loss":9},{"version":1,"timestamp":"2022-07-09 16:10:56 +0000","elevation":1238,"source_type":11,"duration":353133,"distance":1274,"elevation_gain":8,"elevation_loss":9},{"version":1,"timestamp":"2022-07-09 16:10:58 +0000","elevation":1238,"source_type":11,"duration":355882,"distance":1280,"elevation_gain":8,"elevation_loss":10},{"version":1,"timestamp":"2022-07-09 16:11:01 +0000","elevation":1237,"source_type":11,"duration":358632,"distance":1285,"elevation_gain":8,"elevation_loss":10},{"version":1,"timestamp":"2022-07-09 16:11:05 +0000","elevation":1237,"source_type":11,"duration":362130,"distance":1297,"elevation_gain":8,"elevation_loss":10},{"version":1,"timestamp":"2022-07-09 16:11:08 +0000","elevation":1237,"source_type":11,"duration":365628,"distance":1309,"elevation_gain":8,"elevation_loss":10},{"version":1,"timestamp":"2022-07-09 16:11:10 +0000","elevation":1237,"source_type":11,"duration":367628,"distance":1317,"elevation_gain":8,"elevation_loss":11},{"version":1,"timestamp":"2022-07-09 16:11:12 +0000","elevation":1236,"source_type":11,"duration":369629,"distance":1325,"elevation_gain":8,"elevation_loss":11},{"version":1,"timestamp":"2022-07-09 16:11:14 +0000","elevation":1236,"source_type":11,"duration":371629,"distance":1333,"elevation_gain":8,"elevation_loss":11},{"version":1,"timestamp":"2022-07-09 16:11:16 +0000","elevation":1236,"source_type":11,"duration":373630,"distance":1342,"elevation_gain":8,"elevation_loss":11},{"version":1,"timestamp":"2022-07-09 16:11:18 +0000","elevation":1236,"source_type":11,"duration":375377,"distance":1349,"elevation_gain":8,"elevation_loss":11},{"version":1,"timestamp":"2022-07-09 16:11:20 +0000","elevation":1236,"source_type":11,"duration":377124,"distance":1355,"elevation_gain":8,"elevation_loss":11},{"version":1,"timestamp":"2022-07-09 16:11:21 +0000","elevation":1236,"source_type":11,"duration":378871,"distance":1361,"elevation_gain":8,"elevation_loss":11},{"version":1,"timestamp":"2022-07-09 16:11:23 +0000","elevation":1236,"source_type":11,"duration":380618,"distance":1367,"elevation_gain":8,"elevation_loss":12},{"version":1,"timestamp":"2022-07-09 16:11:25 +0000","elevation":1236,"source_type":11,"duration":382373,"distance":1374,"elevation_gain":8,"elevation_loss":12},{"version":1,"timestamp":"2022-07-09 16:11:27 +0000","elevation":1235,"source_type":11,"duration":384128,"distance":1380,"elevation_gain":8,"elevation_loss":12},{"version":1,"timestamp":"2022-07-09 16:11:28 +0000","elevation":1235,"source_type":11,"duration":385883,"distance":1387,"elevation_gain":8,"elevation_loss":12},{"version":1,"timestamp":"2022-07-09 16:11:30 +0000","elevation":1235,"source_type":11,"duration":387639,"distance":1395,"elevation_gain":8,"elevation_loss":12},{"version":1,"timestamp":"2022-07-09 16:11:32 +0000","elevation":1235,"source_type":11,"duration":389390,"distance":1401,"elevation_gain":8,"elevation_loss":12},{"version":1,"timestamp":"2022-07-09 16:11:34 +0000","elevation":1235,"source_type":11,"duration":391142,"distance":1407,"elevation_gain":8,"elevation_loss":12},{"version":1,"timestamp":"2022-07-09 16:11:35 +0000","elevation":1235,"source_type":11,"duration":392894,"distance":1414,"elevation_gain":8,"elevation_loss":12},{"version":1,"timestamp":"2022-07-09 16:11:37 +0000","elevation":1235,"source_type":11,"duration":394646,"distance":1420,"elevation_gain":8,"elevation_loss":12},{"version":1,"timestamp":"2022-07-09 16:11:39 +0000","elevation":1235,"source_type":11,"duration":396145,"distance":1426,"elevation_gain":8,"elevation_loss":12},{"version":1,"timestamp":"2022-07-09 16:11:40 +0000","elevation":1235,"source_type":11,"duration":397644,"distance":1432,"elevation_gain":8,"elevation_loss":12},{"version":1,"timestamp":"2022-07-09 16:11:42 +0000","elevation":1235,"source_type":11,"duration":399143,"distance":1438,"elevation_gain":8,"elevation_loss":12},{"version":1,"timestamp":"2022-07-09 16:11:43 +0000","elevation":1235,"source_type":11,"duration":400642,"distance":1444,"elevation_gain":8,"elevation_loss":12},{"version":1,"timestamp":"2022-07-09 16:11:49 +0000","elevation":1234,"source_type":11,"duration":406637,"distance":1468,"elevation_gain":8,"elevation_loss":13},{"version":1,"timestamp":"2022-07-09 16:11:55 +0000","elevation":1232,"source_type":11,"duration":412629,"distance":1492,"elevation_gain":8,"elevation_loss":15},{"version":1,"timestamp":"2022-07-09 16:12:03 +0000","elevation":1230,"source_type":11,"duration":420646,"distance":1518,"elevation_gain":8,"elevation_loss":17},{"version":1,"timestamp":"2022-07-09 16:12:10 +0000","elevation":1228,"source_type":11,"duration":427626,"distance":1544,"elevation_gain":8,"elevation_loss":19},{"version":1,"timestamp":"2022-07-09 16:12:17 +0000","elevation":1226,"source_type":11,"duration":434623,"distance":1572,"elevation_gain":8,"elevation_loss":21},{"version":1,"timestamp":"2022-07-09 16:12:24 +0000","elevation":1225,"source_type":11,"duration":441634,"distance":1596,"elevation_gain":8,"elevation_loss":22},{"version":1,"timestamp":"2022-07-09 16:12:32 +0000","elevation":1222,"source_type":11,"duration":449626,"distance":1629,"elevation_gain":8,"elevation_loss":25},{"version":1,"timestamp":"2022-07-09 16:12:39 +0000","elevation":1222,"source_type":11,"duration":456623,"distance":1656,"elevation_gain":8,"elevation_loss":25},{"version":1,"timestamp":"2022-07-09 16:12:46 +0000","elevation":1222,"source_type":11,"duration":463628,"distance":1680,"elevation_gain":8,"elevation_loss":25},{"version":1,"timestamp":"2022-07-09 16:12:53 +0000","elevation":1222,"source_type":11,"duration":470625,"distance":1707,"elevation_gain":8,"elevation_loss":25},{"version":1,"timestamp":"2022-07-09 16:13:02 +0000","elevation":1222,"source_type":11,"duration":479633,"distance":1741,"elevation_gain":8,"elevation_loss":25},{"version":1,"timestamp":"2022-07-09 16:13:09 +0000","elevation":1222,"source_type":11,"duration":486624,"distance":1766,"elevation_gain":8,"elevation_loss":25},{"version":1,"timestamp":"2022-07-09 16:13:16 +0000","elevation":1222,"source_type":11,"duration":493617,"distance":1793,"elevation_gain":8,"elevation_loss":25},{"version":1,"timestamp":"2022-07-09 16:13:24 +0000","elevation":1223,"source_type":11,"duration":501621,"distance":1820,"elevation_gain":8,"elevation_loss":25},{"version":1,"timestamp":"2022-07-09 16:13:31 +0000","elevation":1224,"source_type":11,"duration":508624,"distance":1847,"elevation_gain":8,"elevation_loss":25},{"version":1,"timestamp":"2022-07-09 16:13:38 +0000","elevation":1225,"source_type":11,"duration":515624,"distance":1872,"elevation_gain":8,"elevation_loss":25},{"version":1,"timestamp":"2022-07-09 16:13:44 +0000","elevation":1226,"source_type":11,"duration":521631,"distance":1896,"elevation_gain":8,"elevation_loss":25},{"version":1,"timestamp":"2022-07-09 16:13:51 +0000","elevation":1227,"source_type":11,"duration":528637,"distance":1920,"elevation_gain":13,"elevation_loss":25},{"version":1,"timestamp":"2022-07-09 16:13:58 +0000","elevation":1228,"source_type":11,"duration":535629,"distance":1943,"elevation_gain":14,"elevation_loss":25},{"version":1,"timestamp":"2022-07-09 16:14:05 +0000","elevation":1230,"source_type":11,"duration":542639,"distance":1968,"elevation_gain":16,"elevation_loss":25},{"version":1,"timestamp":"2022-07-09 16:14:12 +0000","elevation":1231,"source_type":11,"duration":549637,"distance":1995,"elevation_gain":17,"elevation_loss":25},{"version":1,"timestamp":"2022-07-09 16:14:20 +0000","elevation":1232,"source_type":11,"duration":557635,"distance":2019,"elevation_gain":18,"elevation_loss":25},{"version":1,"timestamp":"2022-07-09 16:14:29 +0000","elevation":1233,"source_type":11,"duration":566627,"distance":2044,"elevation_gain":19,"elevation_loss":25},{"version":1,"timestamp":"2022-07-09 16:14:37 +0000","elevation":1234,"source_type":11,"duration":574638,"distance":2069,"elevation_gain":20,"elevation_loss":25},{"version":1,"timestamp":"2022-07-09 16:14:46 +0000","elevation":1236,"source_type":11,"duration":583636,"distance":2094,"elevation_gain":22,"elevation_loss":25},{"version":1,"timestamp":"2022-07-09 16:14:50 +0000","elevation":1236,"source_type":11,"duration":587629,"distance":2106,"elevation_gain":22,"elevation_loss":25},{"version":1,"timestamp":"2022-07-09 16:14:54 +0000","elevation":1237,"source_type":11,"duration":591622,"distance":2119,"elevation_gain":23,"elevation_loss":25},{"version":1,"timestamp":"2022-07-09 16:15:06 +0000","elevation":1237,"source_type":11,"duration":603627,"distance":2140,"elevation_gain":23,"elevation_loss":25},{"version":1,"timestamp":"2022-07-09 16:15:09 +0000","elevation":1237,"source_type":11,"duration":606375,"distance":2141,"elevation_gain":23,"elevation_loss":25},{"version":1,"timestamp":"2022-07-09 16:15:12 +0000","elevation":1237,"source_type":11,"duration":609123,"distance":2142,"elevation_gain":23,"elevation_loss":25},{"version":1,"timestamp":"2022-07-09 16:15:14 +0000","elevation":1237,"source_type":11,"duration":611871,"distance":2144,"elevation_gain":23,"elevation_loss":25},{"version":1,"timestamp":"2022-07-09 16:15:17 +0000","elevation":1237,"source_type":11,"duration":614619,"distance":2145,"elevation_gain":23,"elevation_loss":25},{"version":1,"timestamp":"2022-07-09 16:15:22 +0000","elevation":1237,"source_type":11,"duration":619370,"distance":2146,"elevation_gain":23,"elevation_loss":25},{"version":1,"timestamp":"2022-07-09 16:15:27 +0000","elevation":1237,"source_type":11,"duration":624122,"distance":2148,"elevation_gain":23,"elevation_loss":25},{"version":1,"timestamp":"2022-07-09 16:15:31 +0000","elevation":1237,"source_type":11,"duration":628873,"distance":2149,"elevation_gain":23,"elevation_loss":25},{"version":1,"timestamp":"2022-07-09 16:15:36 +0000","elevation":1237,"source_type":11,"duration":633625,"distance":2151,"elevation_gain":23,"elevation_loss":25},{"version":1,"timestamp":"2022-07-09 16:15:36 +0000","elevation":1237,"source_type":11,"duration":633875,"distance":2152,"elevation_gain":23,"elevation_loss":25},{"version":1,"timestamp":"2022-07-09 16:15:37 +0000","elevation":1237,"source_type":11,"duration":634125,"distance":2153,"elevation_gain":23,"elevation_loss":25},{"version":1,"timestamp":"2022-07-09 16:15:37 +0000","elevation":1237,"source_type":11,"duration":634375,"distance":2154,"elevation_gain":23,"elevation_loss":25},{"version":1,"timestamp":"2022-07-09 16:15:37 +0000","elevation":1237,"source_type":11,"duration":634625,"distance":2155,"elevation_gain":23,"elevation_loss":25},{"version":1,"timestamp":"2022-07-09 16:15:38 +0000","elevation":1237,"source_type":11,"duration":635123,"distance":2158,"elevation_gain":23,"elevation_loss":25},{"version":1,"timestamp":"2022-07-09 16:15:38 +0000","elevation":1237,"source_type":11,"duration":635621,"distance":2162,"elevation_gain":23,"elevation_loss":25},{"version":1,"timestamp":"2022-07-09 16:15:39 +0000","elevation":1238,"source_type":11,"duration":636119,"distance":2167,"elevation_gain":24,"elevation_loss":25},{"version":1,"timestamp":"2022-07-09 16:15:39 +0000","elevation":1238,"source_type":11,"duration":636618,"distance":2172,"elevation_gain":24,"elevation_loss":25},{"version":1,"timestamp":"2022-07-09 16:15:42 +0000","elevation":1238,"source_type":11,"duration":639625,"distance":2184,"elevation_gain":24,"elevation_loss":25},{"version":1,"timestamp":"2022-07-09 16:15:45 +0000","elevation":1238,"source_type":11,"duration":642632,"distance":2197,"elevation_gain":24,"elevation_loss":25},{"version":1,"timestamp":"2022-07-09 16:15:47 +0000","elevation":1238,"source_type":11,"duration":644380,"distance":2203,"elevation_gain":24,"elevation_loss":25},{"version":1,"timestamp":"2022-07-09 16:15:49 +0000","elevation":1238,"source_type":11,"duration":646129,"distance":2209,"elevation_gain":24,"elevation_loss":25},{"version":1,"timestamp":"2022-07-09 16:15:50 +0000","elevation":1238,"source_type":11,"duration":647877,"distance":2215,"elevation_gain":24,"elevation_loss":25},{"version":1,"timestamp":"2022-07-09 16:15:52 +0000","elevation":1238,"source_type":11,"duration":649626,"distance":2221,"elevation_gain":24,"elevation_loss":25},{"version":1,"timestamp":"2022-07-09 16:15:54 +0000","elevation":1238,"source_type":11,"duration":651377,"distance":2227,"elevation_gain":24,"elevation_loss":25},{"version":1,"timestamp":"2022-07-09 16:15:56 +0000","elevation":1237,"source_type":11,"duration":653128,"distance":2234,"elevation_gain":24,"elevation_loss":25},{"version":1,"timestamp":"2022-07-09 16:15:57 +0000","elevation":1237,"source_type":11,"duration":654879,"distance":2240,"elevation_gain":24,"elevation_loss":25},{"version":1,"timestamp":"2022-07-09 16:15:59 +0000","elevation":1237,"source_type":11,"duration":656631,"distance":2246,"elevation_gain":24,"elevation_loss":25},{"version":1,"timestamp":"2022-07-09 16:16:01 +0000","elevation":1237,"source_type":11,"duration":658631,"distance":2252,"elevation_gain":24,"elevation_loss":25},{"version":1,"timestamp":"2022-07-09 16:16:03 +0000","elevation":1237,"source_type":11,"duration":660632,"distance":2259,"elevation_gain":24,"elevation_loss":25},{"version":1,"timestamp":"2022-07-09 16:16:05 +0000","elevation":1237,"source_type":11,"duration":662632,"distance":2265,"elevation_gain":24,"elevation_loss":25},{"version":1,"timestamp":"2022-07-09 16:16:07 +0000","elevation":1237,"source_type":11,"duration":664633,"distance":2272,"elevation_gain":24,"elevation_loss":25},{"version":1,"timestamp":"2022-07-09 16:16:09 +0000","elevation":1237,"source_type":11,"duration":666631,"distance":2278,"elevation_gain":24,"elevation_loss":25},{"version":1,"timestamp":"2022-07-09 16:16:11 +0000","elevation":1237,"source_type":11,"duration":668630,"distance":2284,"elevation_gain":24,"elevation_loss":25},{"version":1,"timestamp":"2022-07-09 16:16:13 +0000","elevation":1237,"source_type":11,"duration":670629,"distance":2290,"elevation_gain":24,"elevation_loss":25},{"version":1,"timestamp":"2022-07-09 16:16:15 +0000","elevation":1237,"source_type":11,"duration":672628,"distance":2296,"elevation_gain":24,"elevation_loss":25},{"version":1,"timestamp":"2022-07-09 16:16:16 +0000","elevation":1237,"source_type":11,"duration":673628,"distance":2300,"elevation_gain":24,"elevation_loss":25},{"version":1,"timestamp":"2022-07-09 16:16:17 +0000","elevation":1237,"source_type":11,"duration":674629,"distance":2302,"elevation_gain":24,"elevation_loss":25},{"version":1,"timestamp":"2022-07-09 16:16:18 +0000","elevation":1237,"source_type":11,"duration":675630,"distance":2305,"elevation_gain":24,"elevation_loss":25},{"version":1,"timestamp":"2022-07-09 16:16:19 +0000","elevation":1237,"source_type":11,"duration":676631,"distance":2307,"elevation_gain":24,"elevation_loss":25},{"version":1,"timestamp":"2022-07-09 16:16:20 +0000","elevation":1237,"source_type":11,"duration":677878,"distance":2311,"elevation_gain":24,"elevation_loss":25},{"version":1,"timestamp":"2022-07-09 16:16:22 +0000","elevation":1237,"source_type":11,"duration":679125,"distance":2315,"elevation_gain":24,"elevation_loss":25},{"version":1,"timestamp":"2022-07-09 16:16:23 +0000","elevation":1237,"source_type":11,"duration":680372,"distance":2319,"elevation_gain":24,"elevation_loss":25},{"version":1,"timestamp":"2022-07-09 16:16:24 +0000","elevation":1237,"source_type":11,"duration":681620,"distance":2324,"elevation_gain":24,"elevation_loss":25},{"version":1,"timestamp":"2022-07-09 16:16:26 +0000","elevation":1238,"source_type":11,"duration":683372,"distance":2329,"elevation_gain":24,"elevation_loss":25},{"version":1,"timestamp":"2022-07-09 16:16:28 +0000","elevation":1238,"source_type":11,"duration":685125,"distance":2335,"elevation_gain":24,"elevation_loss":25},{"version":1,"timestamp":"2022-07-09 16:16:29 +0000","elevation":1238,"source_type":11,"duration":686877,"distance":2342,"elevation_gain":24,"elevation_loss":25},{"version":1,"timestamp":"2022-07-09 16:16:31 +0000","elevation":1238,"source_type":11,"duration":688630,"distance":2348,"elevation_gain":24,"elevation_loss":25},{"version":1,"timestamp":"2022-07-09 16:16:33 +0000","elevation":1238,"source_type":11,"duration":690380,"distance":2354,"elevation_gain":24,"elevation_loss":25},{"version":1,"timestamp":"2022-07-09 16:16:35 +0000","elevation":1238,"source_type":11,"duration":692131,"distance":2361,"elevation_gain":24,"elevation_loss":25},{"version":1,"timestamp":"2022-07-09 16:16:36 +0000","elevation":1238,"source_type":11,"duration":693881,"distance":2367,"elevation_gain":24,"elevation_loss":25},{"version":1,"timestamp":"2022-07-09 16:16:38 +0000","elevation":1239,"source_type":11,"duration":695632,"distance":2374,"elevation_gain":25,"elevation_loss":25},{"version":1,"timestamp":"2022-07-09 16:16:40 +0000","elevation":1239,"source_type":11,"duration":697383,"distance":2380,"elevation_gain":25,"elevation_loss":25},{"version":1,"timestamp":"2022-07-09 16:16:42 +0000","elevation":1239,"source_type":11,"duration":699134,"distance":2387,"elevation_gain":25,"elevation_loss":25},{"version":1,"timestamp":"2022-07-09 16:16:43 +0000","elevation":1239,"source_type":11,"duration":700885,"distance":2393,"elevation_gain":25,"elevation_loss":25},{"version":1,"timestamp":"2022-07-09 16:16:45 +0000","elevation":1238,"source_type":11,"duration":702637,"distance":2399,"elevation_gain":25,"elevation_loss":25},{"version":1,"timestamp":"2022-07-09 16:16:47 +0000","elevation":1238,"source_type":11,"duration":704633,"distance":2406,"elevation_gain":25,"elevation_loss":25},{"version":1,"timestamp":"2022-07-09 16:16:49 +0000","elevation":1238,"source_type":11,"duration":706629,"distance":2414,"elevation_gain":25,"elevation_loss":25},{"version":1,"timestamp":"2022-07-09 16:16:51 +0000","elevation":1238,"source_type":11,"duration":708625,"distance":2421,"elevation_gain":25,"elevation_loss":25},{"version":1,"timestamp":"2022-07-09 16:16:53 +0000","elevation":1238,"source_type":11,"duration":710621,"distance":2429,"elevation_gain":25,"elevation_loss":25},{"version":1,"timestamp":"2022-07-09 16:16:55 +0000","elevation":1237,"source_type":11,"duration":712374,"distance":2435,"elevation_gain":25,"elevation_loss":25},{"version":1,"timestamp":"2022-07-09 16:16:57 +0000","elevation":1237,"source_type":11,"duration":714128,"distance":2441,"elevation_gain":25,"elevation_loss":25},{"version":1,"timestamp":"2022-07-09 16:16:58 +0000","elevation":1237,"source_type":11,"duration":715882,"distance":2448,"elevation_gain":25,"elevation_loss":25},{"version":1,"timestamp":"2022-07-09 16:17:00 +0000","elevation":1237,"source_type":11,"duration":717636,"distance":2454,"elevation_gain":25,"elevation_loss":25},{"version":1,"timestamp":"2022-07-09 16:17:07 +0000","elevation":1237,"source_type":11,"duration":724636,"distance":2477,"elevation_gain":25,"elevation_loss":25},{"version":1,"timestamp":"2022-07-09 16:17:14 +0000","elevation":1235,"source_type":11,"duration":731641,"distance":2502,"elevation_gain":25,"elevation_loss":25},{"version":1,"timestamp":"2022-07-09 16:17:20 +0000","elevation":1234,"source_type":11,"duration":737633,"distance":2526,"elevation_gain":25,"elevation_loss":30},{"version":1,"timestamp":"2022-07-09 16:17:27 +0000","elevation":1232,"source_type":11,"duration":744628,"distance":2551,"elevation_gain":25,"elevation_loss":32},{"version":1,"timestamp":"2022-07-09 16:17:34 +0000","elevation":1231,"source_type":11,"duration":751607,"distance":2576,"elevation_gain":25,"elevation_loss":34},{"version":1,"timestamp":"2022-07-09 16:17:41 +0000","elevation":1229,"source_type":11,"duration":758612,"distance":2600,"elevation_gain":25,"elevation_loss":36},{"version":1,"timestamp":"2022-07-09 16:17:43 +0000","elevation":1228,"source_type":11,"duration":760614,"distance":2605,"elevation_gain":25,"elevation_loss":36},{"version":1,"timestamp":"2022-07-09 16:17:45 +0000","elevation":1228,"source_type":11,"duration":762616,"distance":2610,"elevation_gain":25,"elevation_loss":36},{"version":1,"timestamp":"2022-07-09 16:17:47 +0000","elevation":1228,"source_type":11,"duration":764618,"distance":2616,"elevation_gain":25,"elevation_loss":37},{"version":1,"timestamp":"2022-07-09 16:17:49 +0000","elevation":1227,"source_type":11,"duration":766620,"distance":2623,"elevation_gain":25,"elevation_loss":37},{"version":1,"timestamp":"2022-07-09 16:17:51 +0000","elevation":1227,"source_type":11,"duration":768385,"distance":2628,"elevation_gain":25,"elevation_loss":37},{"version":1,"timestamp":"2022-07-09 16:17:53 +0000","elevation":1227,"source_type":11,"duration":770151,"distance":2634,"elevation_gain":25,"elevation_loss":37},{"version":1,"timestamp":"2022-07-09 16:17:54 +0000","elevation":1227,"source_type":11,"duration":771917,"distance":2641,"elevation_gain":25,"elevation_loss":37},{"version":1,"timestamp":"2022-07-09 16:17:56 +0000","elevation":1227,"source_type":11,"duration":773683,"distance":2647,"elevation_gain":25,"elevation_loss":38},{"version":1,"timestamp":"2022-07-09 16:17:58 +0000","elevation":1227,"source_type":11,"duration":775419,"distance":2653,"elevation_gain":25,"elevation_loss":38},{"version":1,"timestamp":"2022-07-09 16:18:00 +0000","elevation":1227,"source_type":11,"duration":777155,"distance":2659,"elevation_gain":25,"elevation_loss":38},{"version":1,"timestamp":"2022-07-09 16:18:01 +0000","elevation":1227,"source_type":11,"duration":778891,"distance":2664,"elevation_gain":25,"elevation_loss":38},{"version":1,"timestamp":"2022-07-09 16:18:03 +0000","elevation":1227,"source_type":11,"duration":780627,"distance":2670,"elevation_gain":25,"elevation_loss":38},{"version":1,"timestamp":"2022-07-09 16:18:05 +0000","elevation":1227,"source_type":11,"duration":782376,"distance":2676,"elevation_gain":25,"elevation_loss":38},{"version":1,"timestamp":"2022-07-09 16:18:07 +0000","elevation":1227,"source_type":11,"duration":784126,"distance":2682,"elevation_gain":25,"elevation_loss":38},{"version":1,"timestamp":"2022-07-09 16:18:08 +0000","elevation":1227,"source_type":11,"duration":785875,"distance":2688,"elevation_gain":25,"elevation_loss":38},{"version":1,"timestamp":"2022-07-09 16:18:10 +0000","elevation":1227,"source_type":11,"duration":787625,"distance":2695,"elevation_gain":25,"elevation_loss":38},{"version":1,"timestamp":"2022-07-09 16:18:12 +0000","elevation":1227,"source_type":11,"duration":789625,"distance":2701,"elevation_gain":25,"elevation_loss":38},{"version":1,"timestamp":"2022-07-09 16:18:14 +0000","elevation":1228,"source_type":11,"duration":791625,"distance":2707,"elevation_gain":25,"elevation_loss":38},{"version":1,"timestamp":"2022-07-09 16:18:16 +0000","elevation":1228,"source_type":11,"duration":793625,"distance":2713,"elevation_gain":25,"elevation_loss":38},{"version":1,"timestamp":"2022-07-09 16:18:18 +0000","elevation":1228,"source_type":11,"duration":795626,"distance":2719,"elevation_gain":25,"elevation_loss":38},{"version":1,"timestamp":"2022-07-09 16:18:20 +0000","elevation":1228,"source_type":11,"duration":797625,"distance":2725,"elevation_gain":25,"elevation_loss":38},{"version":1,"timestamp":"2022-07-09 16:18:22 +0000","elevation":1228,"source_type":11,"duration":799625,"distance":2730,"elevation_gain":25,"elevation_loss":38},{"version":1,"timestamp":"2022-07-09 16:18:24 +0000","elevation":1228,"source_type":11,"duration":801624,"distance":2736,"elevation_gain":25,"elevation_loss":38},{"version":1,"timestamp":"2022-07-09 16:18:26 +0000","elevation":1228,"source_type":11,"duration":803624,"distance":2741,"elevation_gain":25,"elevation_loss":38},{"version":1,"timestamp":"2022-07-09 16:18:31 +0000","elevation":1228,"source_type":11,"duration":808129,"distance":2752,"elevation_gain":25,"elevation_loss":38},{"version":1,"timestamp":"2022-07-09 16:18:35 +0000","elevation":1227,"source_type":11,"duration":812635,"distance":2763,"elevation_gain":25,"elevation_loss":38},{"version":1,"timestamp":"2022-07-09 16:18:37 +0000","elevation":1227,"source_type":11,"duration":814381,"distance":2768,"elevation_gain":25,"elevation_loss":38},{"version":1,"timestamp":"2022-07-09 16:18:39 +0000","elevation":1226,"source_type":11,"duration":816127,"distance":2774,"elevation_gain":25,"elevation_loss":38},{"version":1,"timestamp":"2022-07-09 16:18:40 +0000","elevation":1226,"source_type":11,"duration":817873,"distance":2782,"elevation_gain":25,"elevation_loss":38},{"version":1,"timestamp":"2022-07-09 16:18:42 +0000","elevation":1226,"source_type":11,"duration":819619,"distance":2789,"elevation_gain":25,"elevation_loss":38},{"version":1,"timestamp":"2022-07-09 16:18:44 +0000","elevation":1225,"source_type":11,"duration":821119,"distance":2795,"elevation_gain":25,"elevation_loss":39},{"version":1,"timestamp":"2022-07-09 16:18:45 +0000","elevation":1225,"source_type":11,"duration":822620,"distance":2801,"elevation_gain":25,"elevation_loss":39},{"version":1,"timestamp":"2022-07-09 16:18:47 +0000","elevation":1225,"source_type":11,"duration":824120,"distance":2807,"elevation_gain":25,"elevation_loss":39},{"version":1,"timestamp":"2022-07-09 16:18:48 +0000","elevation":1225,"source_type":11,"duration":825621,"distance":2813,"elevation_gain":25,"elevation_loss":40},{"version":1,"timestamp":"2022-07-09 16:18:50 +0000","elevation":1224,"source_type":11,"duration":827371,"distance":2819,"elevation_gain":25,"elevation_loss":40},{"version":1,"timestamp":"2022-07-09 16:18:52 +0000","elevation":1224,"source_type":11,"duration":829121,"distance":2825,"elevation_gain":25,"elevation_loss":40},{"version":1,"timestamp":"2022-07-09 16:18:53 +0000","elevation":1224,"source_type":11,"duration":830871,"distance":2831,"elevation_gain":25,"elevation_loss":40},{"version":1,"timestamp":"2022-07-09 16:18:55 +0000","elevation":1224,"source_type":11,"duration":832621,"distance":2836,"elevation_gain":25,"elevation_loss":41},{"version":1,"timestamp":"2022-07-09 16:18:57 +0000","elevation":1223,"source_type":11,"duration":834624,"distance":2842,"elevation_gain":25,"elevation_loss":41},{"version":1,"timestamp":"2022-07-09 16:18:59 +0000","elevation":1223,"source_type":11,"duration":836627,"distance":2848,"elevation_gain":25,"elevation_loss":41},{"version":1,"timestamp":"2022-07-09 16:19:01 +0000","elevation":1223,"source_type":11,"duration":838630,"distance":2855,"elevation_gain":25,"elevation_loss":42},{"version":1,"timestamp":"2022-07-09 16:19:03 +0000","elevation":1222,"source_type":11,"duration":840634,"distance":2861,"elevation_gain":25,"elevation_loss":42},{"version":1,"timestamp":"2022-07-09 16:19:05 +0000","elevation":1222,"source_type":11,"duration":842383,"distance":2867,"elevation_gain":25,"elevation_loss":42},{"version":1,"timestamp":"2022-07-09 16:19:07 +0000","elevation":1222,"source_type":11,"duration":844133,"distance":2873,"elevation_gain":25,"elevation_loss":42},{"version":1,"timestamp":"2022-07-09 16:19:08 +0000","elevation":1222,"source_type":11,"duration":845883,"distance":2879,"elevation_gain":25,"elevation_loss":42},{"version":1,"timestamp":"2022-07-09 16:19:10 +0000","elevation":1222,"source_type":11,"duration":847633,"distance":2885,"elevation_gain":25,"elevation_loss":42},{"version":1,"timestamp":"2022-07-09 16:19:12 +0000","elevation":1222,"source_type":11,"duration":849878,"distance":2891,"elevation_gain":25,"elevation_loss":42},{"version":1,"timestamp":"2022-07-09 16:19:15 +0000","elevation":1222,"source_type":11,"duration":852123,"distance":2897,"elevation_gain":25,"elevation_loss":42},{"version":1,"timestamp":"2022-07-09 16:19:17 +0000","elevation":1222,"source_type":11,"duration":854368,"distance":2903,"elevation_gain":25,"elevation_loss":42},{"version":1,"timestamp":"2022-07-09 16:19:19 +0000","elevation":1222,"source_type":11,"duration":856613,"distance":2910,"elevation_gain":25,"elevation_loss":42},{"version":1,"timestamp":"2022-07-09 16:19:27 +0000","elevation":1222,"source_type":11,"duration":864630,"distance":2937,"elevation_gain":25,"elevation_loss":43},{"version":1,"timestamp":"2022-07-09 16:19:34 +0000","elevation":1222,"source_type":11,"duration":871623,"distance":2961,"elevation_gain":25,"elevation_loss":43},{"version":1,"timestamp":"2022-07-09 16:19:35 +0000","elevation":1222,"source_type":11,"duration":872612,"distance":2965,"elevation_gain":25,"elevation_loss":43},{"version":1,"timestamp":"2022-07-09 16:19:37 +0000","elevation":1222,"source_type":11,"duration":874623,"distance":2972,"elevation_gain":25,"elevation_loss":43},{"version":1,"timestamp":"2022-07-09 16:19:41 +0000","elevation":1222,"source_type":11,"duration":878628,"distance":2986,"elevation_gain":25,"elevation_loss":43},{"version":1,"timestamp":"2022-07-09 16:19:42 +0000","elevation":1222,"source_type":11,"duration":879631,"distance":2989,"elevation_gain":25,"elevation_loss":43},{"version":1,"timestamp":"2022-07-09 16:19:44 +0000","elevation":1222,"source_type":11,"duration":881636,"distance":2993,"elevation_gain":25,"elevation_loss":43},{"version":1,"timestamp":"2022-07-09 16:19:49 +0000","elevation":1222,"source_type":11,"duration":886635,"distance":3011,"elevation_gain":25,"elevation_loss":43},{"version":1,"timestamp":"2022-07-09 16:19:50 +0000","elevation":1222,"source_type":11,"duration":887638,"distance":3014,"elevation_gain":25,"elevation_loss":43},{"version":1,"timestamp":"2022-07-09 16:19:53 +0000","elevation":1222,"source_type":11,"duration":890615,"distance":3024,"elevation_gain":25,"elevation_loss":43},{"version":1,"timestamp":"2022-07-09 16:19:55 +0000","elevation":1222,"source_type":11,"duration":892621,"distance":3030,"elevation_gain":25,"elevation_loss":43},{"version":1,"timestamp":"2022-07-09 16:19:57 +0000","elevation":1222,"source_type":11,"duration":894625,"distance":3035,"elevation_gain":25,"elevation_loss":43},{"version":1,"timestamp":"2022-07-09 16:20:05 +0000","elevation":1224,"source_type":11,"duration":902625,"distance":3058,"elevation_gain":25,"elevation_loss":43},{"version":1,"timestamp":"2022-07-09 16:20:13 +0000","elevation":1225,"source_type":11,"duration":910633,"distance":3082,"elevation_gain":25,"elevation_loss":43},{"version":1,"timestamp":"2022-07-09 16:20:21 +0000","elevation":1227,"source_type":11,"duration":918628,"distance":3108,"elevation_gain":30,"elevation_loss":43},{"version":1,"timestamp":"2022-07-09 16:20:28 +0000","elevation":1229,"source_type":11,"duration":925620,"distance":3131,"elevation_gain":32,"elevation_loss":43},{"version":1,"timestamp":"2022-07-09 16:20:35 +0000","elevation":1230,"source_type":11,"duration":932630,"distance":3149,"elevation_gain":33,"elevation_loss":43},{"version":1,"timestamp":"2022-07-09 16:20:38 +0000","elevation":1231,"source_type":11,"duration":935638,"distance":3156,"elevation_gain":34,"elevation_loss":43},{"version":1,"timestamp":"2022-07-09 16:20:39 +0000","elevation":1231,"source_type":11,"duration":936635,"distance":3158,"elevation_gain":34,"elevation_loss":43},{"version":1,"timestamp":"2022-07-09 16:20:40 +0000","elevation":1231,"source_type":11,"duration":937633,"distance":3160,"elevation_gain":34,"elevation_loss":43},{"version":1,"timestamp":"2022-07-09 16:20:41 +0000","elevation":1231,"source_type":11,"duration":938631,"distance":3163,"elevation_gain":34,"elevation_loss":43},{"version":1,"timestamp":"2022-07-09 16:20:42 +0000","elevation":1231,"source_type":11,"duration":939629,"distance":3165,"elevation_gain":34,"elevation_loss":43},{"version":1,"timestamp":"2022-07-09 16:20:45 +0000","elevation":1231,"source_type":11,"duration":942126,"distance":3172,"elevation_gain":34,"elevation_loss":43},{"version":1,"timestamp":"2022-07-09 16:20:47 +0000","elevation":1230,"source_type":11,"duration":944624,"distance":3180,"elevation_gain":34,"elevation_loss":43},{"version":1,"timestamp":"2022-07-09 16:20:51 +0000","elevation":1230,"source_type":11,"duration":948129,"distance":3190,"elevation_gain":34,"elevation_loss":43},{"version":1,"timestamp":"2022-07-09 16:20:54 +0000","elevation":1230,"source_type":11,"duration":951635,"distance":3203,"elevation_gain":34,"elevation_loss":43},{"version":1,"timestamp":"2022-07-09 16:20:56 +0000","elevation":1230,"source_type":11,"duration":953883,"distance":3209,"elevation_gain":34,"elevation_loss":43},{"version":1,"timestamp":"2022-07-09 16:20:59 +0000","elevation":1230,"source_type":11,"duration":956131,"distance":3215,"elevation_gain":34,"elevation_loss":43},{"version":1,"timestamp":"2022-07-09 16:21:01 +0000","elevation":1229,"source_type":11,"duration":958379,"distance":3222,"elevation_gain":34,"elevation_loss":43},{"version":1,"timestamp":"2022-07-09 16:21:03 +0000","elevation":1229,"source_type":11,"duration":960627,"distance":3228,"elevation_gain":34,"elevation_loss":43},{"version":1,"timestamp":"2022-07-09 16:21:05 +0000","elevation":1229,"source_type":11,"duration":962376,"distance":3234,"elevation_gain":34,"elevation_loss":43},{"version":1,"timestamp":"2022-07-09 16:21:07 +0000","elevation":1229,"source_type":11,"duration":964126,"distance":3240,"elevation_gain":34,"elevation_loss":43},{"version":1,"timestamp":"2022-07-09 16:21:08 +0000","elevation":1228,"source_type":11,"duration":965875,"distance":3245,"elevation_gain":34,"elevation_loss":43},{"version":1,"timestamp":"2022-07-09 16:21:10 +0000","elevation":1228,"source_type":11,"duration":967625,"distance":3251,"elevation_gain":34,"elevation_loss":43},{"version":1,"timestamp":"2022-07-09 16:21:12 +0000","elevation":1228,"source_type":11,"duration":969624,"distance":3257,"elevation_gain":34,"elevation_loss":43},{"version":1,"timestamp":"2022-07-09 16:21:14 +0000","elevation":1227,"source_type":11,"duration":971623,"distance":3263,"elevation_gain":34,"elevation_loss":43},{"version":1,"timestamp":"2022-07-09 16:21:16 +0000","elevation":1227,"source_type":11,"duration":973622,"distance":3269,"elevation_gain":34,"elevation_loss":43},{"version":1,"timestamp":"2022-07-09 16:21:18 +0000","elevation":1227,"source_type":11,"duration":975621,"distance":3276,"elevation_gain":34,"elevation_loss":43},{"version":1,"timestamp":"2022-07-09 16:21:20 +0000","elevation":1227,"source_type":11,"duration":977374,"distance":3281,"elevation_gain":34,"elevation_loss":43},{"version":1,"timestamp":"2022-07-09 16:21:22 +0000","elevation":1226,"source_type":11,"duration":979127,"distance":3287,"elevation_gain":34,"elevation_loss":43},{"version":1,"timestamp":"2022-07-09 16:21:23 +0000","elevation":1226,"source_type":11,"duration":980880,"distance":3292,"elevation_gain":34,"elevation_loss":43},{"version":1,"timestamp":"2022-07-09 16:21:25 +0000","elevation":1226,"source_type":11,"duration":982633,"distance":3298,"elevation_gain":34,"elevation_loss":43},{"version":1,"timestamp":"2022-07-09 16:21:27 +0000","elevation":1226,"source_type":11,"duration":984627,"distance":3304,"elevation_gain":34,"elevation_loss":43},{"version":1,"timestamp":"2022-07-09 16:21:29 +0000","elevation":1226,"source_type":11,"duration":986622,"distance":3311,"elevation_gain":34,"elevation_loss":43},{"version":1,"timestamp":"2022-07-09 16:21:31 +0000","elevation":1226,"source_type":11,"duration":988616,"distance":3317,"elevation_gain":34,"elevation_loss":48},{"version":1,"timestamp":"2022-07-09 16:21:33 +0000","elevation":1225,"source_type":11,"duration":990611,"distance":3324,"elevation_gain":34,"elevation_loss":48},{"version":1,"timestamp":"2022-07-09 16:21:40 +0000","elevation":1225,"source_type":11,"duration":997624,"distance":3350,"elevation_gain":34,"elevation_loss":48},{"version":1,"timestamp":"2022-07-09 16:21:49 +0000","elevation":1224,"source_type":11,"duration":1006627,"distance":3376,"elevation_gain":34,"elevation_loss":49},{"version":1,"timestamp":"2022-07-09 16:21:57 +0000","elevation":1223,"source_type":11,"duration":1014628,"distance":3401,"elevation_gain":34,"elevation_loss":50},{"version":1,"timestamp":"2022-07-09 16:22:06 +0000","elevation":1222,"source_type":11,"duration":1023646,"distance":3433,"elevation_gain":34,"elevation_loss":51},{"version":1,"timestamp":"2022-07-09 16:22:13 +0000","elevation":1221,"source_type":11,"duration":1030631,"distance":3457,"elevation_gain":34,"elevation_loss":52},{"version":1,"timestamp":"2022-07-09 16:22:19 +0000","elevation":1220,"source_type":11,"duration":1036647,"distance":3480,"elevation_gain":34,"elevation_loss":53},{"version":1,"timestamp":"2022-07-09 16:22:26 +0000","elevation":1219,"source_type":11,"duration":1043679,"distance":3505,"elevation_gain":34,"elevation_loss":54},{"version":1,"timestamp":"2022-07-09 16:22:33 +0000","elevation":1219,"source_type":11,"duration":1050632,"distance":3531,"elevation_gain":34,"elevation_loss":55},{"version":1,"timestamp":"2022-07-09 16:22:34 +0000","elevation":1219,"source_type":11,"duration":1051884,"distance":3536,"elevation_gain":34,"elevation_loss":55},{"version":1,"timestamp":"2022-07-09 16:22:36 +0000","elevation":1219,"source_type":11,"duration":1053137,"distance":3540,"elevation_gain":34,"elevation_loss":55},{"version":1,"timestamp":"2022-07-09 16:22:37 +0000","elevation":1219,"source_type":11,"duration":1054390,"distance":3544,"elevation_gain":34,"elevation_loss":55},{"version":1,"timestamp":"2022-07-09 16:22:38 +0000","elevation":1219,"source_type":11,"duration":1055643,"distance":3548,"elevation_gain":34,"elevation_loss":55},{"version":1,"timestamp":"2022-07-09 16:22:40 +0000","elevation":1219,"source_type":11,"duration":1057140,"distance":3553,"elevation_gain":34,"elevation_loss":55},{"version":1,"timestamp":"2022-07-09 16:22:41 +0000","elevation":1219,"source_type":11,"duration":1058637,"distance":3557,"elevation_gain":34,"elevation_loss":55},{"version":1,"timestamp":"2022-07-09 16:22:43 +0000","elevation":1219,"source_type":11,"duration":1060636,"distance":3562,"elevation_gain":34,"elevation_loss":55},{"version":1,"timestamp":"2022-07-09 16:22:45 +0000","elevation":1219,"source_type":11,"duration":1062635,"distance":3568,"elevation_gain":34,"elevation_loss":55},{"version":1,"timestamp":"2022-07-09 16:22:47 +0000","elevation":1219,"source_type":11,"duration":1064634,"distance":3574,"elevation_gain":34,"elevation_loss":55},{"version":1,"timestamp":"2022-07-09 16:22:49 +0000","elevation":1219,"source_type":11,"duration":1066634,"distance":3580,"elevation_gain":34,"elevation_loss":55},{"version":1,"timestamp":"2022-07-09 16:22:51 +0000","elevation":1219,"source_type":11,"duration":1068398,"distance":3586,"elevation_gain":34,"elevation_loss":55},{"version":1,"timestamp":"2022-07-09 16:22:53 +0000","elevation":1219,"source_type":11,"duration":1070162,"distance":3592,"elevation_gain":34,"elevation_loss":55},{"version":1,"timestamp":"2022-07-09 16:22:54 +0000","elevation":1219,"source_type":11,"duration":1071926,"distance":3598,"elevation_gain":34,"elevation_loss":55},{"version":1,"timestamp":"2022-07-09 16:22:56 +0000","elevation":1219,"source_type":11,"duration":1073690,"distance":3605,"elevation_gain":34,"elevation_loss":55},{"version":1,"timestamp":"2022-07-09 16:22:58 +0000","elevation":1219,"source_type":11,"duration":1075925,"distance":3611,"elevation_gain":34,"elevation_loss":55},{"version":1,"timestamp":"2022-07-09 16:23:01 +0000","elevation":1219,"source_type":11,"duration":1078161,"distance":3617,"elevation_gain":34,"elevation_loss":55},{"version":1,"timestamp":"2022-07-09 16:23:03 +0000","elevation":1219,"source_type":11,"duration":1080397,"distance":3623,"elevation_gain":34,"elevation_loss":55},{"version":1,"timestamp":"2022-07-09 16:23:05 +0000","elevation":1219,"source_type":11,"duration":1082633,"distance":3629,"elevation_gain":34,"elevation_loss":55},{"version":1,"timestamp":"2022-07-09 16:23:07 +0000","elevation":1218,"source_type":11,"duration":1084882,"distance":3635,"elevation_gain":34,"elevation_loss":55},{"version":1,"timestamp":"2022-07-09 16:23:10 +0000","elevation":1218,"source_type":11,"duration":1087132,"distance":3641,"elevation_gain":34,"elevation_loss":55},{"version":1,"timestamp":"2022-07-09 16:23:12 +0000","elevation":1218,"source_type":11,"duration":1089382,"distance":3648,"elevation_gain":34,"elevation_loss":55},{"version":1,"timestamp":"2022-07-09 16:23:14 +0000","elevation":1218,"source_type":11,"duration":1091632,"distance":3654,"elevation_gain":34,"elevation_loss":55},{"version":1,"timestamp":"2022-07-09 16:23:16 +0000","elevation":1218,"source_type":11,"duration":1093634,"distance":3660,"elevation_gain":34,"elevation_loss":55},{"version":1,"timestamp":"2022-07-09 16:23:18 +0000","elevation":1218,"source_type":11,"duration":1095636,"distance":3666,"elevation_gain":34,"elevation_loss":55},{"version":1,"timestamp":"2022-07-09 16:23:20 +0000","elevation":1218,"source_type":11,"duration":1097638,"distance":3672,"elevation_gain":34,"elevation_loss":56},{"version":1,"timestamp":"2022-07-09 16:23:22 +0000","elevation":1218,"source_type":11,"duration":1099641,"distance":3677,"elevation_gain":34,"elevation_loss":56},{"version":1,"timestamp":"2022-07-09 16:23:30 +0000","elevation":1217,"source_type":11,"duration":1107651,"distance":3701,"elevation_gain":34,"elevation_loss":56},{"version":1,"timestamp":"2022-07-09 16:23:38 +0000","elevation":1217,"source_type":11,"duration":1115628,"distance":3725,"elevation_gain":34,"elevation_loss":56},{"version":1,"timestamp":"2022-07-09 16:23:47 +0000","elevation":1217,"source_type":11,"duration":1124611,"distance":3751,"elevation_gain":34,"elevation_loss":56},{"version":1,"timestamp":"2022-07-09 16:23:55 +0000","elevation":1217,"source_type":11,"duration":1132647,"distance":3777,"elevation_gain":34,"elevation_loss":56},{"version":1,"timestamp":"2022-07-09 16:24:03 +0000","elevation":1217,"source_type":11,"duration":1140630,"distance":3802,"elevation_gain":34,"elevation_loss":57},{"version":1,"timestamp":"2022-07-09 16:24:10 +0000","elevation":1216,"source_type":11,"duration":1147622,"distance":3826,"elevation_gain":34,"elevation_loss":57},{"version":1,"timestamp":"2022-07-09 16:24:18 +0000","elevation":1216,"source_type":11,"duration":1155628,"distance":3850,"elevation_gain":34,"elevation_loss":57},{"version":1,"timestamp":"2022-07-09 16:24:26 +0000","elevation":1216,"source_type":11,"duration":1163629,"distance":3874,"elevation_gain":34,"elevation_loss":57},{"version":1,"timestamp":"2022-07-09 16:24:28 +0000","elevation":1216,"source_type":11,"duration":1165630,"distance":3879,"elevation_gain":34,"elevation_loss":57},{"version":1,"timestamp":"2022-07-09 16:24:30 +0000","elevation":1216,"source_type":11,"duration":1167632,"distance":3885,"elevation_gain":34,"elevation_loss":57},{"version":1,"timestamp":"2022-07-09 16:24:32 +0000","elevation":1217,"source_type":11,"duration":1169634,"distance":3891,"elevation_gain":34,"elevation_loss":57},{"version":1,"timestamp":"2022-07-09 16:24:34 +0000","elevation":1217,"source_type":11,"duration":1171636,"distance":3898,"elevation_gain":34,"elevation_loss":57},{"version":1,"timestamp":"2022-07-09 16:24:38 +0000","elevation":1218,"source_type":11,"duration":1175637,"distance":3909,"elevation_gain":34,"elevation_loss":57},{"version":1,"timestamp":"2022-07-09 16:24:42 +0000","elevation":1219,"source_type":11,"duration":1179639,"distance":3921,"elevation_gain":34,"elevation_loss":57},{"version":1,"timestamp":"2022-07-09 16:24:44 +0000","elevation":1220,"source_type":11,"duration":1181641,"distance":3927,"elevation_gain":34,"elevation_loss":57},{"version":1,"timestamp":"2022-07-09 16:24:46 +0000","elevation":1220,"source_type":11,"duration":1183643,"distance":3932,"elevation_gain":34,"elevation_loss":57},{"version":1,"timestamp":"2022-07-09 16:24:48 +0000","elevation":1220,"source_type":11,"duration":1185645,"distance":3938,"elevation_gain":34,"elevation_loss":57},{"version":1,"timestamp":"2022-07-09 16:24:50 +0000","elevation":1221,"source_type":11,"duration":1187647,"distance":3944,"elevation_gain":34,"elevation_loss":57},{"version":1,"timestamp":"2022-07-09 16:24:52 +0000","elevation":1221,"source_type":11,"duration":1189891,"distance":3950,"elevation_gain":39,"elevation_loss":57},{"version":1,"timestamp":"2022-07-09 16:24:55 +0000","elevation":1221,"source_type":11,"duration":1192136,"distance":3956,"elevation_gain":39,"elevation_loss":57},{"version":1,"timestamp":"2022-07-09 16:24:57 +0000","elevation":1222,"source_type":11,"duration":1194381,"distance":3961,"elevation_gain":40,"elevation_loss":57},{"version":1,"timestamp":"2022-07-09 16:24:59 +0000","elevation":1222,"source_type":11,"duration":1196626,"distance":3967,"elevation_gain":40,"elevation_loss":57},{"version":1,"timestamp":"2022-07-09 16:25:01 +0000","elevation":1222,"source_type":11,"duration":1198877,"distance":3973,"elevation_gain":40,"elevation_loss":57},{"version":1,"timestamp":"2022-07-09 16:25:04 +0000","elevation":1223,"source_type":11,"duration":1201129,"distance":3979,"elevation_gain":41,"elevation_loss":57},{"version":1,"timestamp":"2022-07-09 16:25:06 +0000","elevation":1223,"source_type":11,"duration":1203381,"distance":3984,"elevation_gain":41,"elevation_loss":57},{"version":1,"timestamp":"2022-07-09 16:25:08 +0000","elevation":1224,"source_type":11,"duration":1205633,"distance":3990,"elevation_gain":41,"elevation_loss":57},{"version":1,"timestamp":"2022-07-09 16:25:10 +0000","elevation":1224,"source_type":11,"duration":1207633,"distance":3996,"elevation_gain":42,"elevation_loss":57},{"version":1,"timestamp":"2022-07-09 16:25:12 +0000","elevation":1224,"source_type":11,"duration":1209633,"distance":4002,"elevation_gain":42,"elevation_loss":57},{"version":1,"timestamp":"2022-07-09 16:25:14 +0000","elevation":1225,"source_type":11,"duration":1211633,"distance":4008,"elevation_gain":43,"elevation_loss":57},{"version":1,"timestamp":"2022-07-09 16:25:16 +0000","elevation":1225,"source_type":11,"duration":1213634,"distance":4013,"elevation_gain":43,"elevation_loss":57},{"version":1,"timestamp":"2022-07-09 16:25:19 +0000","elevation":1226,"source_type":11,"duration":1216136,"distance":4020,"elevation_gain":43,"elevation_loss":57},{"version":1,"timestamp":"2022-07-09 16:25:21 +0000","elevation":1226,"source_type":11,"duration":1218638,"distance":4026,"elevation_gain":44,"elevation_loss":57},{"version":1,"timestamp":"2022-07-09 16:25:24 +0000","elevation":1227,"source_type":11,"duration":1221140,"distance":4032,"elevation_gain":44,"elevation_loss":57},{"version":1,"timestamp":"2022-07-09 16:25:26 +0000","elevation":1227,"source_type":11,"duration":1223643,"distance":4039,"elevation_gain":45,"elevation_loss":57},{"version":1,"timestamp":"2022-07-09 16:25:33 +0000","elevation":1229,"source_type":11,"duration":1230618,"distance":4062,"elevation_gain":46,"elevation_loss":57},{"version":1,"timestamp":"2022-07-09 16:25:42 +0000","elevation":1231,"source_type":11,"duration":1239625,"distance":4086,"elevation_gain":48,"elevation_loss":57},{"version":1,"timestamp":"2022-07-09 16:25:50 +0000","elevation":1233,"source_type":11,"duration":1247626,"distance":4110,"elevation_gain":50,"elevation_loss":57},{"version":1,"timestamp":"2022-07-09 16:25:59 +0000","elevation":1234,"source_type":11,"duration":1256646,"distance":4131,"elevation_gain":52,"elevation_loss":57},{"version":1,"timestamp":"2022-07-09 16:26:09 +0000","elevation":1236,"source_type":11,"duration":1266638,"distance":4156,"elevation_gain":54,"elevation_loss":57},{"version":1,"timestamp":"2022-07-09 16:26:17 +0000","elevation":1238,"source_type":11,"duration":1274622,"distance":4181,"elevation_gain":56,"elevation_loss":57},{"version":1,"timestamp":"2022-07-09 16:26:25 +0000","elevation":1238,"source_type":11,"duration":1282634,"distance":4205,"elevation_gain":56,"elevation_loss":57},{"version":1,"timestamp":"2022-07-09 16:26:33 +0000","elevation":1238,"source_type":11,"duration":1290647,"distance":4229,"elevation_gain":56,"elevation_loss":57},{"version":1,"timestamp":"2022-07-09 16:26:42 +0000","elevation":1239,"source_type":11,"duration":1299623,"distance":4255,"elevation_gain":56,"elevation_loss":57},{"version":1,"timestamp":"2022-07-09 16:26:44 +0000","elevation":1239,"source_type":11,"duration":1301639,"distance":4262,"elevation_gain":56,"elevation_loss":57},{"version":1,"timestamp":"2022-07-09 16:26:46 +0000","elevation":1239,"source_type":11,"duration":1303655,"distance":4268,"elevation_gain":56,"elevation_loss":57},{"version":1,"timestamp":"2022-07-09 16:26:47 +0000","elevation":1239,"source_type":11,"duration":1304652,"distance":4271,"elevation_gain":56,"elevation_loss":57},{"version":1,"timestamp":"2022-07-09 16:26:48 +0000","elevation":1238,"source_type":11,"duration":1305650,"distance":4275,"elevation_gain":56,"elevation_loss":57},{"version":1,"timestamp":"2022-07-09 16:26:49 +0000","elevation":1238,"source_type":11,"duration":1306648,"distance":4279,"elevation_gain":56,"elevation_loss":57},{"version":1,"timestamp":"2022-07-09 16:26:50 +0000","elevation":1238,"source_type":11,"duration":1307646,"distance":4283,"elevation_gain":56,"elevation_loss":57},{"version":1,"timestamp":"2022-07-09 16:26:52 +0000","elevation":1238,"source_type":11,"duration":1309642,"distance":4288,"elevation_gain":56,"elevation_loss":57},{"version":1,"timestamp":"2022-07-09 16:26:54 +0000","elevation":1238,"source_type":11,"duration":1311638,"distance":4293,"elevation_gain":56,"elevation_loss":57},{"version":1,"timestamp":"2022-07-09 16:26:56 +0000","elevation":1238,"source_type":11,"duration":1313634,"distance":4299,"elevation_gain":56,"elevation_loss":57},{"version":1,"timestamp":"2022-07-09 16:26:58 +0000","elevation":1239,"source_type":11,"duration":1315631,"distance":4306,"elevation_gain":56,"elevation_loss":57},{"version":1,"timestamp":"2022-07-09 16:26:59 +0000","elevation":1239,"source_type":11,"duration":1316378,"distance":4309,"elevation_gain":56,"elevation_loss":57},{"version":1,"timestamp":"2022-07-09 16:27:00 +0000","elevation":1239,"source_type":11,"duration":1317125,"distance":4311,"elevation_gain":57,"elevation_loss":57},{"version":1,"timestamp":"2022-07-09 16:27:00 +0000","elevation":1239,"source_type":11,"duration":1317872,"distance":4313,"elevation_gain":57,"elevation_loss":57},{"version":1,"timestamp":"2022-07-09 16:27:01 +0000","elevation":1239,"source_type":11,"duration":1318619,"distance":4315,"elevation_gain":57,"elevation_loss":57},{"version":1,"timestamp":"2022-07-09 16:27:02 +0000","elevation":1239,"source_type":11,"duration":1319872,"distance":4319,"elevation_gain":57,"elevation_loss":57},{"version":1,"timestamp":"2022-07-09 16:27:04 +0000","elevation":1239,"source_type":11,"duration":1321126,"distance":4323,"elevation_gain":57,"elevation_loss":57},{"version":1,"timestamp":"2022-07-09 16:27:05 +0000","elevation":1239,"source_type":11,"duration":1322379,"distance":4327,"elevation_gain":57,"elevation_loss":57},{"version":1,"timestamp":"2022-07-09 16:27:06 +0000","elevation":1239,"source_type":11,"duration":1323633,"distance":4332,"elevation_gain":57,"elevation_loss":57},{"version":1,"timestamp":"2022-07-09 16:27:08 +0000","elevation":1239,"source_type":11,"duration":1325637,"distance":4337,"elevation_gain":57,"elevation_loss":57},{"version":1,"timestamp":"2022-07-09 16:27:10 +0000","elevation":1239,"source_type":11,"duration":1327641,"distance":4343,"elevation_gain":57,"elevation_loss":57},{"version":1,"timestamp":"2022-07-09 16:27:12 +0000","elevation":1240,"source_type":11,"duration":1329645,"distance":4350,"elevation_gain":57,"elevation_loss":57},{"version":1,"timestamp":"2022-07-09 16:27:14 +0000","elevation":1240,"source_type":11,"duration":1331649,"distance":4356,"elevation_gain":58,"elevation_loss":57},{"version":1,"timestamp":"2022-07-09 16:27:16 +0000","elevation":1240,"source_type":11,"duration":1333647,"distance":4362,"elevation_gain":58,"elevation_loss":57},{"version":1,"timestamp":"2022-07-09 16:27:18 +0000","elevation":1240,"source_type":11,"duration":1335645,"distance":4368,"elevation_gain":58,"elevation_loss":57},{"version":1,"timestamp":"2022-07-09 16:27:20 +0000","elevation":1240,"source_type":11,"duration":1337643,"distance":4373,"elevation_gain":58,"elevation_loss":57},{"version":1,"timestamp":"2022-07-09 16:27:22 +0000","elevation":1240,"source_type":11,"duration":1339642,"distance":4379,"elevation_gain":58,"elevation_loss":57},{"version":1,"timestamp":"2022-07-09 16:27:30 +0000","elevation":1240,"source_type":11,"duration":1347614,"distance":4403,"elevation_gain":58,"elevation_loss":57},{"version":1,"timestamp":"2022-07-09 16:27:37 +0000","elevation":1240,"source_type":11,"duration":1354634,"distance":4426,"elevation_gain":58,"elevation_loss":57},{"version":1,"timestamp":"2022-07-09 16:27:45 +0000","elevation":1241,"source_type":11,"duration":1362620,"distance":4450,"elevation_gain":59,"elevation_loss":57},{"version":1,"timestamp":"2022-07-09 16:27:52 +0000","elevation":1241,"source_type":11,"duration":1369639,"distance":4476,"elevation_gain":59,"elevation_loss":57},{"version":1,"timestamp":"2022-07-09 16:27:56 +0000","elevation":1241,"source_type":11,"duration":1373629,"distance":4490,"elevation_gain":59,"elevation_loss":57},{"version":1,"timestamp":"2022-07-09 16:27:58 +0000","elevation":1241,"source_type":11,"duration":1375626,"distance":4495,"elevation_gain":59,"elevation_loss":57},{"version":1,"timestamp":"2022-07-09 16:28:00 +0000","elevation":1241,"source_type":11,"duration":1377623,"distance":4501,"elevation_gain":59,"elevation_loss":57},{"version":1,"timestamp":"2022-07-09 16:28:02 +0000","elevation":1241,"source_type":11,"duration":1379629,"distance":4506,"elevation_gain":59,"elevation_loss":57},{"version":1,"timestamp":"2022-07-09 16:28:04 +0000","elevation":1241,"source_type":11,"duration":1381636,"distance":4512,"elevation_gain":59,"elevation_loss":57},{"version":1,"timestamp":"2022-07-09 16:28:06 +0000","elevation":1241,"source_type":11,"duration":1383643,"distance":4518,"elevation_gain":59,"elevation_loss":57},{"version":1,"timestamp":"2022-07-09 16:28:08 +0000","elevation":1240,"source_type":11,"duration":1385650,"distance":4525,"elevation_gain":59,"elevation_loss":57},{"version":1,"timestamp":"2022-07-09 16:28:10 +0000","elevation":1240,"source_type":11,"duration":1387894,"distance":4530,"elevation_gain":59,"elevation_loss":57},{"version":1,"timestamp":"2022-07-09 16:28:13 +0000","elevation":1240,"source_type":11,"duration":1390138,"distance":4536,"elevation_gain":59,"elevation_loss":57},{"version":1,"timestamp":"2022-07-09 16:28:15 +0000","elevation":1240,"source_type":11,"duration":1392382,"distance":4541,"elevation_gain":59,"elevation_loss":57},{"version":1,"timestamp":"2022-07-09 16:28:17 +0000","elevation":1240,"source_type":11,"duration":1394626,"distance":4547,"elevation_gain":59,"elevation_loss":57},{"version":1,"timestamp":"2022-07-09 16:28:19 +0000","elevation":1240,"source_type":11,"duration":1396378,"distance":4552,"elevation_gain":59,"elevation_loss":57},{"version":1,"timestamp":"2022-07-09 16:28:21 +0000","elevation":1239,"source_type":11,"duration":1398131,"distance":4557,"elevation_gain":59,"elevation_loss":57},{"version":1,"timestamp":"2022-07-09 16:28:22 +0000","elevation":1239,"source_type":11,"duration":1399883,"distance":4562,"elevation_gain":59,"elevation_loss":57},{"version":1,"timestamp":"2022-07-09 16:28:24 +0000","elevation":1239,"source_type":11,"duration":1401636,"distance":4567,"elevation_gain":59,"elevation_loss":57},{"version":1,"timestamp":"2022-07-09 16:28:26 +0000","elevation":1239,"source_type":11,"duration":1403631,"distance":4572,"elevation_gain":59,"elevation_loss":57},{"version":1,"timestamp":"2022-07-09 16:28:28 +0000","elevation":1239,"source_type":11,"duration":1405627,"distance":4578,"elevation_gain":59,"elevation_loss":57},{"version":1,"timestamp":"2022-07-09 16:28:30 +0000","elevation":1239,"source_type":11,"duration":1407623,"distance":4584,"elevation_gain":59,"elevation_loss":57},{"version":1,"timestamp":"2022-07-09 16:28:32 +0000","elevation":1239,"source_type":11,"duration":1409619,"distance":4590,"elevation_gain":59,"elevation_loss":57},{"version":1,"timestamp":"2022-07-09 16:28:34 +0000","elevation":1239,"source_type":11,"duration":1411872,"distance":4595,"elevation_gain":59,"elevation_loss":57},{"version":1,"timestamp":"2022-07-09 16:28:37 +0000","elevation":1239,"source_type":11,"duration":1414125,"distance":4601,"elevation_gain":59,"elevation_loss":57},{"version":1,"timestamp":"2022-07-09 16:28:39 +0000","elevation":1238,"source_type":11,"duration":1416378,"distance":4607,"elevation_gain":59,"elevation_loss":57},{"version":1,"timestamp":"2022-07-09 16:28:41 +0000","elevation":1238,"source_type":11,"duration":1418631,"distance":4612,"elevation_gain":59,"elevation_loss":57},{"version":1,"timestamp":"2022-07-09 16:28:46 +0000","elevation":1238,"source_type":11,"duration":1423635,"distance":4624,"elevation_gain":59,"elevation_loss":57},{"version":1,"timestamp":"2022-07-09 16:28:51 +0000","elevation":1239,"source_type":11,"duration":1428639,"distance":4635,"elevation_gain":59,"elevation_loss":57},{"version":1,"timestamp":"2022-07-09 16:28:53 +0000","elevation":1239,"source_type":11,"duration":1430640,"distance":4641,"elevation_gain":59,"elevation_loss":57},{"version":1,"timestamp":"2022-07-09 16:28:55 +0000","elevation":1239,"source_type":11,"duration":1432641,"distance":4647,"elevation_gain":59,"elevation_loss":57},{"version":1,"timestamp":"2022-07-09 16:28:57 +0000","elevation":1239,"source_type":11,"duration":1434642,"distance":4652,"elevation_gain":59,"elevation_loss":57},{"version":1,"timestamp":"2022-07-09 16:28:59 +0000","elevation":1239,"source_type":11,"duration":1436643,"distance":4658,"elevation_gain":59,"elevation_loss":57},{"version":1,"timestamp":"2022-07-09 16:29:01 +0000","elevation":1239,"source_type":11,"duration":1438387,"distance":4664,"elevation_gain":59,"elevation_loss":57},{"version":1,"timestamp":"2022-07-09 16:29:03 +0000","elevation":1239,"source_type":11,"duration":1440131,"distance":4671,"elevation_gain":59,"elevation_loss":57},{"version":1,"timestamp":"2022-07-09 16:29:04 +0000","elevation":1238,"source_type":11,"duration":1441875,"distance":4680,"elevation_gain":59,"elevation_loss":57},{"version":1,"timestamp":"2022-07-09 16:29:06 +0000","elevation":1238,"source_type":11,"duration":1443619,"distance":4689,"elevation_gain":59,"elevation_loss":57},{"version":1,"timestamp":"2022-07-09 16:29:07 +0000","elevation":1238,"source_type":11,"duration":1444621,"distance":4696,"elevation_gain":59,"elevation_loss":57},{"version":1,"timestamp":"2022-07-09 16:29:08 +0000","elevation":1238,"source_type":11,"duration":1445624,"distance":4703,"elevation_gain":59,"elevation_loss":57},{"version":1,"timestamp":"2022-07-09 16:29:09 +0000","elevation":1238,"source_type":11,"duration":1446626,"distance":4710,"elevation_gain":59,"elevation_loss":57},{"version":1,"timestamp":"2022-07-09 16:29:10 +0000","elevation":1238,"source_type":11,"duration":1447629,"distance":4717,"elevation_gain":59,"elevation_loss":57},{"version":1,"timestamp":"2022-07-09 16:29:11 +0000","elevation":1238,"source_type":11,"duration":1448880,"distance":4724,"elevation_gain":59,"elevation_loss":57},{"version":1,"timestamp":"2022-07-09 16:29:13 +0000","elevation":1238,"source_type":11,"duration":1450132,"distance":4730,"elevation_gain":59,"elevation_loss":57},{"version":1,"timestamp":"2022-07-09 16:29:14 +0000","elevation":1238,"source_type":11,"duration":1451383,"distance":4737,"elevation_gain":59,"elevation_loss":57},{"version":1,"timestamp":"2022-07-09 16:29:15 +0000","elevation":1238,"source_type":11,"duration":1452635,"distance":4744,"elevation_gain":59,"elevation_loss":57},{"version":1,"timestamp":"2022-07-09 16:29:17 +0000","elevation":1238,"source_type":11,"duration":1454134,"distance":4751,"elevation_gain":59,"elevation_loss":57},{"version":1,"timestamp":"2022-07-09 16:29:18 +0000","elevation":1238,"source_type":11,"duration":1455634,"distance":4758,"elevation_gain":59,"elevation_loss":57},{"version":1,"timestamp":"2022-07-09 16:29:20 +0000","elevation":1238,"source_type":11,"duration":1457134,"distance":4765,"elevation_gain":59,"elevation_loss":57},{"version":1,"timestamp":"2022-07-09 16:29:21 +0000","elevation":1238,"source_type":11,"duration":1458634,"distance":4772,"elevation_gain":59,"elevation_loss":57},{"version":1,"timestamp":"2022-07-09 16:29:22 +0000","elevation":1238,"source_type":11,"duration":1459139,"distance":4776,"elevation_gain":59,"elevation_loss":57},{"version":1,"timestamp":"2022-07-09 16:29:22 +0000","elevation":1238,"source_type":11,"duration":1459644,"distance":4779,"elevation_gain":59,"elevation_loss":57},{"version":1,"timestamp":"2022-07-09 16:29:23 +0000","elevation":1238,"source_type":11,"duration":1460149,"distance":4781,"elevation_gain":59,"elevation_loss":57},{"version":1,"timestamp":"2022-07-09 16:29:23 +0000","elevation":1238,"source_type":11,"duration":1460655,"distance":4783,"elevation_gain":59,"elevation_loss":57},{"version":1,"timestamp":"2022-07-09 16:29:25 +0000","elevation":1238,"source_type":11,"duration":1462156,"distance":4791,"elevation_gain":59,"elevation_loss":57},{"version":1,"timestamp":"2022-07-09 16:29:26 +0000","elevation":1238,"source_type":11,"duration":1463658,"distance":4800,"elevation_gain":59,"elevation_loss":57},{"version":1,"timestamp":"2022-07-09 16:29:26 +0000","elevation":1238,"source_type":11,"duration":1463899,"distance":4802,"elevation_gain":59,"elevation_loss":57},{"version":1,"timestamp":"2022-07-09 16:29:27 +0000","elevation":1238,"source_type":11,"duration":1464140,"distance":4804,"elevation_gain":59,"elevation_loss":57},{"version":1,"timestamp":"2022-07-09 16:29:27 +0000","elevation":1238,"source_type":11,"duration":1464381,"distance":4805,"elevation_gain":59,"elevation_loss":57},{"version":1,"timestamp":"2022-07-09 16:29:27 +0000","elevation":1238,"source_type":11,"duration":1464623,"distance":4806,"elevation_gain":59,"elevation_loss":57},{"version":1,"timestamp":"2022-07-09 16:29:28 +0000","elevation":1238,"source_type":11,"duration":1465628,"distance":4809,"elevation_gain":59,"elevation_loss":57},{"version":1,"timestamp":"2022-07-09 16:29:29 +0000","elevation":1238,"source_type":11,"duration":1466633,"distance":4814,"elevation_gain":59,"elevation_loss":57},{"version":1,"timestamp":"2022-07-09 16:29:30 +0000","elevation":1238,"source_type":11,"duration":1467638,"distance":4819,"elevation_gain":59,"elevation_loss":57},{"version":1,"timestamp":"2022-07-09 16:29:31 +0000","elevation":1238,"source_type":11,"duration":1468644,"distance":4825,"elevation_gain":59,"elevation_loss":57},{"version":1,"timestamp":"2022-07-09 16:29:33 +0000","elevation":1238,"source_type":11,"duration":1470397,"distance":4831,"elevation_gain":59,"elevation_loss":57},{"version":1,"timestamp":"2022-07-09 16:29:35 +0000","elevation":1238,"source_type":11,"duration":1472151,"distance":4837,"elevation_gain":59,"elevation_loss":57},{"version":1,"timestamp":"2022-07-09 16:29:36 +0000","elevation":1238,"source_type":11,"duration":1473904,"distance":4844,"elevation_gain":59,"elevation_loss":57},{"version":1,"timestamp":"2022-07-09 16:29:38 +0000","elevation":1238,"source_type":11,"duration":1475658,"distance":4851,"elevation_gain":59,"elevation_loss":57},{"version":1,"timestamp":"2022-07-09 16:29:40 +0000","elevation":1238,"source_type":11,"duration":1477645,"distance":4857,"elevation_gain":59,"elevation_loss":57},{"version":1,"timestamp":"2022-07-09 16:29:42 +0000","elevation":1238,"source_type":11,"duration":1479633,"distance":4864,"elevation_gain":59,"elevation_loss":57},{"version":1,"timestamp":"2022-07-09 16:29:44 +0000","elevation":1238,"source_type":11,"duration":1481620,"distance":4870,"elevation_gain":59,"elevation_loss":57},{"version":1,"timestamp":"2022-07-09 16:29:46 +0000","elevation":1238,"source_type":11,"duration":1483608,"distance":4876,"elevation_gain":59,"elevation_loss":57},{"version":1,"timestamp":"2022-07-09 16:29:48 +0000","elevation":1238,"source_type":11,"duration":1485613,"distance":4882,"elevation_gain":59,"elevation_loss":57},{"version":1,"timestamp":"2022-07-09 16:29:50 +0000","elevation":1239,"source_type":11,"duration":1487619,"distance":4888,"elevation_gain":59,"elevation_loss":57},{"version":1,"timestamp":"2022-07-09 16:29:52 +0000","elevation":1239,"source_type":11,"duration":1489625,"distance":4893,"elevation_gain":59,"elevation_loss":57},{"version":1,"timestamp":"2022-07-09 16:29:54 +0000","elevation":1239,"source_type":11,"duration":1491631,"distance":4899,"elevation_gain":59,"elevation_loss":57},{"version":1,"timestamp":"2022-07-09 16:30:03 +0000","elevation":1239,"source_type":11,"duration":1500630,"distance":4922,"elevation_gain":59,"elevation_loss":57},{"version":1,"timestamp":"2022-07-09 16:30:10 +0000","elevation":1240,"source_type":11,"duration":1507634,"distance":4946,"elevation_gain":59,"elevation_loss":57},{"version":1,"timestamp":"2022-07-09 16:30:17 +0000","elevation":1240,"source_type":11,"duration":1514633,"distance":4970,"elevation_gain":59,"elevation_loss":57},{"version":1,"timestamp":"2022-07-09 16:30:25 +0000","elevation":1240,"source_type":11,"duration":1522640,"distance":4994,"elevation_gain":59,"elevation_loss":57},{"version":1,"timestamp":"2022-07-09 16:30:34 +0000","elevation":1240,"source_type":11,"duration":1531620,"distance":5019,"elevation_gain":59,"elevation_loss":57}]