[{"version":1,"timestamp":"2022-06-22 16:16:47 +0000","elevation":1239,"source_type":11,"duration":3531,"distance":0,"elevation_gain":0,"elevation_loss":0},{"version":1,"timestamp":"2022-06-22 16:16:54 +0000","elevation":1240,"source_type":11,"duration":10545,"distance":29,"elevation_gain":0,"elevation_loss":0},{"version":1,"timestamp":"2022-06-22 16:17:00 +0000","elevation":1240,"source_type":11,"duration":16541,"distance":53,"elevation_gain":0,"elevation_loss":0},{"version":1,"timestamp":"2022-06-22 16:17:06 +0000","elevation":1240,"source_type":11,"duration":22543,"distance":77,"elevation_gain":0,"elevation_loss":0},{"version":1,"timestamp":"2022-06-22 16:17:12 +0000","elevation":1240,"source_type":11,"duration":28533,"distance":102,"elevation_gain":0,"elevation_loss":0},{"version":1,"timestamp":"2022-06-22 16:17:19 +0000","elevation":1240,"source_type":11,"duration":35538,"distance":129,"elevation_gain":0,"elevation_loss":0},{"version":1,"timestamp":"2022-06-22 16:17:25 +0000","elevation":1240,"source_type":11,"duration":41547,"distance":156,"elevation_gain":0,"elevation_loss":0},{"version":1,"timestamp":"2022-06-22 16:17:32 +0000","elevation":1240,"source_type":11,"duration":48547,"distance":181,"elevation_gain":0,"elevation_loss":0},{"version":1,"timestamp":"2022-06-22 16:17:40 +0000","elevation":1240,"source_type":11,"duration":56543,"distance":209,"elevation_gain":0,"elevation_loss":0},{"version":1,"timestamp":"2022-06-22 16:17:47 +0000","elevation":1241,"source_type":11,"duration":63539,"distance":234,"elevation_gain":0,"elevation_loss":0},{"version":1,"timestamp":"2022-06-22 16:17:54 +0000","elevation":1241,"source_type":11,"duration":70545,"distance":260,"elevation_gain":0,"elevation_loss":0},{"version":1,"timestamp":"2022-06-22 16:18:01 +0000","elevation":1240,"source_type":11,"duration":77542,"distance":286,"elevation_gain":0,"elevation_loss":0},{"version":1,"timestamp":"2022-06-22 16:18:08 +0000","elevation":1240,"source_type":11,"duration":84543,"distance":313,"elevation_gain":0,"elevation_loss":0},{"version":1,"timestamp":"2022-06-22 16:18:15 +0000","elevation":1239,"source_type":11,"duration":91549,"distance":336,"elevation_gain":0,"elevation_loss":0},{"version":1,"timestamp":"2022-06-22 16:18:23 +0000","elevation":1238,"source_type":11,"duration":99534,"distance":363,"elevation_gain":0,"elevation_loss":0},{"version":1,"timestamp":"2022-06-22 16:18:31 +0000","elevation":1238,"source_type":11,"duration":107531,"distance":390,"elevation_gain":0,"elevation_loss":0},{"version":1,"timestamp":"2022-06-22 16:18:38 +0000","elevation":1237,"source_type":11,"duration":114546,"distance":415,"elevation_gain":0,"elevation_loss":0},{"version":1,"timestamp":"2022-06-22 16:18:39 +0000","elevation":1237,"source_type":11,"duration":115529,"distance":419,"elevation_gain":0,"elevation_loss":0},{"version":1,"timestamp":"2022-06-22 16:18:41 +0000","elevation":1237,"source_type":11,"duration":117531,"distance":427,"elevation_gain":0,"elevation_loss":0},{"version":1,"timestamp":"2022-06-22 16:18:42 +0000","elevation":1237,"source_type":11,"duration":118534,"distance":433,"elevation_gain":0,"elevation_loss":0},{"version":1,"timestamp":"2022-06-22 16:18:45 +0000","elevation":1237,"source_type":11,"duration":121534,"distance":445,"elevation_gain":0,"elevation_loss":0},{"version":1,"timestamp":"2022-06-22 16:18:46 +0000","elevation":1237,"source_type":11,"duration":122533,"distance":449,"elevation_gain":0,"elevation_loss":0},{"version":1,"timestamp":"2022-06-22 16:18:47 +0000","elevation":1237,"source_type":11,"duration":123534,"distance":453,"elevation_gain":0,"elevation_loss":0},{"version":1,"timestamp":"2022-06-22 16:18:50 +0000","elevation":1237,"source_type":11,"duration":126544,"distance":464,"elevation_gain":0,"elevation_loss":0},{"version":1,"timestamp":"2022-06-22 16:18:52 +0000","elevation":1237,"source_type":11,"duration":128545,"distance":471,"elevation_gain":0,"elevation_loss":0},{"version":1,"timestamp":"2022-06-22 16:18:59 +0000","elevation":1237,"source_type":11,"duration":135544,"distance":494,"elevation_gain":0,"elevation_loss":0},{"version":1,"timestamp":"2022-06-22 16:19:01 +0000","elevation":1238,"source_type":11,"duration":137296,"distance":499,"elevation_gain":0,"elevation_loss":0},{"version":1,"timestamp":"2022-06-22 16:19:03 +0000","elevation":1238,"source_type":11,"duration":139048,"distance":505,"elevation_gain":0,"elevation_loss":0},{"version":1,"timestamp":"2022-06-22 16:19:04 +0000","elevation":1238,"source_type":11,"duration":140800,"distance":511,"elevation_gain":0,"elevation_loss":0},{"version":1,"timestamp":"2022-06-22 16:19:06 +0000","elevation":1238,"source_type":11,"duration":142553,"distance":517,"elevation_gain":0,"elevation_loss":0},{"version":1,"timestamp":"2022-06-22 16:19:10 +0000","elevation":1239,"source_type":11,"duration":146054,"distance":529,"elevation_gain":0,"elevation_loss":0},{"version":1,"timestamp":"2022-06-22 16:19:13 +0000","elevation":1239,"source_type":11,"duration":149556,"distance":542,"elevation_gain":0,"elevation_loss":0},{"version":1,"timestamp":"2022-06-22 16:19:15 +0000","elevation":1239,"source_type":11,"duration":151555,"distance":548,"elevation_gain":0,"elevation_loss":0},{"version":1,"timestamp":"2022-06-22 16:19:17 +0000","elevation":1239,"source_type":11,"duration":153555,"distance":554,"elevation_gain":0,"elevation_loss":0},{"version":1,"timestamp":"2022-06-22 16:19:19 +0000","elevation":1239,"source_type":11,"duration":155554,"distance":561,"elevation_gain":0,"elevation_loss":0},{"version":1,"timestamp":"2022-06-22 16:19:21 +0000","elevation":1239,"source_type":11,"duration":157554,"distance":567,"elevation_gain":0,"elevation_loss":0},{"version":1,"timestamp":"2022-06-22 16:19:23 +0000","elevation":1239,"source_type":11,"duration":159552,"distance":573,"elevation_gain":0,"elevation_loss":0},{"version":1,"timestamp":"2022-06-22 16:19:25 +0000","elevation":1240,"source_type":11,"duration":161551,"distance":580,"elevation_gain":0,"elevation_loss":0},{"version":1,"timestamp":"2022-06-22 16:19:27 +0000","elevation":1240,"source_type":11,"duration":163549,"distance":586,"elevation_gain":0,"elevation_loss":0},{"version":1,"timestamp":"2022-06-22 16:19:29 +0000","elevation":1240,"source_type":11,"duration":165548,"distance":592,"elevation_gain":0,"elevation_loss":0},{"version":1,"timestamp":"2022-06-22 16:19:31 +0000","elevation":1240,"source_type":11,"duration":167544,"distance":599,"elevation_gain":0,"elevation_loss":0},{"version":1,"timestamp":"2022-06-22 16:19:33 +0000","elevation":1240,"source_type":11,"duration":169541,"distance":605,"elevation_gain":0,"elevation_loss":0},{"version":1,"timestamp":"2022-06-22 16:19:35 +0000","elevation":1240,"source_type":11,"duration":171537,"distance":611,"elevation_gain":0,"elevation_loss":0},{"version":1,"timestamp":"2022-06-22 16:19:37 +0000","elevation":1240,"source_type":11,"duration":173534,"distance":618,"elevation_gain":0,"elevation_loss":0},{"version":1,"timestamp":"2022-06-22 16:19:39 +0000","elevation":1240,"source_type":11,"duration":175535,"distance":624,"elevation_gain":0,"elevation_loss":0},{"version":1,"timestamp":"2022-06-22 16:19:41 +0000","elevation":1240,"source_type":11,"duration":177536,"distance":630,"elevation_gain":0,"elevation_loss":0},{"version":1,"timestamp":"2022-06-22 16:19:43 +0000","elevation":1241,"source_type":11,"duration":179537,"distance":637,"elevation_gain":0,"elevation_loss":0},{"version":1,"timestamp":"2022-06-22 16:19:45 +0000","elevation":1241,"source_type":11,"duration":181538,"distance":643,"elevation_gain":0,"elevation_loss":0},{"version":1,"timestamp":"2022-06-22 16:19:47 +0000","elevation":1241,"source_type":11,"duration":183540,"distance":649,"elevation_gain":0,"elevation_loss":0},{"version":1,"timestamp":"2022-06-22 16:19:49 +0000","elevation":1241,"source_type":11,"duration":185542,"distance":655,"elevation_gain":0,"elevation_loss":0},{"version":1,"timestamp":"2022-06-22 16:19:51 +0000","elevation":1241,"source_type":11,"duration":187544,"distance":661,"elevation_gain":0,"elevation_loss":0},{"version":1,"timestamp":"2022-06-22 16:19:53 +0000","elevation":1241,"source_type":11,"duration":189546,"distance":667,"elevation_gain":0,"elevation_loss":0},{"version":1,"timestamp":"2022-06-22 16:20:01 +0000","elevation":1242,"source_type":11,"duration":197536,"distance":692,"elevation_gain":0,"elevation_loss":0},{"version":1,"timestamp":"2022-06-22 16:20:08 +0000","elevation":1243,"source_type":11,"duration":204541,"distance":716,"elevation_gain":0,"elevation_loss":0},{"version":1,"timestamp":"2022-06-22 16:20:17 +0000","elevation":1243,"source_type":11,"duration":213543,"distance":739,"elevation_gain":0,"elevation_loss":0},{"version":1,"timestamp":"2022-06-22 16:20:24 +0000","elevation":1244,"source_type":11,"duration":220536,"distance":762,"elevation_gain":0,"elevation_loss":0},{"version":1,"timestamp":"2022-06-22 16:20:31 +0000","elevation":1245,"source_type":11,"duration":227545,"distance":788,"elevation_gain":5,"elevation_loss":0},{"version":1,"timestamp":"2022-06-22 16:20:39 +0000","elevation":1247,"source_type":11,"duration":235534,"distance":813,"elevation_gain":7,"elevation_loss":0},{"version":1,"timestamp":"2022-06-22 16:20:47 +0000","elevation":1248,"source_type":11,"duration":243550,"distance":842,"elevation_gain":8,"elevation_loss":0},{"version":1,"timestamp":"2022-06-22 16:20:55 +0000","elevation":1247,"source_type":11,"duration":251546,"distance":867,"elevation_gain":8,"elevation_loss":0},{"version":1,"timestamp":"2022-06-22 16:20:57 +0000","elevation":1247,"source_type":11,"duration":253545,"distance":872,"elevation_gain":8,"elevation_loss":0},{"version":1,"timestamp":"2022-06-22 16:20:59 +0000","elevation":1247,"source_type":11,"duration":255544,"distance":878,"elevation_gain":8,"elevation_loss":0},{"version":1,"timestamp":"2022-06-22 16:21:01 +0000","elevation":1247,"source_type":11,"duration":257543,"distance":884,"elevation_gain":8,"elevation_loss":0},{"version":1,"timestamp":"2022-06-22 16:21:03 +0000","elevation":1246,"source_type":11,"duration":259543,"distance":890,"elevation_gain":8,"elevation_loss":0},{"version":1,"timestamp":"2022-06-22 16:21:05 +0000","elevation":1246,"source_type":11,"duration":261545,"distance":896,"elevation_gain":8,"elevation_loss":0},{"version":1,"timestamp":"2022-06-22 16:21:07 +0000","elevation":1246,"source_type":11,"duration":263548,"distance":902,"elevation_gain":8,"elevation_loss":0},{"version":1,"timestamp":"2022-06-22 16:21:09 +0000","elevation":1245,"source_type":11,"duration":265551,"distance":909,"elevation_gain":8,"elevation_loss":0},{"version":1,"timestamp":"2022-06-22 16:21:11 +0000","elevation":1245,"source_type":11,"duration":267554,"distance":915,"elevation_gain":8,"elevation_loss":0},{"version":1,"timestamp":"2022-06-22 16:21:13 +0000","elevation":1245,"source_type":11,"duration":269305,"distance":921,"elevation_gain":8,"elevation_loss":0},{"version":1,"timestamp":"2022-06-22 16:21:15 +0000","elevation":1244,"source_type":11,"duration":271056,"distance":928,"elevation_gain":8,"elevation_loss":0},{"version":1,"timestamp":"2022-06-22 16:21:16 +0000","elevation":1244,"source_type":11,"duration":272807,"distance":935,"elevation_gain":8,"elevation_loss":0},{"version":1,"timestamp":"2022-06-22 16:21:18 +0000","elevation":1244,"source_type":11,"duration":274558,"distance":942,"elevation_gain":8,"elevation_loss":0},{"version":1,"timestamp":"2022-06-22 16:21:20 +0000","elevation":1243,"source_type":11,"duration":276303,"distance":949,"elevation_gain":8,"elevation_loss":0},{"version":1,"timestamp":"2022-06-22 16:21:22 +0000","elevation":1243,"source_type":11,"duration":278049,"distance":956,"elevation_gain":8,"elevation_loss":0},{"version":1,"timestamp":"2022-06-22 16:21:23 +0000","elevation":1243,"source_type":11,"duration":279794,"distance":962,"elevation_gain":8,"elevation_loss":0},{"version":1,"timestamp":"2022-06-22 16:21:25 +0000","elevation":1243,"source_type":11,"duration":281540,"distance":969,"elevation_gain":8,"elevation_loss":0},{"version":1,"timestamp":"2022-06-22 16:21:27 +0000","elevation":1243,"source_type":11,"duration":283288,"distance":976,"elevation_gain":8,"elevation_loss":0},{"version":1,"timestamp":"2022-06-22 16:21:29 +0000","elevation":1243,"source_type":11,"duration":285037,"distance":982,"elevation_gain":8,"elevation_loss":0},{"version":1,"timestamp":"2022-06-22 16:21:30 +0000","elevation":1243,"source_type":11,"duration":286786,"distance":988,"elevation_gain":8,"elevation_loss":0},{"version":1,"timestamp":"2022-06-22 16:21:32 +0000","elevation":1243,"source_type":11,"duration":288535,"distance":994,"elevation_gain":8,"elevation_loss":0},{"version":1,"timestamp":"2022-06-22 16:21:34 +0000","elevation":1243,"source_type":11,"duration":290537,"distance":1000,"elevation_gain":8,"elevation_loss":0},{"version":1,"timestamp":"2022-06-22 16:21:36 +0000","elevation":1243,"source_type":11,"duration":292540,"distance":1005,"elevation_gain":8,"elevation_loss":0},{"version":1,"timestamp":"2022-06-22 16:21:38 +0000","elevation":1243,"source_type":11,"duration":294542,"distance":1011,"elevation_gain":8,"elevation_loss":0},{"version":1,"timestamp":"2022-06-22 16:21:40 +0000","elevation":1243,"source_type":11,"duration":296545,"distance":1016,"elevation_gain":8,"elevation_loss":0},{"version":1,"timestamp":"2022-06-22 16:21:47 +0000","elevation":1243,"source_type":11,"duration":303547,"distance":1042,"elevation_gain":8,"elevation_loss":0},{"version":1,"timestamp":"2022-06-22 16:21:53 +0000","elevation":1243,"source_type":11,"duration":309555,"distance":1067,"elevation_gain":8,"elevation_loss":0},{"version":1,"timestamp":"2022-06-22 16:21:57 +0000","elevation":1243,"source_type":11,"duration":313549,"distance":1083,"elevation_gain":8,"elevation_loss":0},{"version":1,"timestamp":"2022-06-22 16:22:00 +0000","elevation":1243,"source_type":11,"duration":316543,"distance":1093,"elevation_gain":8,"elevation_loss":5},{"version":1,"timestamp":"2022-06-22 16:22:07 +0000","elevation":1242,"source_type":11,"duration":323542,"distance":1118,"elevation_gain":8,"elevation_loss":5},{"version":1,"timestamp":"2022-06-22 16:22:15 +0000","elevation":1241,"source_type":11,"duration":331551,"distance":1143,"elevation_gain":8,"elevation_loss":6},{"version":1,"timestamp":"2022-06-22 16:22:21 +0000","elevation":1241,"source_type":11,"duration":337551,"distance":1167,"elevation_gain":8,"elevation_loss":7},{"version":1,"timestamp":"2022-06-22 16:22:24 +0000","elevation":1240,"source_type":11,"duration":340536,"distance":1179,"elevation_gain":8,"elevation_loss":7},{"version":1,"timestamp":"2022-06-22 16:22:27 +0000","elevation":1240,"source_type":11,"duration":343536,"distance":1192,"elevation_gain":8,"elevation_loss":7},{"version":1,"timestamp":"2022-06-22 16:22:33 +0000","elevation":1239,"source_type":11,"duration":349528,"distance":1218,"elevation_gain":8,"elevation_loss":8},{"version":1,"timestamp":"2022-06-22 16:22:35 +0000","elevation":1239,"source_type":11,"duration":351545,"distance":1226,"elevation_gain":8,"elevation_loss":8},{"version":1,"timestamp":"2022-06-22 16:22:37 +0000","elevation":1239,"source_type":11,"duration":353552,"distance":1233,"elevation_gain":8,"elevation_loss":9},{"version":1,"timestamp":"2022-06-22 16:22:41 +0000","elevation":1238,"source_type":11,"duration":357545,"distance":1249,"elevation_gain":8,"elevation_loss":9},{"version":1,"timestamp":"2022-06-22 16:22:43 +0000","elevation":1238,"source_type":11,"duration":359541,"distance":1256,"elevation_gain":8,"elevation_loss":9},{"version":1,"timestamp":"2022-06-22 16:22:44 +0000","elevation":1238,"source_type":11,"duration":360536,"distance":1259,"elevation_gain":8,"elevation_loss":9},{"version":1,"timestamp":"2022-06-22 16:22:46 +0000","elevation":1238,"source_type":11,"duration":362539,"distance":1266,"elevation_gain":8,"elevation_loss":9},{"version":1,"timestamp":"2022-06-22 16:22:48 +0000","elevation":1238,"source_type":11,"duration":364542,"distance":1273,"elevation_gain":8,"elevation_loss":9},{"version":1,"timestamp":"2022-06-22 16:22:52 +0000","elevation":1238,"source_type":11,"duration":368538,"distance":1284,"elevation_gain":8,"elevation_loss":9},{"version":1,"timestamp":"2022-06-22 16:22:54 +0000","elevation":1238,"source_type":11,"duration":370039,"distance":1288,"elevation_gain":8,"elevation_loss":9},{"version":1,"timestamp":"2022-06-22 16:22:55 +0000","elevation":1238,"source_type":11,"duration":371540,"distance":1293,"elevation_gain":8,"elevation_loss":9},{"version":1,"timestamp":"2022-06-22 16:22:57 +0000","elevation":1238,"source_type":11,"duration":373041,"distance":1299,"elevation_gain":8,"elevation_loss":10},{"version":1,"timestamp":"2022-06-22 16:22:58 +0000","elevation":1237,"source_type":11,"duration":374543,"distance":1305,"elevation_gain":8,"elevation_loss":10},{"version":1,"timestamp":"2022-06-22 16:23:00 +0000","elevation":1237,"source_type":11,"duration":376295,"distance":1311,"elevation_gain":8,"elevation_loss":10},{"version":1,"timestamp":"2022-06-22 16:23:02 +0000","elevation":1237,"source_type":11,"duration":378047,"distance":1318,"elevation_gain":8,"elevation_loss":10},{"version":1,"timestamp":"2022-06-22 16:23:03 +0000","elevation":1237,"source_type":11,"duration":379799,"distance":1325,"elevation_gain":8,"elevation_loss":10},{"version":1,"timestamp":"2022-06-22 16:23:05 +0000","elevation":1237,"source_type":11,"duration":381552,"distance":1333,"elevation_gain":8,"elevation_loss":11},{"version":1,"timestamp":"2022-06-22 16:23:07 +0000","elevation":1237,"source_type":11,"duration":383299,"distance":1340,"elevation_gain":8,"elevation_loss":11},{"version":1,"timestamp":"2022-06-22 16:23:09 +0000","elevation":1236,"source_type":11,"duration":385046,"distance":1347,"elevation_gain":8,"elevation_loss":11},{"version":1,"timestamp":"2022-06-22 16:23:10 +0000","elevation":1236,"source_type":11,"duration":386793,"distance":1355,"elevation_gain":8,"elevation_loss":11},{"version":1,"timestamp":"2022-06-22 16:23:12 +0000","elevation":1236,"source_type":11,"duration":388541,"distance":1362,"elevation_gain":8,"elevation_loss":11},{"version":1,"timestamp":"2022-06-22 16:23:14 +0000","elevation":1236,"source_type":11,"duration":390293,"distance":1369,"elevation_gain":8,"elevation_loss":11},{"version":1,"timestamp":"2022-06-22 16:23:16 +0000","elevation":1236,"source_type":11,"duration":392045,"distance":1376,"elevation_gain":8,"elevation_loss":12},{"version":1,"timestamp":"2022-06-22 16:23:17 +0000","elevation":1236,"source_type":11,"duration":393797,"distance":1383,"elevation_gain":8,"elevation_loss":12},{"version":1,"timestamp":"2022-06-22 16:23:19 +0000","elevation":1236,"source_type":11,"duration":395550,"distance":1390,"elevation_gain":8,"elevation_loss":12},{"version":1,"timestamp":"2022-06-22 16:23:21 +0000","elevation":1235,"source_type":11,"duration":397048,"distance":1397,"elevation_gain":8,"elevation_loss":12},{"version":1,"timestamp":"2022-06-22 16:23:22 +0000","elevation":1235,"source_type":11,"duration":398546,"distance":1403,"elevation_gain":8,"elevation_loss":12},{"version":1,"timestamp":"2022-06-22 16:23:24 +0000","elevation":1235,"source_type":11,"duration":400044,"distance":1409,"elevation_gain":8,"elevation_loss":12},{"version":1,"timestamp":"2022-06-22 16:23:25 +0000","elevation":1235,"source_type":11,"duration":401542,"distance":1415,"elevation_gain":8,"elevation_loss":12},{"version":1,"timestamp":"2022-06-22 16:23:27 +0000","elevation":1235,"source_type":11,"duration":403290,"distance":1422,"elevation_gain":8,"elevation_loss":12},{"version":1,"timestamp":"2022-06-22 16:23:29 +0000","elevation":1235,"source_type":11,"duration":405039,"distance":1428,"elevation_gain":8,"elevation_loss":12},{"version":1,"timestamp":"2022-06-22 16:23:30 +0000","elevation":1235,"source_type":11,"duration":406788,"distance":1434,"elevation_gain":8,"elevation_loss":12},{"version":1,"timestamp":"2022-06-22 16:23:32 +0000","elevation":1235,"source_type":11,"duration":408537,"distance":1441,"elevation_gain":8,"elevation_loss":12},{"version":1,"timestamp":"2022-06-22 16:23:38 +0000","elevation":1235,"source_type":11,"duration":414544,"distance":1466,"elevation_gain":8,"elevation_loss":12},{"version":1,"timestamp":"2022-06-22 16:23:44 +0000","elevation":1234,"source_type":11,"duration":420550,"distance":1491,"elevation_gain":8,"elevation_loss":14},{"version":1,"timestamp":"2022-06-22 16:23:45 +0000","elevation":1233,"source_type":11,"duration":421539,"distance":1494,"elevation_gain":8,"elevation_loss":14},{"version":1,"timestamp":"2022-06-22 16:23:49 +0000","elevation":1232,"source_type":11,"duration":425544,"distance":1510,"elevation_gain":8,"elevation_loss":15},{"version":1,"timestamp":"2022-06-22 16:23:51 +0000","elevation":1232,"source_type":11,"duration":427538,"distance":1516,"elevation_gain":8,"elevation_loss":15},{"version":1,"timestamp":"2022-06-22 16:24:00 +0000","elevation":1230,"source_type":11,"duration":436546,"distance":1540,"elevation_gain":8,"elevation_loss":17},{"version":1,"timestamp":"2022-06-22 16:24:07 +0000","elevation":1228,"source_type":11,"duration":443548,"distance":1563,"elevation_gain":8,"elevation_loss":19},{"version":1,"timestamp":"2022-06-22 16:24:15 +0000","elevation":1227,"source_type":11,"duration":451550,"distance":1591,"elevation_gain":8,"elevation_loss":21},{"version":1,"timestamp":"2022-06-22 16:24:21 +0000","elevation":1225,"source_type":11,"duration":457536,"distance":1615,"elevation_gain":8,"elevation_loss":22},{"version":1,"timestamp":"2022-06-22 16:24:28 +0000","elevation":1223,"source_type":11,"duration":464556,"distance":1642,"elevation_gain":8,"elevation_loss":24},{"version":1,"timestamp":"2022-06-22 16:24:34 +0000","elevation":1222,"source_type":11,"duration":470541,"distance":1666,"elevation_gain":8,"elevation_loss":25},{"version":1,"timestamp":"2022-06-22 16:24:41 +0000","elevation":1222,"source_type":11,"duration":477539,"distance":1690,"elevation_gain":8,"elevation_loss":25},{"version":1,"timestamp":"2022-06-22 16:24:42 +0000","elevation":1222,"source_type":11,"duration":478537,"distance":1693,"elevation_gain":8,"elevation_loss":25},{"version":1,"timestamp":"2022-06-22 16:24:43 +0000","elevation":1222,"source_type":11,"duration":479037,"distance":1694,"elevation_gain":8,"elevation_loss":25},{"version":1,"timestamp":"2022-06-22 16:24:43 +0000","elevation":1222,"source_type":11,"duration":479537,"distance":1696,"elevation_gain":8,"elevation_loss":25},{"version":1,"timestamp":"2022-06-22 16:24:44 +0000","elevation":1222,"source_type":11,"duration":480037,"distance":1697,"elevation_gain":8,"elevation_loss":25},{"version":1,"timestamp":"2022-06-22 16:24:44 +0000","elevation":1222,"source_type":11,"duration":480538,"distance":1699,"elevation_gain":8,"elevation_loss":25},{"version":1,"timestamp":"2022-06-22 16:24:45 +0000","elevation":1222,"source_type":11,"duration":481790,"distance":1702,"elevation_gain":8,"elevation_loss":25},{"version":1,"timestamp":"2022-06-22 16:24:47 +0000","elevation":1222,"source_type":11,"duration":483043,"distance":1706,"elevation_gain":8,"elevation_loss":25},{"version":1,"timestamp":"2022-06-22 16:24:48 +0000","elevation":1222,"source_type":11,"duration":484295,"distance":1711,"elevation_gain":8,"elevation_loss":25},{"version":1,"timestamp":"2022-06-22 16:24:49 +0000","elevation":1222,"source_type":11,"duration":485548,"distance":1715,"elevation_gain":8,"elevation_loss":25},{"version":1,"timestamp":"2022-06-22 16:24:51 +0000","elevation":1222,"source_type":11,"duration":487548,"distance":1721,"elevation_gain":8,"elevation_loss":25},{"version":1,"timestamp":"2022-06-22 16:24:53 +0000","elevation":1222,"source_type":11,"duration":489548,"distance":1727,"elevation_gain":8,"elevation_loss":25},{"version":1,"timestamp":"2022-06-22 16:24:55 +0000","elevation":1223,"source_type":11,"duration":491548,"distance":1733,"elevation_gain":8,"elevation_loss":25},{"version":1,"timestamp":"2022-06-22 16:24:57 +0000","elevation":1223,"source_type":11,"duration":493549,"distance":1740,"elevation_gain":8,"elevation_loss":25},{"version":1,"timestamp":"2022-06-22 16:24:59 +0000","elevation":1223,"source_type":11,"duration":495299,"distance":1746,"elevation_gain":8,"elevation_loss":25},{"version":1,"timestamp":"2022-06-22 16:25:01 +0000","elevation":1223,"source_type":11,"duration":497050,"distance":1751,"elevation_gain":8,"elevation_loss":25},{"version":1,"timestamp":"2022-06-22 16:25:02 +0000","elevation":1224,"source_type":11,"duration":498801,"distance":1757,"elevation_gain":8,"elevation_loss":25},{"version":1,"timestamp":"2022-06-22 16:25:04 +0000","elevation":1224,"source_type":11,"duration":500552,"distance":1762,"elevation_gain":8,"elevation_loss":25},{"version":1,"timestamp":"2022-06-22 16:25:06 +0000","elevation":1224,"source_type":11,"duration":502551,"distance":1768,"elevation_gain":8,"elevation_loss":25},{"version":1,"timestamp":"2022-06-22 16:25:08 +0000","elevation":1224,"source_type":11,"duration":504551,"distance":1774,"elevation_gain":8,"elevation_loss":25},{"version":1,"timestamp":"2022-06-22 16:25:10 +0000","elevation":1225,"source_type":11,"duration":506550,"distance":1779,"elevation_gain":8,"elevation_loss":25},{"version":1,"timestamp":"2022-06-22 16:25:12 +0000","elevation":1225,"source_type":11,"duration":508550,"distance":1785,"elevation_gain":8,"elevation_loss":25},{"version":1,"timestamp":"2022-06-22 16:25:14 +0000","elevation":1225,"source_type":11,"duration":510553,"distance":1791,"elevation_gain":8,"elevation_loss":25},{"version":1,"timestamp":"2022-06-22 16:25:16 +0000","elevation":1225,"source_type":11,"duration":512557,"distance":1797,"elevation_gain":8,"elevation_loss":25},{"version":1,"timestamp":"2022-06-22 16:25:18 +0000","elevation":1226,"source_type":11,"duration":514561,"distance":1803,"elevation_gain":8,"elevation_loss":25},{"version":1,"timestamp":"2022-06-22 16:25:20 +0000","elevation":1226,"source_type":11,"duration":516565,"distance":1808,"elevation_gain":8,"elevation_loss":25},{"version":1,"timestamp":"2022-06-22 16:25:27 +0000","elevation":1226,"source_type":11,"duration":523564,"distance":1832,"elevation_gain":8,"elevation_loss":25},{"version":1,"timestamp":"2022-06-22 16:25:35 +0000","elevation":1227,"source_type":11,"duration":531553,"distance":1856,"elevation_gain":8,"elevation_loss":25},{"version":1,"timestamp":"2022-06-22 16:25:42 +0000","elevation":1227,"source_type":11,"duration":538574,"distance":1880,"elevation_gain":13,"elevation_loss":25},{"version":1,"timestamp":"2022-06-22 16:25:50 +0000","elevation":1227,"source_type":11,"duration":546565,"distance":1907,"elevation_gain":13,"elevation_loss":25},{"version":1,"timestamp":"2022-06-22 16:25:57 +0000","elevation":1227,"source_type":11,"duration":553553,"distance":1932,"elevation_gain":13,"elevation_loss":25},{"version":1,"timestamp":"2022-06-22 16:26:04 +0000","elevation":1227,"source_type":11,"duration":560535,"distance":1958,"elevation_gain":13,"elevation_loss":25},{"version":1,"timestamp":"2022-06-22 16:26:11 +0000","elevation":1227,"source_type":11,"duration":567550,"distance":1983,"elevation_gain":13,"elevation_loss":25},{"version":1,"timestamp":"2022-06-22 16:26:18 +0000","elevation":1227,"source_type":11,"duration":574547,"distance":2007,"elevation_gain":13,"elevation_loss":25},{"version":1,"timestamp":"2022-06-22 16:26:25 +0000","elevation":1227,"source_type":11,"duration":581550,"distance":2032,"elevation_gain":13,"elevation_loss":25},{"version":1,"timestamp":"2022-06-22 16:26:33 +0000","elevation":1228,"source_type":11,"duration":589543,"distance":2058,"elevation_gain":13,"elevation_loss":25},{"version":1,"timestamp":"2022-06-22 16:26:41 +0000","elevation":1228,"source_type":11,"duration":597546,"distance":2082,"elevation_gain":14,"elevation_loss":25},{"version":1,"timestamp":"2022-06-22 16:26:49 +0000","elevation":1228,"source_type":11,"duration":605547,"distance":2109,"elevation_gain":14,"elevation_loss":25},{"version":1,"timestamp":"2022-06-22 16:26:56 +0000","elevation":1229,"source_type":11,"duration":612554,"distance":2132,"elevation_gain":14,"elevation_loss":25},{"version":1,"timestamp":"2022-06-22 16:27:03 +0000","elevation":1229,"source_type":11,"duration":619581,"distance":2156,"elevation_gain":14,"elevation_loss":25},{"version":1,"timestamp":"2022-06-22 16:27:10 +0000","elevation":1229,"source_type":11,"duration":626538,"distance":2181,"elevation_gain":15,"elevation_loss":25},{"version":1,"timestamp":"2022-06-22 16:27:18 +0000","elevation":1228,"source_type":11,"duration":634547,"distance":2207,"elevation_gain":15,"elevation_loss":25},{"version":1,"timestamp":"2022-06-22 16:27:26 +0000","elevation":1227,"source_type":11,"duration":642556,"distance":2232,"elevation_gain":15,"elevation_loss":25},{"version":1,"timestamp":"2022-06-22 16:27:33 +0000","elevation":1226,"source_type":11,"duration":649553,"distance":2255,"elevation_gain":15,"elevation_loss":25},{"version":1,"timestamp":"2022-06-22 16:27:40 +0000","elevation":1226,"source_type":11,"duration":656552,"distance":2279,"elevation_gain":15,"elevation_loss":25},{"version":1,"timestamp":"2022-06-22 16:27:48 +0000","elevation":1226,"source_type":11,"duration":664551,"distance":2305,"elevation_gain":15,"elevation_loss":25},{"version":1,"timestamp":"2022-06-22 16:27:55 +0000","elevation":1226,"source_type":11,"duration":671560,"distance":2329,"elevation_gain":15,"elevation_loss":25},{"version":1,"timestamp":"2022-06-22 16:28:02 +0000","elevation":1226,"source_type":11,"duration":678560,"distance":2351,"elevation_gain":15,"elevation_loss":25},{"version":1,"timestamp":"2022-06-22 16:28:06 +0000","elevation":1226,"source_type":11,"duration":682551,"distance":2362,"elevation_gain":15,"elevation_loss":25},{"version":1,"timestamp":"2022-06-22 16:28:10 +0000","elevation":1226,"source_type":11,"duration":686543,"distance":2374,"elevation_gain":15,"elevation_loss":25},{"version":1,"timestamp":"2022-06-22 16:28:12 +0000","elevation":1226,"source_type":11,"duration":688544,"distance":2380,"elevation_gain":15,"elevation_loss":25},{"version":1,"timestamp":"2022-06-22 16:28:14 +0000","elevation":1227,"source_type":11,"duration":690545,"distance":2386,"elevation_gain":15,"elevation_loss":25},{"version":1,"timestamp":"2022-06-22 16:28:16 +0000","elevation":1227,"source_type":11,"duration":692546,"distance":2392,"elevation_gain":15,"elevation_loss":25},{"version":1,"timestamp":"2022-06-22 16:28:18 +0000","elevation":1227,"source_type":11,"duration":694547,"distance":2399,"elevation_gain":15,"elevation_loss":25},{"version":1,"timestamp":"2022-06-22 16:28:20 +0000","elevation":1228,"source_type":11,"duration":696546,"distance":2405,"elevation_gain":15,"elevation_loss":25},{"version":1,"timestamp":"2022-06-22 16:28:22 +0000","elevation":1228,"source_type":11,"duration":698545,"distance":2411,"elevation_gain":15,"elevation_loss":25},{"version":1,"timestamp":"2022-06-22 16:28:24 +0000","elevation":1228,"source_type":11,"duration":700544,"distance":2418,"elevation_gain":15,"elevation_loss":25},{"version":1,"timestamp":"2022-06-22 16:28:26 +0000","elevation":1229,"source_type":11,"duration":702543,"distance":2424,"elevation_gain":15,"elevation_loss":25},{"version":1,"timestamp":"2022-06-22 16:28:27 +0000","elevation":1229,"source_type":11,"duration":703544,"distance":2428,"elevation_gain":15,"elevation_loss":25},{"version":1,"timestamp":"2022-06-22 16:28:28 +0000","elevation":1229,"source_type":11,"duration":704545,"distance":2431,"elevation_gain":15,"elevation_loss":25},{"version":1,"timestamp":"2022-06-22 16:28:29 +0000","elevation":1229,"source_type":11,"duration":705546,"distance":2434,"elevation_gain":15,"elevation_loss":25},{"version":1,"timestamp":"2022-06-22 16:28:30 +0000","elevation":1229,"source_type":11,"duration":706547,"distance":2436,"elevation_gain":15,"elevation_loss":25},{"version":1,"timestamp":"2022-06-22 16:28:31 +0000","elevation":1230,"source_type":11,"duration":707544,"distance":2439,"elevation_gain":15,"elevation_loss":25},{"version":1,"timestamp":"2022-06-22 16:28:32 +0000","elevation":1230,"source_type":11,"duration":708542,"distance":2442,"elevation_gain":16,"elevation_loss":25},{"version":1,"timestamp":"2022-06-22 16:28:33 +0000","elevation":1230,"source_type":11,"duration":709540,"distance":2445,"elevation_gain":16,"elevation_loss":25},{"version":1,"timestamp":"2022-06-22 16:28:34 +0000","elevation":1230,"source_type":11,"duration":710538,"distance":2448,"elevation_gain":16,"elevation_loss":25},{"version":1,"timestamp":"2022-06-22 16:28:36 +0000","elevation":1230,"source_type":11,"duration":712540,"distance":2453,"elevation_gain":16,"elevation_loss":25},{"version":1,"timestamp":"2022-06-22 16:28:38 +0000","elevation":1231,"source_type":11,"duration":714542,"distance":2459,"elevation_gain":17,"elevation_loss":25},{"version":1,"timestamp":"2022-06-22 16:28:40 +0000","elevation":1231,"source_type":11,"duration":716544,"distance":2465,"elevation_gain":17,"elevation_loss":25},{"version":1,"timestamp":"2022-06-22 16:28:42 +0000","elevation":1231,"source_type":11,"duration":718546,"distance":2472,"elevation_gain":17,"elevation_loss":25},{"version":1,"timestamp":"2022-06-22 16:28:47 +0000","elevation":1232,"source_type":11,"duration":723596,"distance":2484,"elevation_gain":18,"elevation_loss":25},{"version":1,"timestamp":"2022-06-22 16:28:49 +0000","elevation":1232,"source_type":11,"duration":725081,"distance":2487,"elevation_gain":18,"elevation_loss":25},{"version":1,"timestamp":"2022-06-22 16:28:50 +0000","elevation":1232,"source_type":11,"duration":726567,"distance":2491,"elevation_gain":18,"elevation_loss":25},{"version":1,"timestamp":"2022-06-22 16:28:52 +0000","elevation":1232,"source_type":11,"duration":728052,"distance":2495,"elevation_gain":18,"elevation_loss":25},{"version":1,"timestamp":"2022-06-22 16:28:53 +0000","elevation":1232,"source_type":11,"duration":729538,"distance":2500,"elevation_gain":18,"elevation_loss":25},{"version":1,"timestamp":"2022-06-22 16:28:55 +0000","elevation":1232,"source_type":11,"duration":731788,"distance":2505,"elevation_gain":18,"elevation_loss":25},{"version":1,"timestamp":"2022-06-22 16:28:58 +0000","elevation":1232,"source_type":11,"duration":734038,"distance":2511,"elevation_gain":18,"elevation_loss":25},{"version":1,"timestamp":"2022-06-22 16:29:00 +0000","elevation":1231,"source_type":11,"duration":736288,"distance":2518,"elevation_gain":18,"elevation_loss":25},{"version":1,"timestamp":"2022-06-22 16:29:02 +0000","elevation":1231,"source_type":11,"duration":738539,"distance":2524,"elevation_gain":18,"elevation_loss":25},{"version":1,"timestamp":"2022-06-22 16:29:04 +0000","elevation":1231,"source_type":11,"duration":740539,"distance":2530,"elevation_gain":18,"elevation_loss":25},{"version":1,"timestamp":"2022-06-22 16:29:06 +0000","elevation":1231,"source_type":11,"duration":742539,"distance":2536,"elevation_gain":18,"elevation_loss":25},{"version":1,"timestamp":"2022-06-22 16:29:08 +0000","elevation":1231,"source_type":11,"duration":744539,"distance":2542,"elevation_gain":18,"elevation_loss":25},{"version":1,"timestamp":"2022-06-22 16:29:10 +0000","elevation":1231,"source_type":11,"duration":746540,"distance":2547,"elevation_gain":18,"elevation_loss":25},{"version":1,"timestamp":"2022-06-22 16:29:12 +0000","elevation":1231,"source_type":11,"duration":748793,"distance":2553,"elevation_gain":18,"elevation_loss":25},{"version":1,"timestamp":"2022-06-22 16:29:15 +0000","elevation":1230,"source_type":11,"duration":751046,"distance":2559,"elevation_gain":18,"elevation_loss":25},{"version":1,"timestamp":"2022-06-22 16:29:17 +0000","elevation":1230,"source_type":11,"duration":753299,"distance":2565,"elevation_gain":18,"elevation_loss":25},{"version":1,"timestamp":"2022-06-22 16:29:19 +0000","elevation":1230,"source_type":11,"duration":755552,"distance":2572,"elevation_gain":18,"elevation_loss":25},{"version":1,"timestamp":"2022-06-22 16:29:21 +0000","elevation":1230,"source_type":11,"duration":757551,"distance":2578,"elevation_gain":18,"elevation_loss":25},{"version":1,"timestamp":"2022-06-22 16:29:23 +0000","elevation":1230,"source_type":11,"duration":759551,"distance":2584,"elevation_gain":18,"elevation_loss":25},{"version":1,"timestamp":"2022-06-22 16:29:25 +0000","elevation":1229,"source_type":11,"duration":761550,"distance":2590,"elevation_gain":18,"elevation_loss":25},{"version":1,"timestamp":"2022-06-22 16:29:27 +0000","elevation":1229,"source_type":11,"duration":763550,"distance":2597,"elevation_gain":18,"elevation_loss":25},{"version":1,"timestamp":"2022-06-22 16:29:29 +0000","elevation":1229,"source_type":11,"duration":765300,"distance":2603,"elevation_gain":18,"elevation_loss":25},{"version":1,"timestamp":"2022-06-22 16:29:31 +0000","elevation":1229,"source_type":11,"duration":767050,"distance":2610,"elevation_gain":18,"elevation_loss":25},{"version":1,"timestamp":"2022-06-22 16:29:32 +0000","elevation":1229,"source_type":11,"duration":768800,"distance":2616,"elevation_gain":18,"elevation_loss":25},{"version":1,"timestamp":"2022-06-22 16:29:34 +0000","elevation":1229,"source_type":11,"duration":770550,"distance":2622,"elevation_gain":18,"elevation_loss":25},{"version":1,"timestamp":"2022-06-22 16:29:41 +0000","elevation":1228,"source_type":11,"duration":777541,"distance":2646,"elevation_gain":18,"elevation_loss":25},{"version":1,"timestamp":"2022-06-22 16:29:49 +0000","elevation":1227,"source_type":11,"duration":785553,"distance":2669,"elevation_gain":18,"elevation_loss":30},{"version":1,"timestamp":"2022-06-22 16:29:58 +0000","elevation":1226,"source_type":11,"duration":794548,"distance":2693,"elevation_gain":18,"elevation_loss":32},{"version":1,"timestamp":"2022-06-22 16:30:06 +0000","elevation":1224,"source_type":11,"duration":802548,"distance":2719,"elevation_gain":18,"elevation_loss":33},{"version":1,"timestamp":"2022-06-22 16:30:14 +0000","elevation":1223,"source_type":11,"duration":810558,"distance":2745,"elevation_gain":18,"elevation_loss":34},{"version":1,"timestamp":"2022-06-22 16:30:21 +0000","elevation":1223,"source_type":11,"duration":817551,"distance":2768,"elevation_gain":18,"elevation_loss":34},{"version":1,"timestamp":"2022-06-22 16:30:29 +0000","elevation":1223,"source_type":11,"duration":825557,"distance":2793,"elevation_gain":18,"elevation_loss":34},{"version":1,"timestamp":"2022-06-22 16:30:37 +0000","elevation":1223,"source_type":11,"duration":833570,"distance":2816,"elevation_gain":18,"elevation_loss":34},{"version":1,"timestamp":"2022-06-22 16:30:45 +0000","elevation":1223,"source_type":11,"duration":841551,"distance":2839,"elevation_gain":18,"elevation_loss":34},{"version":1,"timestamp":"2022-06-22 16:30:53 +0000","elevation":1224,"source_type":11,"duration":849556,"distance":2861,"elevation_gain":18,"elevation_loss":34},{"version":1,"timestamp":"2022-06-22 16:31:01 +0000","elevation":1224,"source_type":11,"duration":857561,"distance":2885,"elevation_gain":18,"elevation_loss":34},{"version":1,"timestamp":"2022-06-22 16:31:09 +0000","elevation":1225,"source_type":11,"duration":865548,"distance":2907,"elevation_gain":18,"elevation_loss":34},{"version":1,"timestamp":"2022-06-22 16:31:18 +0000","elevation":1225,"source_type":11,"duration":874541,"distance":2932,"elevation_gain":18,"elevation_loss":34},{"version":1,"timestamp":"2022-06-22 16:31:26 +0000","elevation":1225,"source_type":11,"duration":882554,"distance":2957,"elevation_gain":18,"elevation_loss":34},{"version":1,"timestamp":"2022-06-22 16:31:35 +0000","elevation":1225,"source_type":11,"duration":891543,"distance":2982,"elevation_gain":18,"elevation_loss":34},{"version":1,"timestamp":"2022-06-22 16:31:43 +0000","elevation":1225,"source_type":11,"duration":899549,"distance":3005,"elevation_gain":18,"elevation_loss":34},{"version":1,"timestamp":"2022-06-22 16:31:52 +0000","elevation":1226,"source_type":11,"duration":908563,"distance":3027,"elevation_gain":18,"elevation_loss":34},{"version":1,"timestamp":"2022-06-22 16:32:00 +0000","elevation":1227,"source_type":11,"duration":916546,"distance":3052,"elevation_gain":18,"elevation_loss":34},{"version":1,"timestamp":"2022-06-22 16:32:09 +0000","elevation":1228,"source_type":11,"duration":925546,"distance":3076,"elevation_gain":18,"elevation_loss":34},{"version":1,"timestamp":"2022-06-22 16:32:17 +0000","elevation":1229,"source_type":11,"duration":933567,"distance":3099,"elevation_gain":23,"elevation_loss":34},{"version":1,"timestamp":"2022-06-22 16:32:21 +0000","elevation":1229,"source_type":11,"duration":937558,"distance":3111,"elevation_gain":24,"elevation_loss":34},{"version":1,"timestamp":"2022-06-22 16:32:25 +0000","elevation":1230,"source_type":11,"duration":941550,"distance":3124,"elevation_gain":24,"elevation_loss":34},{"version":1,"timestamp":"2022-06-22 16:32:27 +0000","elevation":1230,"source_type":11,"duration":943549,"distance":3130,"elevation_gain":24,"elevation_loss":34},{"version":1,"timestamp":"2022-06-22 16:32:29 +0000","elevation":1230,"source_type":11,"duration":945549,"distance":3136,"elevation_gain":25,"elevation_loss":34},{"version":1,"timestamp":"2022-06-22 16:32:31 +0000","elevation":1230,"source_type":11,"duration":947549,"distance":3142,"elevation_gain":25,"elevation_loss":34},{"version":1,"timestamp":"2022-06-22 16:32:33 +0000","elevation":1230,"source_type":11,"duration":949549,"distance":3148,"elevation_gain":25,"elevation_loss":34},{"version":1,"timestamp":"2022-06-22 16:32:35 +0000","elevation":1230,"source_type":11,"duration":951550,"distance":3154,"elevation_gain":25,"elevation_loss":34},{"version":1,"timestamp":"2022-06-22 16:32:37 +0000","elevation":1230,"source_type":11,"duration":953551,"distance":3160,"elevation_gain":25,"elevation_loss":34},{"version":1,"timestamp":"2022-06-22 16:32:39 +0000","elevation":1230,"source_type":11,"duration":955552,"distance":3165,"elevation_gain":25,"elevation_loss":34},{"version":1,"timestamp":"2022-06-22 16:32:41 +0000","elevation":1230,"source_type":11,"duration":957554,"distance":3171,"elevation_gain":25,"elevation_loss":34},{"version":1,"timestamp":"2022-06-22 16:32:43 +0000","elevation":1230,"source_type":11,"duration":959554,"distance":3177,"elevation_gain":25,"elevation_loss":34},{"version":1,"timestamp":"2022-06-22 16:32:45 +0000","elevation":1230,"source_type":11,"duration":961554,"distance":3183,"elevation_gain":25,"elevation_loss":34},{"version":1,"timestamp":"2022-06-22 16:32:47 +0000","elevation":1230,"source_type":11,"duration":963554,"distance":3188,"elevation_gain":25,"elevation_loss":34},{"version":1,"timestamp":"2022-06-22 16:32:49 +0000","elevation":1230,"source_type":11,"duration":965554,"distance":3194,"elevation_gain":25,"elevation_loss":34},{"version":1,"timestamp":"2022-06-22 16:32:51 +0000","elevation":1231,"source_type":11,"duration":967552,"distance":3200,"elevation_gain":25,"elevation_loss":34},{"version":1,"timestamp":"2022-06-22 16:32:53 +0000","elevation":1231,"source_type":11,"duration":969551,"distance":3206,"elevation_gain":25,"elevation_loss":34},{"version":1,"timestamp":"2022-06-22 16:32:55 +0000","elevation":1231,"source_type":11,"duration":971549,"distance":3213,"elevation_gain":26,"elevation_loss":34},{"version":1,"timestamp":"2022-06-22 16:32:57 +0000","elevation":1231,"source_type":11,"duration":973548,"distance":3219,"elevation_gain":26,"elevation_loss":34},{"version":1,"timestamp":"2022-06-22 16:33:01 +0000","elevation":1231,"source_type":11,"duration":977550,"distance":3231,"elevation_gain":26,"elevation_loss":34},{"version":1,"timestamp":"2022-06-22 16:33:05 +0000","elevation":1232,"source_type":11,"duration":981553,"distance":3242,"elevation_gain":26,"elevation_loss":34},{"version":1,"timestamp":"2022-06-22 16:33:07 +0000","elevation":1232,"source_type":11,"duration":983803,"distance":3248,"elevation_gain":26,"elevation_loss":34},{"version":1,"timestamp":"2022-06-22 16:33:10 +0000","elevation":1232,"source_type":11,"duration":986053,"distance":3254,"elevation_gain":26,"elevation_loss":34},{"version":1,"timestamp":"2022-06-22 16:33:12 +0000","elevation":1232,"source_type":11,"duration":988303,"distance":3260,"elevation_gain":27,"elevation_loss":34},{"version":1,"timestamp":"2022-06-22 16:33:14 +0000","elevation":1232,"source_type":11,"duration":990554,"distance":3267,"elevation_gain":27,"elevation_loss":34},{"version":1,"timestamp":"2022-06-22 16:33:16 +0000","elevation":1233,"source_type":11,"duration":992553,"distance":3273,"elevation_gain":27,"elevation_loss":34},{"version":1,"timestamp":"2022-06-22 16:33:18 +0000","elevation":1233,"source_type":11,"duration":994553,"distance":3278,"elevation_gain":27,"elevation_loss":34},{"version":1,"timestamp":"2022-06-22 16:33:20 +0000","elevation":1233,"source_type":11,"duration":996553,"distance":3284,"elevation_gain":27,"elevation_loss":34},{"version":1,"timestamp":"2022-06-22 16:33:22 +0000","elevation":1233,"source_type":11,"duration":998553,"distance":3290,"elevation_gain":28,"elevation_loss":34},{"version":1,"timestamp":"2022-06-22 16:33:24 +0000","elevation":1233,"source_type":11,"duration":1000801,"distance":3296,"elevation_gain":28,"elevation_loss":34},{"version":1,"timestamp":"2022-06-22 16:33:27 +0000","elevation":1234,"source_type":11,"duration":1003049,"distance":3302,"elevation_gain":28,"elevation_loss":34},{"version":1,"timestamp":"2022-06-22 16:33:29 +0000","elevation":1234,"source_type":11,"duration":1005297,"distance":3307,"elevation_gain":28,"elevation_loss":34},{"version":1,"timestamp":"2022-06-22 16:33:31 +0000","elevation":1234,"source_type":11,"duration":1007545,"distance":3313,"elevation_gain":29,"elevation_loss":34},{"version":1,"timestamp":"2022-06-22 16:33:33 +0000","elevation":1234,"source_type":11,"duration":1009793,"distance":3319,"elevation_gain":29,"elevation_loss":34},{"version":1,"timestamp":"2022-06-22 16:33:36 +0000","elevation":1234,"source_type":11,"duration":1012042,"distance":3325,"elevation_gain":29,"elevation_loss":34},{"version":1,"timestamp":"2022-06-22 16:33:38 +0000","elevation":1235,"source_type":11,"duration":1014291,"distance":3331,"elevation_gain":29,"elevation_loss":34},{"version":1,"timestamp":"2022-06-22 16:33:40 +0000","elevation":1235,"source_type":11,"duration":1016540,"distance":3337,"elevation_gain":30,"elevation_loss":34},{"version":1,"timestamp":"2022-06-22 16:33:42 +0000","elevation":1235,"source_type":11,"duration":1018794,"distance":3343,"elevation_gain":30,"elevation_loss":34},{"version":1,"timestamp":"2022-06-22 16:33:45 +0000","elevation":1235,"source_type":11,"duration":1021049,"distance":3349,"elevation_gain":30,"elevation_loss":34},{"version":1,"timestamp":"2022-06-22 16:33:47 +0000","elevation":1236,"source_type":11,"duration":1023304,"distance":3355,"elevation_gain":30,"elevation_loss":34},{"version":1,"timestamp":"2022-06-22 16:33:49 +0000","elevation":1236,"source_type":11,"duration":1025559,"distance":3361,"elevation_gain":31,"elevation_loss":34},{"version":1,"timestamp":"2022-06-22 16:33:57 +0000","elevation":1237,"source_type":11,"duration":1033549,"distance":3384,"elevation_gain":31,"elevation_loss":34},{"version":1,"timestamp":"2022-06-22 16:34:05 +0000","elevation":1237,"source_type":11,"duration":1041552,"distance":3407,"elevation_gain":32,"elevation_loss":34},{"version":1,"timestamp":"2022-06-22 16:34:13 +0000","elevation":1237,"source_type":11,"duration":1049552,"distance":3430,"elevation_gain":32,"elevation_loss":34},{"version":1,"timestamp":"2022-06-22 16:34:22 +0000","elevation":1237,"source_type":11,"duration":1058550,"distance":3456,"elevation_gain":32,"elevation_loss":34},{"version":1,"timestamp":"2022-06-22 16:34:30 +0000","elevation":1238,"source_type":11,"duration":1066545,"distance":3481,"elevation_gain":32,"elevation_loss":34},{"version":1,"timestamp":"2022-06-22 16:34:38 +0000","elevation":1238,"source_type":11,"duration":1074575,"distance":3503,"elevation_gain":32,"elevation_loss":34},{"version":1,"timestamp":"2022-06-22 16:34:46 +0000","elevation":1238,"source_type":11,"duration":1082547,"distance":3526,"elevation_gain":32,"elevation_loss":34},{"version":1,"timestamp":"2022-06-22 16:34:48 +0000","elevation":1238,"source_type":11,"duration":1084043,"distance":3529,"elevation_gain":32,"elevation_loss":34},{"version":1,"timestamp":"2022-06-22 16:34:49 +0000","elevation":1238,"source_type":11,"duration":1085540,"distance":3532,"elevation_gain":33,"elevation_loss":34},{"version":1,"timestamp":"2022-06-22 16:34:51 +0000","elevation":1238,"source_type":11,"duration":1087036,"distance":3535,"elevation_gain":33,"elevation_loss":34},{"version":1,"timestamp":"2022-06-22 16:34:52 +0000","elevation":1238,"source_type":11,"duration":1088533,"distance":3537,"elevation_gain":33,"elevation_loss":34},{"version":1,"timestamp":"2022-06-22 16:34:54 +0000","elevation":1238,"source_type":11,"duration":1090041,"distance":3540,"elevation_gain":33,"elevation_loss":34},{"version":1,"timestamp":"2022-06-22 16:34:55 +0000","elevation":1238,"source_type":11,"duration":1091550,"distance":3544,"elevation_gain":33,"elevation_loss":34},{"version":1,"timestamp":"2022-06-22 16:34:57 +0000","elevation":1238,"source_type":11,"duration":1093058,"distance":3547,"elevation_gain":33,"elevation_loss":34},{"version":1,"timestamp":"2022-06-22 16:34:58 +0000","elevation":1239,"source_type":11,"duration":1094567,"distance":3551,"elevation_gain":33,"elevation_loss":34},{"version":1,"timestamp":"2022-06-22 16:35:00 +0000","elevation":1239,"source_type":11,"duration":1096561,"distance":3556,"elevation_gain":33,"elevation_loss":34},{"version":1,"timestamp":"2022-06-22 16:35:02 +0000","elevation":1239,"source_type":11,"duration":1098555,"distance":3561,"elevation_gain":33,"elevation_loss":34},{"version":1,"timestamp":"2022-06-22 16:35:04 +0000","elevation":1239,"source_type":11,"duration":1100549,"distance":3567,"elevation_gain":34,"elevation_loss":34},{"version":1,"timestamp":"2022-06-22 16:35:06 +0000","elevation":1239,"source_type":11,"duration":1102544,"distance":3573,"elevation_gain":34,"elevation_loss":34},{"version":1,"timestamp":"2022-06-22 16:35:08 +0000","elevation":1239,"source_type":11,"duration":1104296,"distance":3579,"elevation_gain":34,"elevation_loss":34},{"version":1,"timestamp":"2022-06-22 16:35:10 +0000","elevation":1240,"source_type":11,"duration":1106049,"distance":3584,"elevation_gain":34,"elevation_loss":34},{"version":1,"timestamp":"2022-06-22 16:35:11 +0000","elevation":1240,"source_type":11,"duration":1107801,"distance":3590,"elevation_gain":34,"elevation_loss":34},{"version":1,"timestamp":"2022-06-22 16:35:13 +0000","elevation":1240,"source_type":11,"duration":1109554,"distance":3595,"elevation_gain":34,"elevation_loss":34},{"version":1,"timestamp":"2022-06-22 16:35:15 +0000","elevation":1240,"source_type":11,"duration":1111559,"distance":3601,"elevation_gain":34,"elevation_loss":34},{"version":1,"timestamp":"2022-06-22 16:35:17 +0000","elevation":1240,"source_type":11,"duration":1113565,"distance":3607,"elevation_gain":34,"elevation_loss":34},{"version":1,"timestamp":"2022-06-22 16:35:19 +0000","elevation":1240,"source_type":11,"duration":1115570,"distance":3613,"elevation_gain":34,"elevation_loss":34},{"version":1,"timestamp":"2022-06-22 16:35:21 +0000","elevation":1240,"source_type":11,"duration":1117576,"distance":3619,"elevation_gain":34,"elevation_loss":34},{"version":1,"timestamp":"2022-06-22 16:35:23 +0000","elevation":1240,"source_type":11,"duration":1119571,"distance":3626,"elevation_gain":34,"elevation_loss":34},{"version":1,"timestamp":"2022-06-22 16:35:25 +0000","elevation":1240,"source_type":11,"duration":1121566,"distance":3632,"elevation_gain":34,"elevation_loss":34},{"version":1,"timestamp":"2022-06-22 16:35:27 +0000","elevation":1240,"source_type":11,"duration":1123561,"distance":3638,"elevation_gain":34,"elevation_loss":34},{"version":1,"timestamp":"2022-06-22 16:35:29 +0000","elevation":1240,"source_type":11,"duration":1125557,"distance":3645,"elevation_gain":34,"elevation_loss":34},{"version":1,"timestamp":"2022-06-22 16:35:31 +0000","elevation":1240,"source_type":11,"duration":1127809,"distance":3651,"elevation_gain":34,"elevation_loss":34},{"version":1,"timestamp":"2022-06-22 16:35:34 +0000","elevation":1240,"source_type":11,"duration":1130062,"distance":3657,"elevation_gain":34,"elevation_loss":34},{"version":1,"timestamp":"2022-06-22 16:35:36 +0000","elevation":1240,"source_type":11,"duration":1132315,"distance":3663,"elevation_gain":34,"elevation_loss":34},{"version":1,"timestamp":"2022-06-22 16:35:38 +0000","elevation":1240,"source_type":11,"duration":1134568,"distance":3669,"elevation_gain":34,"elevation_loss":34},{"version":1,"timestamp":"2022-06-22 16:35:48 +0000","elevation":1240,"source_type":11,"duration":1144539,"distance":3697,"elevation_gain":34,"elevation_loss":34},{"version":1,"timestamp":"2022-06-22 16:35:55 +0000","elevation":1239,"source_type":11,"duration":1151555,"distance":3720,"elevation_gain":34,"elevation_loss":34},{"version":1,"timestamp":"2022-06-22 16:36:08 +0000","elevation":1239,"source_type":11,"duration":1164548,"distance":3742,"elevation_gain":34,"elevation_loss":34},{"version":1,"timestamp":"2022-06-22 16:36:17 +0000","elevation":1238,"source_type":11,"duration":1173547,"distance":3766,"elevation_gain":34,"elevation_loss":34},{"version":1,"timestamp":"2022-06-22 16:36:25 +0000","elevation":1238,"source_type":11,"duration":1181540,"distance":3790,"elevation_gain":34,"elevation_loss":34},{"version":1,"timestamp":"2022-06-22 16:36:33 +0000","elevation":1237,"source_type":11,"duration":1189548,"distance":3816,"elevation_gain":34,"elevation_loss":34},{"version":1,"timestamp":"2022-06-22 16:36:41 +0000","elevation":1237,"source_type":11,"duration":1197543,"distance":3842,"elevation_gain":34,"elevation_loss":34},{"version":1,"timestamp":"2022-06-22 16:36:49 +0000","elevation":1237,"source_type":11,"duration":1205561,"distance":3866,"elevation_gain":34,"elevation_loss":34},{"version":1,"timestamp":"2022-06-22 16:36:52 +0000","elevation":1237,"source_type":11,"duration":1208549,"distance":3875,"elevation_gain":34,"elevation_loss":34},{"version":1,"timestamp":"2022-06-22 16:36:55 +0000","elevation":1237,"source_type":11,"duration":1211553,"distance":3884,"elevation_gain":34,"elevation_loss":34},{"version":1,"timestamp":"2022-06-22 16:36:57 +0000","elevation":1237,"source_type":11,"duration":1213544,"distance":3890,"elevation_gain":34,"elevation_loss":34},{"version":1,"timestamp":"2022-06-22 16:36:58 +0000","elevation":1237,"source_type":11,"duration":1214547,"distance":3892,"elevation_gain":34,"elevation_loss":34},{"version":1,"timestamp":"2022-06-22 16:37:00 +0000","elevation":1238,"source_type":11,"duration":1216534,"distance":3898,"elevation_gain":34,"elevation_loss":34},{"version":1,"timestamp":"2022-06-22 16:37:01 +0000","elevation":1238,"source_type":11,"duration":1217542,"distance":3902,"elevation_gain":34,"elevation_loss":34},{"version":1,"timestamp":"2022-06-22 16:37:02 +0000","elevation":1238,"source_type":11,"duration":1218551,"distance":3905,"elevation_gain":34,"elevation_loss":34},{"version":1,"timestamp":"2022-06-22 16:37:03 +0000","elevation":1238,"source_type":11,"duration":1219547,"distance":3908,"elevation_gain":34,"elevation_loss":34},{"version":1,"timestamp":"2022-06-22 16:37:05 +0000","elevation":1238,"source_type":11,"duration":1221545,"distance":3915,"elevation_gain":34,"elevation_loss":34},{"version":1,"timestamp":"2022-06-22 16:37:12 +0000","elevation":1238,"source_type":11,"duration":1228541,"distance":3938,"elevation_gain":34,"elevation_loss":34},{"version":1,"timestamp":"2022-06-22 16:37:19 +0000","elevation":1237,"source_type":11,"duration":1235554,"distance":3962,"elevation_gain":34,"elevation_loss":34},{"version":1,"timestamp":"2022-06-22 16:37:26 +0000","elevation":1237,"source_type":11,"duration":1242611,"distance":3986,"elevation_gain":34,"elevation_loss":34},{"version":1,"timestamp":"2022-06-22 16:37:33 +0000","elevation":1236,"source_type":11,"duration":1249554,"distance":4012,"elevation_gain":34,"elevation_loss":34},{"version":1,"timestamp":"2022-06-22 16:37:41 +0000","elevation":1236,"source_type":11,"duration":1257544,"distance":4037,"elevation_gain":34,"elevation_loss":34},{"version":1,"timestamp":"2022-06-22 16:37:49 +0000","elevation":1236,"source_type":11,"duration":1265552,"distance":4061,"elevation_gain":34,"elevation_loss":34},{"version":1,"timestamp":"2022-06-22 16:37:57 +0000","elevation":1236,"source_type":11,"duration":1273538,"distance":4085,"elevation_gain":34,"elevation_loss":34},{"version":1,"timestamp":"2022-06-22 16:38:04 +0000","elevation":1235,"source_type":11,"duration":1280532,"distance":4109,"elevation_gain":34,"elevation_loss":34},{"version":1,"timestamp":"2022-06-22 16:38:13 +0000","elevation":1235,"source_type":11,"duration":1289543,"distance":4130,"elevation_gain":34,"elevation_loss":39},{"version":1,"timestamp":"2022-06-22 16:38:21 +0000","elevation":1234,"source_type":11,"duration":1297547,"distance":4153,"elevation_gain":34,"elevation_loss":40},{"version":1,"timestamp":"2022-06-22 16:38:27 +0000","elevation":1232,"source_type":11,"duration":1303561,"distance":4182,"elevation_gain":34,"elevation_loss":42},{"version":1,"timestamp":"2022-06-22 16:38:33 +0000","elevation":1231,"source_type":11,"duration":1309552,"distance":4208,"elevation_gain":34,"elevation_loss":43},{"version":1,"timestamp":"2022-06-22 16:38:40 +0000","elevation":1230,"source_type":11,"duration":1316554,"distance":4233,"elevation_gain":34,"elevation_loss":44},{"version":1,"timestamp":"2022-06-22 16:38:48 +0000","elevation":1231,"source_type":11,"duration":1324546,"distance":4258,"elevation_gain":34,"elevation_loss":44},{"version":1,"timestamp":"2022-06-22 16:38:56 +0000","elevation":1232,"source_type":11,"duration":1332554,"distance":4284,"elevation_gain":34,"elevation_loss":44},{"version":1,"timestamp":"2022-06-22 16:39:03 +0000","elevation":1233,"source_type":11,"duration":1339581,"distance":4308,"elevation_gain":34,"elevation_loss":44},{"version":1,"timestamp":"2022-06-22 16:39:10 +0000","elevation":1235,"source_type":11,"duration":1346574,"distance":4333,"elevation_gain":39,"elevation_loss":44},{"version":1,"timestamp":"2022-06-22 16:39:17 +0000","elevation":1236,"source_type":11,"duration":1353542,"distance":4359,"elevation_gain":41,"elevation_loss":44},{"version":1,"timestamp":"2022-06-22 16:39:25 +0000","elevation":1236,"source_type":11,"duration":1361564,"distance":4382,"elevation_gain":41,"elevation_loss":44},{"version":1,"timestamp":"2022-06-22 16:39:33 +0000","elevation":1237,"source_type":11,"duration":1369544,"distance":4404,"elevation_gain":42,"elevation_loss":44},{"version":1,"timestamp":"2022-06-22 16:39:42 +0000","elevation":1238,"source_type":11,"duration":1378546,"distance":4428,"elevation_gain":43,"elevation_loss":44},{"version":1,"timestamp":"2022-06-22 16:39:50 +0000","elevation":1239,"source_type":11,"duration":1386574,"distance":4452,"elevation_gain":43,"elevation_loss":44},{"version":1,"timestamp":"2022-06-22 16:39:59 +0000","elevation":1239,"source_type":11,"duration":1395553,"distance":4475,"elevation_gain":44,"elevation_loss":44},{"version":1,"timestamp":"2022-06-22 16:40:01 +0000","elevation":1239,"source_type":11,"duration":1397050,"distance":4481,"elevation_gain":44,"elevation_loss":44},{"version":1,"timestamp":"2022-06-22 16:40:02 +0000","elevation":1239,"source_type":11,"duration":1398548,"distance":4484,"elevation_gain":44,"elevation_loss":44},{"version":1,"timestamp":"2022-06-22 16:40:04 +0000","elevation":1239,"source_type":11,"duration":1400052,"distance":4487,"elevation_gain":44,"elevation_loss":44},{"version":1,"timestamp":"2022-06-22 16:40:05 +0000","elevation":1239,"source_type":11,"duration":1401556,"distance":4492,"elevation_gain":44,"elevation_loss":44},{"version":1,"timestamp":"2022-06-22 16:40:07 +0000","elevation":1239,"source_type":11,"duration":1403060,"distance":4497,"elevation_gain":44,"elevation_loss":44},{"version":1,"timestamp":"2022-06-22 16:40:08 +0000","elevation":1239,"source_type":11,"duration":1404564,"distance":4502,"elevation_gain":44,"elevation_loss":44},{"version":1,"timestamp":"2022-06-22 16:40:10 +0000","elevation":1239,"source_type":11,"duration":1406310,"distance":4507,"elevation_gain":44,"elevation_loss":44},{"version":1,"timestamp":"2022-06-22 16:40:12 +0000","elevation":1239,"source_type":11,"duration":1408056,"distance":4513,"elevation_gain":44,"elevation_loss":44},{"version":1,"timestamp":"2022-06-22 16:40:13 +0000","elevation":1239,"source_type":11,"duration":1409802,"distance":4520,"elevation_gain":44,"elevation_loss":44},{"version":1,"timestamp":"2022-06-22 16:40:15 +0000","elevation":1239,"source_type":11,"duration":1411549,"distance":4526,"elevation_gain":44,"elevation_loss":44},{"version":1,"timestamp":"2022-06-22 16:40:17 +0000","elevation":1239,"source_type":11,"duration":1413549,"distance":4532,"elevation_gain":44,"elevation_loss":44},{"version":1,"timestamp":"2022-06-22 16:40:19 +0000","elevation":1240,"source_type":11,"duration":1415549,"distance":4538,"elevation_gain":44,"elevation_loss":44},{"version":1,"timestamp":"2022-06-22 16:40:21 +0000","elevation":1240,"source_type":11,"duration":1417549,"distance":4544,"elevation_gain":44,"elevation_loss":44},{"version":1,"timestamp":"2022-06-22 16:40:23 +0000","elevation":1240,"source_type":11,"duration":1419549,"distance":4550,"elevation_gain":44,"elevation_loss":44},{"version":1,"timestamp":"2022-06-22 16:40:25 +0000","elevation":1240,"source_type":11,"duration":1421548,"distance":4556,"elevation_gain":44,"elevation_loss":44},{"version":1,"timestamp":"2022-06-22 16:40:27 +0000","elevation":1240,"source_type":11,"duration":1423547,"distance":4562,"elevation_gain":44,"elevation_loss":44},{"version":1,"timestamp":"2022-06-22 16:40:29 +0000","elevation":1240,"source_type":11,"duration":1425546,"distance":4568,"elevation_gain":44,"elevation_loss":44},{"version":1,"timestamp":"2022-06-22 16:40:31 +0000","elevation":1240,"source_type":11,"duration":1427545,"distance":4574,"elevation_gain":44,"elevation_loss":44},{"version":1,"timestamp":"2022-06-22 16:40:33 +0000","elevation":1240,"source_type":11,"duration":1429544,"distance":4580,"elevation_gain":44,"elevation_loss":44},{"version":1,"timestamp":"2022-06-22 16:40:35 +0000","elevation":1240,"source_type":11,"duration":1431544,"distance":4587,"elevation_gain":44,"elevation_loss":44},{"version":1,"timestamp":"2022-06-22 16:40:37 +0000","elevation":1240,"source_type":11,"duration":1433544,"distance":4593,"elevation_gain":44,"elevation_loss":44},{"version":1,"timestamp":"2022-06-22 16:40:39 +0000","elevation":1240,"source_type":11,"duration":1435544,"distance":4599,"elevation_gain":44,"elevation_loss":44},{"version":1,"timestamp":"2022-06-22 16:40:41 +0000","elevation":1240,"source_type":11,"duration":1437546,"distance":4606,"elevation_gain":44,"elevation_loss":44},{"version":1,"timestamp":"2022-06-22 16:40:43 +0000","elevation":1240,"source_type":11,"duration":1439548,"distance":4612,"elevation_gain":44,"elevation_loss":44},{"version":1,"timestamp":"2022-06-22 16:40:45 +0000","elevation":1240,"source_type":11,"duration":1441550,"distance":4619,"elevation_gain":44,"elevation_loss":44},{"version":1,"timestamp":"2022-06-22 16:40:47 +0000","elevation":1240,"source_type":11,"duration":1443553,"distance":4625,"elevation_gain":44,"elevation_loss":44},{"version":1,"timestamp":"2022-06-22 16:40:54 +0000","elevation":1240,"source_type":11,"duration":1450546,"distance":4648,"elevation_gain":45,"elevation_loss":44},{"version":1,"timestamp":"2022-06-22 16:41:01 +0000","elevation":1240,"source_type":11,"duration":1457552,"distance":4673,"elevation_gain":45,"elevation_loss":44},{"version":1,"timestamp":"2022-06-22 16:41:09 +0000","elevation":1240,"source_type":11,"duration":1465546,"distance":4698,"elevation_gain":45,"elevation_loss":44},{"version":1,"timestamp":"2022-06-22 16:41:17 +0000","elevation":1241,"source_type":11,"duration":1473541,"distance":4724,"elevation_gain":45,"elevation_loss":44},{"version":1,"timestamp":"2022-06-22 16:41:25 +0000","elevation":1240,"source_type":11,"duration":1481539,"distance":4749,"elevation_gain":45,"elevation_loss":44},{"version":1,"timestamp":"2022-06-22 16:41:34 +0000","elevation":1240,"source_type":11,"duration":1490537,"distance":4774,"elevation_gain":45,"elevation_loss":44},{"version":1,"timestamp":"2022-06-22 16:41:41 +0000","elevation":1240,"source_type":11,"duration":1497544,"distance":4798,"elevation_gain":45,"elevation_loss":44},{"version":1,"timestamp":"2022-06-22 16:41:48 +0000","elevation":1239,"source_type":11,"duration":1504541,"distance":4822,"elevation_gain":45,"elevation_loss":44},{"version":1,"timestamp":"2022-06-22 16:41:56 +0000","elevation":1238,"source_type":11,"duration":1512543,"distance":4846,"elevation_gain":45,"elevation_loss":44},{"version":1,"timestamp":"2022-06-22 16:42:04 +0000","elevation":1238,"source_type":11,"duration":1520545,"distance":4873,"elevation_gain":45,"elevation_loss":44},{"version":1,"timestamp":"2022-06-22 16:42:12 +0000","elevation":1237,"source_type":11,"duration":1528547,"distance":4899,"elevation_gain":45,"elevation_loss":44},{"version":1,"timestamp":"2022-06-22 16:42:19 +0000","elevation":1237,"source_type":11,"duration":1535547,"distance":4924,"elevation_gain":45,"elevation_loss":44},{"version":1,"timestamp":"2022-06-22 16:42:23 +0000","elevation":1237,"source_type":11,"duration":1539559,"distance":4938,"elevation_gain":45,"elevation_loss":44},{"version":1,"timestamp":"2022-06-22 16:42:26 +0000","elevation":1237,"source_type":11,"duration":1542613,"distance":4949,"elevation_gain":45,"elevation_loss":44},{"version":1,"timestamp":"2022-06-22 16:42:33 +0000","elevation":1237,"source_type":11,"duration":1549554,"distance":4972,"elevation_gain":45,"elevation_loss":44},{"version":1,"timestamp":"2022-06-22 16:42:40 +0000","elevation":1237,"source_type":11,"duration":1556544,"distance":4996,"elevation_gain":45,"elevation_loss":44},{"version":1,"timestamp":"2022-06-22 16:42:42 +0000","elevation":1237,"source_type":11,"duration":1558051,"distance":5000,"elevation_gain":45,"elevation_loss":44},{"version":1,"timestamp":"2022-06-22 16:42:43 +0000","elevation":1237,"source_type":11,"duration":1559559,"distance":5003,"elevation_gain":45,"elevation_loss":44},{"version":1,"timestamp":"2022-06-22 16:42:45 +0000","elevation":1237,"source_type":11,"duration":1561310,"distance":5007,"elevation_gain":45,"elevation_loss":44},{"version":1,"timestamp":"2022-06-22 16:42:47 +0000","elevation":1237,"source_type":11,"duration":1563062,"distance":5012,"elevation_gain":45,"elevation_loss":44},{"version":1,"timestamp":"2022-06-22 16:42:48 +0000","elevation":1236,"source_type":11,"duration":1564814,"distance":5018,"elevation_gain":45,"elevation_loss":44},{"version":1,"timestamp":"2022-06-22 16:42:50 +0000","elevation":1236,"source_type":11,"duration":1566566,"distance":5024,"elevation_gain":45,"elevation_loss":44}]