[{"version":1,"timestamp":"2022-06-06 03:20:06 +0000","elevation":1239,"source_type":11,"duration":2668,"distance":0,"elevation_gain":0,"elevation_loss":0},{"version":1,"timestamp":"2022-06-06 03:20:18 +0000","elevation":1240,"source_type":11,"duration":14340,"distance":24,"elevation_gain":0,"elevation_loss":0},{"version":1,"timestamp":"2022-06-06 03:20:25 +0000","elevation":1240,"source_type":11,"duration":21345,"distance":48,"elevation_gain":0,"elevation_loss":0},{"version":1,"timestamp":"2022-06-06 03:20:32 +0000","elevation":1240,"source_type":11,"duration":28346,"distance":73,"elevation_gain":0,"elevation_loss":0},{"version":1,"timestamp":"2022-06-06 03:20:38 +0000","elevation":1240,"source_type":11,"duration":34342,"distance":99,"elevation_gain":0,"elevation_loss":0},{"version":1,"timestamp":"2022-06-06 03:20:44 +0000","elevation":1240,"source_type":11,"duration":40333,"distance":125,"elevation_gain":0,"elevation_loss":0},{"version":1,"timestamp":"2022-06-06 03:20:50 +0000","elevation":1240,"source_type":11,"duration":46341,"distance":151,"elevation_gain":0,"elevation_loss":0},{"version":1,"timestamp":"2022-06-06 03:20:51 +0000","elevation":1240,"source_type":11,"duration":47340,"distance":156,"elevation_gain":0,"elevation_loss":0},{"version":1,"timestamp":"2022-06-06 03:20:52 +0000","elevation":1240,"source_type":11,"duration":48343,"distance":161,"elevation_gain":0,"elevation_loss":0},{"version":1,"timestamp":"2022-06-06 03:20:53 +0000","elevation":1240,"source_type":11,"duration":49358,"distance":166,"elevation_gain":0,"elevation_loss":0},{"version":1,"timestamp":"2022-06-06 03:20:55 +0000","elevation":1240,"source_type":11,"duration":51342,"distance":177,"elevation_gain":0,"elevation_loss":0},{"version":1,"timestamp":"2022-06-06 03:21:02 +0000","elevation":1240,"source_type":11,"duration":58343,"distance":201,"elevation_gain":0,"elevation_loss":0},{"version":1,"timestamp":"2022-06-06 03:21:11 +0000","elevation":1241,"source_type":11,"duration":67343,"distance":228,"elevation_gain":0,"elevation_loss":0},{"version":1,"timestamp":"2022-06-06 03:21:17 +0000","elevation":1240,"source_type":11,"duration":73344,"distance":252,"elevation_gain":0,"elevation_loss":0},{"version":1,"timestamp":"2022-06-06 03:21:26 +0000","elevation":1240,"source_type":11,"duration":82342,"distance":276,"elevation_gain":0,"elevation_loss":0},{"version":1,"timestamp":"2022-06-06 03:21:33 +0000","elevation":1240,"source_type":11,"duration":89337,"distance":300,"elevation_gain":0,"elevation_loss":0},{"version":1,"timestamp":"2022-06-06 03:21:41 +0000","elevation":1239,"source_type":11,"duration":97328,"distance":326,"elevation_gain":0,"elevation_loss":0},{"version":1,"timestamp":"2022-06-06 03:21:42 +0000","elevation":1239,"source_type":11,"duration":98326,"distance":329,"elevation_gain":0,"elevation_loss":0},{"version":1,"timestamp":"2022-06-06 03:21:44 +0000","elevation":1239,"source_type":11,"duration":100325,"distance":332,"elevation_gain":0,"elevation_loss":0},{"version":1,"timestamp":"2022-06-06 03:21:46 +0000","elevation":1239,"source_type":11,"duration":102978,"distance":336,"elevation_gain":0,"elevation_loss":0},{"version":1,"timestamp":"2022-06-06 03:21:49 +0000","elevation":1239,"source_type":11,"duration":105631,"distance":342,"elevation_gain":0,"elevation_loss":0},{"version":1,"timestamp":"2022-06-06 03:21:49 +0000","elevation":1239,"source_type":11,"duration":105803,"distance":343,"elevation_gain":0,"elevation_loss":0},{"version":1,"timestamp":"2022-06-06 03:21:49 +0000","elevation":1239,"source_type":11,"duration":105976,"distance":343,"elevation_gain":0,"elevation_loss":0},{"version":1,"timestamp":"2022-06-06 03:21:50 +0000","elevation":1239,"source_type":11,"duration":106149,"distance":343,"elevation_gain":0,"elevation_loss":0},{"version":1,"timestamp":"2022-06-06 03:21:50 +0000","elevation":1239,"source_type":11,"duration":106322,"distance":344,"elevation_gain":0,"elevation_loss":0},{"version":1,"timestamp":"2022-06-06 03:21:51 +0000","elevation":1239,"source_type":11,"duration":107073,"distance":345,"elevation_gain":0,"elevation_loss":0},{"version":1,"timestamp":"2022-06-06 03:21:51 +0000","elevation":1238,"source_type":11,"duration":107824,"distance":346,"elevation_gain":0,"elevation_loss":0},{"version":1,"timestamp":"2022-06-06 03:21:52 +0000","elevation":1238,"source_type":11,"duration":108575,"distance":348,"elevation_gain":0,"elevation_loss":0},{"version":1,"timestamp":"2022-06-06 03:21:53 +0000","elevation":1238,"source_type":11,"duration":109327,"distance":349,"elevation_gain":0,"elevation_loss":0},{"version":1,"timestamp":"2022-06-06 03:21:56 +0000","elevation":1238,"source_type":11,"duration":112075,"distance":353,"elevation_gain":0,"elevation_loss":0},{"version":1,"timestamp":"2022-06-06 03:21:58 +0000","elevation":1238,"source_type":11,"duration":114823,"distance":359,"elevation_gain":0,"elevation_loss":0},{"version":1,"timestamp":"2022-06-06 03:22:01 +0000","elevation":1238,"source_type":11,"duration":117571,"distance":365,"elevation_gain":0,"elevation_loss":0},{"version":1,"timestamp":"2022-06-06 03:22:04 +0000","elevation":1238,"source_type":11,"duration":120320,"distance":372,"elevation_gain":0,"elevation_loss":0},{"version":1,"timestamp":"2022-06-06 03:22:06 +0000","elevation":1238,"source_type":11,"duration":122329,"distance":377,"elevation_gain":0,"elevation_loss":0},{"version":1,"timestamp":"2022-06-06 03:22:08 +0000","elevation":1238,"source_type":11,"duration":124339,"distance":383,"elevation_gain":0,"elevation_loss":0},{"version":1,"timestamp":"2022-06-06 03:22:10 +0000","elevation":1238,"source_type":11,"duration":126348,"distance":389,"elevation_gain":0,"elevation_loss":0},{"version":1,"timestamp":"2022-06-06 03:22:12 +0000","elevation":1238,"source_type":11,"duration":128358,"distance":395,"elevation_gain":0,"elevation_loss":0},{"version":1,"timestamp":"2022-06-06 03:22:14 +0000","elevation":1238,"source_type":11,"duration":130107,"distance":402,"elevation_gain":0,"elevation_loss":0},{"version":1,"timestamp":"2022-06-06 03:22:15 +0000","elevation":1237,"source_type":11,"duration":131857,"distance":409,"elevation_gain":0,"elevation_loss":0},{"version":1,"timestamp":"2022-06-06 03:22:17 +0000","elevation":1237,"source_type":11,"duration":133607,"distance":415,"elevation_gain":0,"elevation_loss":0},{"version":1,"timestamp":"2022-06-06 03:22:19 +0000","elevation":1237,"source_type":11,"duration":135357,"distance":422,"elevation_gain":0,"elevation_loss":0},{"version":1,"timestamp":"2022-06-06 03:22:25 +0000","elevation":1237,"source_type":11,"duration":141404,"distance":450,"elevation_gain":0,"elevation_loss":0},{"version":1,"timestamp":"2022-06-06 03:22:32 +0000","elevation":1237,"source_type":11,"duration":148346,"distance":474,"elevation_gain":0,"elevation_loss":0},{"version":1,"timestamp":"2022-06-06 03:22:37 +0000","elevation":1237,"source_type":11,"duration":153356,"distance":493,"elevation_gain":0,"elevation_loss":0},{"version":1,"timestamp":"2022-06-06 03:22:38 +0000","elevation":1237,"source_type":11,"duration":154103,"distance":497,"elevation_gain":0,"elevation_loss":0},{"version":1,"timestamp":"2022-06-06 03:22:38 +0000","elevation":1237,"source_type":11,"duration":154851,"distance":500,"elevation_gain":0,"elevation_loss":0},{"version":1,"timestamp":"2022-06-06 03:22:39 +0000","elevation":1237,"source_type":11,"duration":155599,"distance":504,"elevation_gain":0,"elevation_loss":0},{"version":1,"timestamp":"2022-06-06 03:22:40 +0000","elevation":1238,"source_type":11,"duration":156347,"distance":507,"elevation_gain":0,"elevation_loss":0},{"version":1,"timestamp":"2022-06-06 03:22:43 +0000","elevation":1238,"source_type":11,"duration":159355,"distance":518,"elevation_gain":0,"elevation_loss":0},{"version":1,"timestamp":"2022-06-06 03:22:46 +0000","elevation":1238,"source_type":11,"duration":162363,"distance":532,"elevation_gain":0,"elevation_loss":0},{"version":1,"timestamp":"2022-06-06 03:22:48 +0000","elevation":1239,"source_type":11,"duration":164109,"distance":538,"elevation_gain":0,"elevation_loss":0},{"version":1,"timestamp":"2022-06-06 03:22:49 +0000","elevation":1239,"source_type":11,"duration":165855,"distance":545,"elevation_gain":0,"elevation_loss":0},{"version":1,"timestamp":"2022-06-06 03:22:51 +0000","elevation":1239,"source_type":11,"duration":167601,"distance":551,"elevation_gain":0,"elevation_loss":0},{"version":1,"timestamp":"2022-06-06 03:22:53 +0000","elevation":1239,"source_type":11,"duration":169347,"distance":557,"elevation_gain":0,"elevation_loss":0},{"version":1,"timestamp":"2022-06-06 03:22:55 +0000","elevation":1239,"source_type":11,"duration":171103,"distance":564,"elevation_gain":0,"elevation_loss":0},{"version":1,"timestamp":"2022-06-06 03:22:56 +0000","elevation":1239,"source_type":11,"duration":172860,"distance":570,"elevation_gain":0,"elevation_loss":0},{"version":1,"timestamp":"2022-06-06 03:22:58 +0000","elevation":1239,"source_type":11,"duration":174617,"distance":576,"elevation_gain":0,"elevation_loss":0},{"version":1,"timestamp":"2022-06-06 03:23:00 +0000","elevation":1239,"source_type":11,"duration":176374,"distance":583,"elevation_gain":0,"elevation_loss":0},{"version":1,"timestamp":"2022-06-06 03:23:02 +0000","elevation":1240,"source_type":11,"duration":178117,"distance":589,"elevation_gain":0,"elevation_loss":0},{"version":1,"timestamp":"2022-06-06 03:23:03 +0000","elevation":1240,"source_type":11,"duration":179861,"distance":595,"elevation_gain":0,"elevation_loss":0},{"version":1,"timestamp":"2022-06-06 03:23:05 +0000","elevation":1240,"source_type":11,"duration":181605,"distance":600,"elevation_gain":0,"elevation_loss":0},{"version":1,"timestamp":"2022-06-06 03:23:07 +0000","elevation":1240,"source_type":11,"duration":183349,"distance":606,"elevation_gain":0,"elevation_loss":0},{"version":1,"timestamp":"2022-06-06 03:23:09 +0000","elevation":1240,"source_type":11,"duration":185100,"distance":612,"elevation_gain":0,"elevation_loss":0},{"version":1,"timestamp":"2022-06-06 03:23:10 +0000","elevation":1240,"source_type":11,"duration":186852,"distance":618,"elevation_gain":0,"elevation_loss":0},{"version":1,"timestamp":"2022-06-06 03:23:12 +0000","elevation":1240,"source_type":11,"duration":188603,"distance":624,"elevation_gain":0,"elevation_loss":0},{"version":1,"timestamp":"2022-06-06 03:23:14 +0000","elevation":1240,"source_type":11,"duration":190355,"distance":630,"elevation_gain":0,"elevation_loss":0},{"version":1,"timestamp":"2022-06-06 03:23:16 +0000","elevation":1240,"source_type":11,"duration":192106,"distance":636,"elevation_gain":0,"elevation_loss":0},{"version":1,"timestamp":"2022-06-06 03:23:17 +0000","elevation":1241,"source_type":11,"duration":193857,"distance":641,"elevation_gain":0,"elevation_loss":0},{"version":1,"timestamp":"2022-06-06 03:23:19 +0000","elevation":1241,"source_type":11,"duration":195608,"distance":647,"elevation_gain":0,"elevation_loss":0},{"version":1,"timestamp":"2022-06-06 03:23:21 +0000","elevation":1241,"source_type":11,"duration":197360,"distance":653,"elevation_gain":0,"elevation_loss":0},{"version":1,"timestamp":"2022-06-06 03:23:28 +0000","elevation":1242,"source_type":11,"duration":204364,"distance":679,"elevation_gain":0,"elevation_loss":0},{"version":1,"timestamp":"2022-06-06 03:23:35 +0000","elevation":1242,"source_type":11,"duration":211352,"distance":705,"elevation_gain":0,"elevation_loss":0},{"version":1,"timestamp":"2022-06-06 03:23:43 +0000","elevation":1243,"source_type":11,"duration":219357,"distance":731,"elevation_gain":0,"elevation_loss":0},{"version":1,"timestamp":"2022-06-06 03:23:50 +0000","elevation":1244,"source_type":11,"duration":226355,"distance":756,"elevation_gain":0,"elevation_loss":0},{"version":1,"timestamp":"2022-06-06 03:23:58 +0000","elevation":1245,"source_type":11,"duration":234347,"distance":781,"elevation_gain":5,"elevation_loss":0},{"version":1,"timestamp":"2022-06-06 03:24:05 +0000","elevation":1246,"source_type":11,"duration":241355,"distance":804,"elevation_gain":6,"elevation_loss":0},{"version":1,"timestamp":"2022-06-06 03:24:13 +0000","elevation":1247,"source_type":11,"duration":249333,"distance":829,"elevation_gain":7,"elevation_loss":0},{"version":1,"timestamp":"2022-06-06 03:24:21 +0000","elevation":1247,"source_type":11,"duration":257366,"distance":852,"elevation_gain":7,"elevation_loss":0},{"version":1,"timestamp":"2022-06-06 03:24:28 +0000","elevation":1247,"source_type":11,"duration":264362,"distance":875,"elevation_gain":7,"elevation_loss":0},{"version":1,"timestamp":"2022-06-06 03:24:30 +0000","elevation":1247,"source_type":11,"duration":266610,"distance":881,"elevation_gain":7,"elevation_loss":0},{"version":1,"timestamp":"2022-06-06 03:24:32 +0000","elevation":1246,"source_type":11,"duration":268859,"distance":887,"elevation_gain":7,"elevation_loss":0},{"version":1,"timestamp":"2022-06-06 03:24:35 +0000","elevation":1246,"source_type":11,"duration":271107,"distance":894,"elevation_gain":7,"elevation_loss":0},{"version":1,"timestamp":"2022-06-06 03:24:37 +0000","elevation":1246,"source_type":11,"duration":273356,"distance":901,"elevation_gain":7,"elevation_loss":0},{"version":1,"timestamp":"2022-06-06 03:24:39 +0000","elevation":1245,"source_type":11,"duration":275103,"distance":907,"elevation_gain":7,"elevation_loss":0},{"version":1,"timestamp":"2022-06-06 03:24:40 +0000","elevation":1245,"source_type":11,"duration":276851,"distance":913,"elevation_gain":7,"elevation_loss":0},{"version":1,"timestamp":"2022-06-06 03:24:42 +0000","elevation":1245,"source_type":11,"duration":278599,"distance":919,"elevation_gain":7,"elevation_loss":0},{"version":1,"timestamp":"2022-06-06 03:24:44 +0000","elevation":1244,"source_type":11,"duration":280347,"distance":926,"elevation_gain":7,"elevation_loss":0},{"version":1,"timestamp":"2022-06-06 03:24:46 +0000","elevation":1244,"source_type":11,"duration":282352,"distance":932,"elevation_gain":7,"elevation_loss":0},{"version":1,"timestamp":"2022-06-06 03:24:48 +0000","elevation":1244,"source_type":11,"duration":284358,"distance":938,"elevation_gain":7,"elevation_loss":0},{"version":1,"timestamp":"2022-06-06 03:24:50 +0000","elevation":1243,"source_type":11,"duration":286363,"distance":945,"elevation_gain":7,"elevation_loss":0},{"version":1,"timestamp":"2022-06-06 03:24:52 +0000","elevation":1243,"source_type":11,"duration":288369,"distance":951,"elevation_gain":7,"elevation_loss":0},{"version":1,"timestamp":"2022-06-06 03:24:54 +0000","elevation":1243,"source_type":11,"duration":290364,"distance":958,"elevation_gain":7,"elevation_loss":0},{"version":1,"timestamp":"2022-06-06 03:24:56 +0000","elevation":1243,"source_type":11,"duration":292360,"distance":965,"elevation_gain":7,"elevation_loss":0},{"version":1,"timestamp":"2022-06-06 03:24:58 +0000","elevation":1243,"source_type":11,"duration":294356,"distance":973,"elevation_gain":7,"elevation_loss":0},{"version":1,"timestamp":"2022-06-06 03:25:00 +0000","elevation":1243,"source_type":11,"duration":296352,"distance":980,"elevation_gain":7,"elevation_loss":0},{"version":1,"timestamp":"2022-06-06 03:25:01 +0000","elevation":1243,"source_type":11,"duration":297850,"distance":987,"elevation_gain":7,"elevation_loss":0},{"version":1,"timestamp":"2022-06-06 03:25:03 +0000","elevation":1243,"source_type":11,"duration":299349,"distance":994,"elevation_gain":7,"elevation_loss":0},{"version":1,"timestamp":"2022-06-06 03:25:04 +0000","elevation":1243,"source_type":11,"duration":300847,"distance":1000,"elevation_gain":7,"elevation_loss":0},{"version":1,"timestamp":"2022-06-06 03:25:06 +0000","elevation":1243,"source_type":11,"duration":302346,"distance":1006,"elevation_gain":7,"elevation_loss":0},{"version":1,"timestamp":"2022-06-06 03:25:08 +0000","elevation":1243,"source_type":11,"duration":304350,"distance":1012,"elevation_gain":7,"elevation_loss":0},{"version":1,"timestamp":"2022-06-06 03:25:10 +0000","elevation":1243,"source_type":11,"duration":306355,"distance":1019,"elevation_gain":7,"elevation_loss":0},{"version":1,"timestamp":"2022-06-06 03:25:12 +0000","elevation":1243,"source_type":11,"duration":308360,"distance":1025,"elevation_gain":7,"elevation_loss":0},{"version":1,"timestamp":"2022-06-06 03:25:14 +0000","elevation":1243,"source_type":11,"duration":310365,"distance":1031,"elevation_gain":7,"elevation_loss":0},{"version":1,"timestamp":"2022-06-06 03:25:22 +0000","elevation":1243,"source_type":11,"duration":318361,"distance":1055,"elevation_gain":7,"elevation_loss":0},{"version":1,"timestamp":"2022-06-06 03:25:30 +0000","elevation":1243,"source_type":11,"duration":326366,"distance":1080,"elevation_gain":7,"elevation_loss":0},{"version":1,"timestamp":"2022-06-06 03:25:38 +0000","elevation":1242,"source_type":11,"duration":334359,"distance":1105,"elevation_gain":7,"elevation_loss":5},{"version":1,"timestamp":"2022-06-06 03:25:46 +0000","elevation":1241,"source_type":11,"duration":342349,"distance":1129,"elevation_gain":7,"elevation_loss":6},{"version":1,"timestamp":"2022-06-06 03:25:55 +0000","elevation":1241,"source_type":11,"duration":351335,"distance":1153,"elevation_gain":7,"elevation_loss":6},{"version":1,"timestamp":"2022-06-06 03:26:04 +0000","elevation":1240,"source_type":11,"duration":360356,"distance":1179,"elevation_gain":7,"elevation_loss":7},{"version":1,"timestamp":"2022-06-06 03:26:11 +0000","elevation":1239,"source_type":11,"duration":367355,"distance":1202,"elevation_gain":7,"elevation_loss":8},{"version":1,"timestamp":"2022-06-06 03:26:18 +0000","elevation":1238,"source_type":11,"duration":374360,"distance":1228,"elevation_gain":7,"elevation_loss":8},{"version":1,"timestamp":"2022-06-06 03:26:27 +0000","elevation":1238,"source_type":11,"duration":383366,"distance":1252,"elevation_gain":7,"elevation_loss":9},{"version":1,"timestamp":"2022-06-06 03:26:35 +0000","elevation":1238,"source_type":11,"duration":391343,"distance":1274,"elevation_gain":7,"elevation_loss":9},{"version":1,"timestamp":"2022-06-06 03:26:38 +0000","elevation":1238,"source_type":11,"duration":394850,"distance":1282,"elevation_gain":7,"elevation_loss":9},{"version":1,"timestamp":"2022-06-06 03:26:42 +0000","elevation":1238,"source_type":11,"duration":398357,"distance":1290,"elevation_gain":7,"elevation_loss":9},{"version":1,"timestamp":"2022-06-06 03:26:43 +0000","elevation":1238,"source_type":11,"duration":399857,"distance":1293,"elevation_gain":7,"elevation_loss":9},{"version":1,"timestamp":"2022-06-06 03:26:45 +0000","elevation":1238,"source_type":11,"duration":401357,"distance":1296,"elevation_gain":7,"elevation_loss":9},{"version":1,"timestamp":"2022-06-06 03:26:46 +0000","elevation":1237,"source_type":11,"duration":402857,"distance":1300,"elevation_gain":7,"elevation_loss":9},{"version":1,"timestamp":"2022-06-06 03:26:48 +0000","elevation":1237,"source_type":11,"duration":404358,"distance":1304,"elevation_gain":7,"elevation_loss":10},{"version":1,"timestamp":"2022-06-06 03:26:52 +0000","elevation":1237,"source_type":11,"duration":408349,"distance":1315,"elevation_gain":7,"elevation_loss":10},{"version":1,"timestamp":"2022-06-06 03:26:56 +0000","elevation":1237,"source_type":11,"duration":412341,"distance":1329,"elevation_gain":7,"elevation_loss":10},{"version":1,"timestamp":"2022-06-06 03:26:58 +0000","elevation":1237,"source_type":11,"duration":414094,"distance":1335,"elevation_gain":7,"elevation_loss":10},{"version":1,"timestamp":"2022-06-06 03:26:59 +0000","elevation":1236,"source_type":11,"duration":415848,"distance":1341,"elevation_gain":7,"elevation_loss":11},{"version":1,"timestamp":"2022-06-06 03:27:01 +0000","elevation":1236,"source_type":11,"duration":417602,"distance":1347,"elevation_gain":7,"elevation_loss":11},{"version":1,"timestamp":"2022-06-06 03:27:03 +0000","elevation":1236,"source_type":11,"duration":419356,"distance":1353,"elevation_gain":7,"elevation_loss":11},{"version":1,"timestamp":"2022-06-06 03:27:05 +0000","elevation":1236,"source_type":11,"duration":421107,"distance":1360,"elevation_gain":7,"elevation_loss":11},{"version":1,"timestamp":"2022-06-06 03:27:06 +0000","elevation":1236,"source_type":11,"duration":422859,"distance":1367,"elevation_gain":7,"elevation_loss":11},{"version":1,"timestamp":"2022-06-06 03:27:08 +0000","elevation":1236,"source_type":11,"duration":424610,"distance":1374,"elevation_gain":7,"elevation_loss":11},{"version":1,"timestamp":"2022-06-06 03:27:10 +0000","elevation":1236,"source_type":11,"duration":426362,"distance":1381,"elevation_gain":7,"elevation_loss":11},{"version":1,"timestamp":"2022-06-06 03:27:12 +0000","elevation":1236,"source_type":11,"duration":428107,"distance":1387,"elevation_gain":7,"elevation_loss":11},{"version":1,"timestamp":"2022-06-06 03:27:13 +0000","elevation":1236,"source_type":11,"duration":429852,"distance":1394,"elevation_gain":7,"elevation_loss":11},{"version":1,"timestamp":"2022-06-06 03:27:15 +0000","elevation":1236,"source_type":11,"duration":431597,"distance":1400,"elevation_gain":7,"elevation_loss":11},{"version":1,"timestamp":"2022-06-06 03:27:17 +0000","elevation":1236,"source_type":11,"duration":433342,"distance":1406,"elevation_gain":7,"elevation_loss":11},{"version":1,"timestamp":"2022-06-06 03:27:19 +0000","elevation":1236,"source_type":11,"duration":435344,"distance":1413,"elevation_gain":7,"elevation_loss":11},{"version":1,"timestamp":"2022-06-06 03:27:21 +0000","elevation":1235,"source_type":11,"duration":437347,"distance":1419,"elevation_gain":7,"elevation_loss":11},{"version":1,"timestamp":"2022-06-06 03:27:23 +0000","elevation":1235,"source_type":11,"duration":439349,"distance":1425,"elevation_gain":7,"elevation_loss":12},{"version":1,"timestamp":"2022-06-06 03:27:25 +0000","elevation":1235,"source_type":11,"duration":441352,"distance":1431,"elevation_gain":7,"elevation_loss":12},{"version":1,"timestamp":"2022-06-06 03:27:27 +0000","elevation":1235,"source_type":11,"duration":443356,"distance":1438,"elevation_gain":7,"elevation_loss":12},{"version":1,"timestamp":"2022-06-06 03:27:29 +0000","elevation":1235,"source_type":11,"duration":445360,"distance":1444,"elevation_gain":7,"elevation_loss":12},{"version":1,"timestamp":"2022-06-06 03:27:31 +0000","elevation":1235,"source_type":11,"duration":447364,"distance":1450,"elevation_gain":7,"elevation_loss":12},{"version":1,"timestamp":"2022-06-06 03:27:33 +0000","elevation":1235,"source_type":11,"duration":449369,"distance":1457,"elevation_gain":7,"elevation_loss":12},{"version":1,"timestamp":"2022-06-06 03:27:41 +0000","elevation":1234,"source_type":11,"duration":457358,"distance":1483,"elevation_gain":7,"elevation_loss":13},{"version":1,"timestamp":"2022-06-06 03:27:49 +0000","elevation":1232,"source_type":11,"duration":465339,"distance":1511,"elevation_gain":7,"elevation_loss":15},{"version":1,"timestamp":"2022-06-06 03:27:56 +0000","elevation":1230,"source_type":11,"duration":472348,"distance":1535,"elevation_gain":7,"elevation_loss":17},{"version":1,"timestamp":"2022-06-06 03:28:03 +0000","elevation":1229,"source_type":11,"duration":479352,"distance":1559,"elevation_gain":7,"elevation_loss":18},{"version":1,"timestamp":"2022-06-06 03:28:07 +0000","elevation":1227,"source_type":11,"duration":483353,"distance":1577,"elevation_gain":7,"elevation_loss":20},{"version":1,"timestamp":"2022-06-06 03:28:09 +0000","elevation":1227,"source_type":11,"duration":485365,"distance":1584,"elevation_gain":7,"elevation_loss":20},{"version":1,"timestamp":"2022-06-06 03:28:16 +0000","elevation":1225,"source_type":11,"duration":492346,"distance":1608,"elevation_gain":7,"elevation_loss":22},{"version":1,"timestamp":"2022-06-06 03:28:23 +0000","elevation":1223,"source_type":11,"duration":499367,"distance":1632,"elevation_gain":7,"elevation_loss":23},{"version":1,"timestamp":"2022-06-06 03:28:31 +0000","elevation":1222,"source_type":11,"duration":507370,"distance":1658,"elevation_gain":7,"elevation_loss":25},{"version":1,"timestamp":"2022-06-06 03:28:39 +0000","elevation":1222,"source_type":11,"duration":515372,"distance":1686,"elevation_gain":7,"elevation_loss":25},{"version":1,"timestamp":"2022-06-06 03:28:44 +0000","elevation":1222,"source_type":11,"duration":520352,"distance":1702,"elevation_gain":7,"elevation_loss":25},{"version":1,"timestamp":"2022-06-06 03:28:44 +0000","elevation":1222,"source_type":11,"duration":520854,"distance":1705,"elevation_gain":7,"elevation_loss":25},{"version":1,"timestamp":"2022-06-06 03:28:45 +0000","elevation":1222,"source_type":11,"duration":521357,"distance":1707,"elevation_gain":7,"elevation_loss":25},{"version":1,"timestamp":"2022-06-06 03:28:45 +0000","elevation":1222,"source_type":11,"duration":521860,"distance":1708,"elevation_gain":7,"elevation_loss":25},{"version":1,"timestamp":"2022-06-06 03:28:46 +0000","elevation":1222,"source_type":11,"duration":522363,"distance":1710,"elevation_gain":7,"elevation_loss":25},{"version":1,"timestamp":"2022-06-06 03:28:50 +0000","elevation":1222,"source_type":11,"duration":526346,"distance":1721,"elevation_gain":7,"elevation_loss":25},{"version":1,"timestamp":"2022-06-06 03:28:54 +0000","elevation":1222,"source_type":11,"duration":530330,"distance":1735,"elevation_gain":7,"elevation_loss":25},{"version":1,"timestamp":"2022-06-06 03:28:56 +0000","elevation":1222,"source_type":11,"duration":532579,"distance":1741,"elevation_gain":7,"elevation_loss":25},{"version":1,"timestamp":"2022-06-06 03:28:58 +0000","elevation":1223,"source_type":11,"duration":534828,"distance":1747,"elevation_gain":7,"elevation_loss":25},{"version":1,"timestamp":"2022-06-06 03:29:01 +0000","elevation":1223,"source_type":11,"duration":537077,"distance":1752,"elevation_gain":7,"elevation_loss":25},{"version":1,"timestamp":"2022-06-06 03:29:03 +0000","elevation":1223,"source_type":11,"duration":539327,"distance":1758,"elevation_gain":7,"elevation_loss":25},{"version":1,"timestamp":"2022-06-06 03:29:05 +0000","elevation":1223,"source_type":11,"duration":541826,"distance":1764,"elevation_gain":7,"elevation_loss":25},{"version":1,"timestamp":"2022-06-06 03:29:08 +0000","elevation":1224,"source_type":11,"duration":544325,"distance":1770,"elevation_gain":7,"elevation_loss":25},{"version":1,"timestamp":"2022-06-06 03:29:10 +0000","elevation":1224,"source_type":11,"duration":546824,"distance":1776,"elevation_gain":7,"elevation_loss":25},{"version":1,"timestamp":"2022-06-06 03:29:13 +0000","elevation":1224,"source_type":11,"duration":549323,"distance":1782,"elevation_gain":7,"elevation_loss":25},{"version":1,"timestamp":"2022-06-06 03:29:15 +0000","elevation":1225,"source_type":11,"duration":551578,"distance":1789,"elevation_gain":7,"elevation_loss":25},{"version":1,"timestamp":"2022-06-06 03:29:17 +0000","elevation":1225,"source_type":11,"duration":553834,"distance":1795,"elevation_gain":7,"elevation_loss":25},{"version":1,"timestamp":"2022-06-06 03:29:20 +0000","elevation":1225,"source_type":11,"duration":556090,"distance":1802,"elevation_gain":7,"elevation_loss":25},{"version":1,"timestamp":"2022-06-06 03:29:22 +0000","elevation":1225,"source_type":11,"duration":558346,"distance":1808,"elevation_gain":7,"elevation_loss":25},{"version":1,"timestamp":"2022-06-06 03:29:24 +0000","elevation":1226,"source_type":11,"duration":560348,"distance":1814,"elevation_gain":7,"elevation_loss":25},{"version":1,"timestamp":"2022-06-06 03:29:26 +0000","elevation":1226,"source_type":11,"duration":562350,"distance":1820,"elevation_gain":7,"elevation_loss":25},{"version":1,"timestamp":"2022-06-06 03:29:28 +0000","elevation":1226,"source_type":11,"duration":564352,"distance":1826,"elevation_gain":7,"elevation_loss":25},{"version":1,"timestamp":"2022-06-06 03:29:30 +0000","elevation":1226,"source_type":11,"duration":566355,"distance":1832,"elevation_gain":7,"elevation_loss":25},{"version":1,"timestamp":"2022-06-06 03:29:32 +0000","elevation":1226,"source_type":11,"duration":568103,"distance":1838,"elevation_gain":7,"elevation_loss":25},{"version":1,"timestamp":"2022-06-06 03:29:33 +0000","elevation":1226,"source_type":11,"duration":569852,"distance":1844,"elevation_gain":7,"elevation_loss":25},{"version":1,"timestamp":"2022-06-06 03:29:35 +0000","elevation":1227,"source_type":11,"duration":571600,"distance":1850,"elevation_gain":7,"elevation_loss":25},{"version":1,"timestamp":"2022-06-06 03:29:37 +0000","elevation":1227,"source_type":11,"duration":573349,"distance":1856,"elevation_gain":7,"elevation_loss":25},{"version":1,"timestamp":"2022-06-06 03:29:44 +0000","elevation":1227,"source_type":11,"duration":580352,"distance":1879,"elevation_gain":13,"elevation_loss":25},{"version":1,"timestamp":"2022-06-06 03:29:52 +0000","elevation":1227,"source_type":11,"duration":588358,"distance":1904,"elevation_gain":13,"elevation_loss":25},{"version":1,"timestamp":"2022-06-06 03:29:59 +0000","elevation":1227,"source_type":11,"duration":595365,"distance":1927,"elevation_gain":13,"elevation_loss":25},{"version":1,"timestamp":"2022-06-06 03:30:06 +0000","elevation":1227,"source_type":11,"duration":602371,"distance":1951,"elevation_gain":13,"elevation_loss":25},{"version":1,"timestamp":"2022-06-06 03:30:14 +0000","elevation":1227,"source_type":11,"duration":610367,"distance":1976,"elevation_gain":13,"elevation_loss":25},{"version":1,"timestamp":"2022-06-06 03:30:22 +0000","elevation":1226,"source_type":11,"duration":618352,"distance":2000,"elevation_gain":13,"elevation_loss":25},{"version":1,"timestamp":"2022-06-06 03:30:30 +0000","elevation":1227,"source_type":11,"duration":626344,"distance":2025,"elevation_gain":13,"elevation_loss":25},{"version":1,"timestamp":"2022-06-06 03:30:38 +0000","elevation":1227,"source_type":11,"duration":634370,"distance":2049,"elevation_gain":13,"elevation_loss":25},{"version":1,"timestamp":"2022-06-06 03:30:47 +0000","elevation":1228,"source_type":11,"duration":643358,"distance":2074,"elevation_gain":13,"elevation_loss":25},{"version":1,"timestamp":"2022-06-06 03:30:54 +0000","elevation":1228,"source_type":11,"duration":650367,"distance":2097,"elevation_gain":14,"elevation_loss":25},{"version":1,"timestamp":"2022-06-06 03:31:02 +0000","elevation":1228,"source_type":11,"duration":658356,"distance":2121,"elevation_gain":14,"elevation_loss":25},{"version":1,"timestamp":"2022-06-06 03:31:09 +0000","elevation":1228,"source_type":11,"duration":665366,"distance":2144,"elevation_gain":14,"elevation_loss":25},{"version":1,"timestamp":"2022-06-06 03:31:17 +0000","elevation":1228,"source_type":11,"duration":673363,"distance":2168,"elevation_gain":14,"elevation_loss":25},{"version":1,"timestamp":"2022-06-06 03:31:25 +0000","elevation":1229,"source_type":11,"duration":681350,"distance":2192,"elevation_gain":14,"elevation_loss":25},{"version":1,"timestamp":"2022-06-06 03:31:33 +0000","elevation":1228,"source_type":11,"duration":689356,"distance":2218,"elevation_gain":14,"elevation_loss":25},{"version":1,"timestamp":"2022-06-06 03:31:40 +0000","elevation":1227,"source_type":11,"duration":696353,"distance":2241,"elevation_gain":14,"elevation_loss":25},{"version":1,"timestamp":"2022-06-06 03:31:48 +0000","elevation":1226,"source_type":11,"duration":704364,"distance":2266,"elevation_gain":14,"elevation_loss":25},{"version":1,"timestamp":"2022-06-06 03:31:55 +0000","elevation":1226,"source_type":11,"duration":711361,"distance":2290,"elevation_gain":14,"elevation_loss":25},{"version":1,"timestamp":"2022-06-06 03:32:03 +0000","elevation":1226,"source_type":11,"duration":719348,"distance":2314,"elevation_gain":14,"elevation_loss":25},{"version":1,"timestamp":"2022-06-06 03:32:11 +0000","elevation":1226,"source_type":11,"duration":727354,"distance":2339,"elevation_gain":14,"elevation_loss":25},{"version":1,"timestamp":"2022-06-06 03:32:19 +0000","elevation":1226,"source_type":11,"duration":735346,"distance":2363,"elevation_gain":14,"elevation_loss":25},{"version":1,"timestamp":"2022-06-06 03:32:23 +0000","elevation":1226,"source_type":11,"duration":739853,"distance":2374,"elevation_gain":14,"elevation_loss":25},{"version":1,"timestamp":"2022-06-06 03:32:28 +0000","elevation":1226,"source_type":11,"duration":744361,"distance":2387,"elevation_gain":14,"elevation_loss":25},{"version":1,"timestamp":"2022-06-06 03:32:30 +0000","elevation":1226,"source_type":11,"duration":746610,"distance":2393,"elevation_gain":14,"elevation_loss":25},{"version":1,"timestamp":"2022-06-06 03:32:32 +0000","elevation":1226,"source_type":11,"duration":748859,"distance":2399,"elevation_gain":14,"elevation_loss":25},{"version":1,"timestamp":"2022-06-06 03:32:35 +0000","elevation":1227,"source_type":11,"duration":751108,"distance":2405,"elevation_gain":14,"elevation_loss":25},{"version":1,"timestamp":"2022-06-06 03:32:37 +0000","elevation":1227,"source_type":11,"duration":753358,"distance":2411,"elevation_gain":14,"elevation_loss":25},{"version":1,"timestamp":"2022-06-06 03:32:39 +0000","elevation":1227,"source_type":11,"duration":755354,"distance":2417,"elevation_gain":14,"elevation_loss":25},{"version":1,"timestamp":"2022-06-06 03:32:41 +0000","elevation":1228,"source_type":11,"duration":757350,"distance":2423,"elevation_gain":14,"elevation_loss":25},{"version":1,"timestamp":"2022-06-06 03:32:43 +0000","elevation":1228,"source_type":11,"duration":759346,"distance":2430,"elevation_gain":14,"elevation_loss":25},{"version":1,"timestamp":"2022-06-06 03:32:45 +0000","elevation":1228,"source_type":11,"duration":761343,"distance":2436,"elevation_gain":14,"elevation_loss":25},{"version":1,"timestamp":"2022-06-06 03:32:47 +0000","elevation":1229,"source_type":11,"duration":763345,"distance":2442,"elevation_gain":14,"elevation_loss":25},{"version":1,"timestamp":"2022-06-06 03:32:49 +0000","elevation":1229,"source_type":11,"duration":765348,"distance":2448,"elevation_gain":15,"elevation_loss":25},{"version":1,"timestamp":"2022-06-06 03:32:51 +0000","elevation":1229,"source_type":11,"duration":767350,"distance":2454,"elevation_gain":15,"elevation_loss":25},{"version":1,"timestamp":"2022-06-06 03:32:53 +0000","elevation":1230,"source_type":11,"duration":769353,"distance":2460,"elevation_gain":16,"elevation_loss":25},{"version":1,"timestamp":"2022-06-06 03:32:55 +0000","elevation":1230,"source_type":11,"duration":771604,"distance":2466,"elevation_gain":16,"elevation_loss":25},{"version":1,"timestamp":"2022-06-06 03:32:57 +0000","elevation":1231,"source_type":11,"duration":773855,"distance":2471,"elevation_gain":16,"elevation_loss":25},{"version":1,"timestamp":"2022-06-06 03:33:00 +0000","elevation":1231,"source_type":11,"duration":776106,"distance":2477,"elevation_gain":17,"elevation_loss":25},{"version":1,"timestamp":"2022-06-06 03:33:02 +0000","elevation":1231,"source_type":11,"duration":778358,"distance":2483,"elevation_gain":17,"elevation_loss":25},{"version":1,"timestamp":"2022-06-06 03:33:04 +0000","elevation":1231,"source_type":11,"duration":780606,"distance":2489,"elevation_gain":17,"elevation_loss":25},{"version":1,"timestamp":"2022-06-06 03:33:06 +0000","elevation":1232,"source_type":11,"duration":782855,"distance":2495,"elevation_gain":17,"elevation_loss":25},{"version":1,"timestamp":"2022-06-06 03:33:09 +0000","elevation":1232,"source_type":11,"duration":785103,"distance":2500,"elevation_gain":18,"elevation_loss":25},{"version":1,"timestamp":"2022-06-06 03:33:11 +0000","elevation":1232,"source_type":11,"duration":787352,"distance":2506,"elevation_gain":18,"elevation_loss":25},{"version":1,"timestamp":"2022-06-06 03:33:13 +0000","elevation":1232,"source_type":11,"duration":789354,"distance":2512,"elevation_gain":18,"elevation_loss":25},{"version":1,"timestamp":"2022-06-06 03:33:15 +0000","elevation":1232,"source_type":11,"duration":791356,"distance":2518,"elevation_gain":18,"elevation_loss":25},{"version":1,"timestamp":"2022-06-06 03:33:17 +0000","elevation":1232,"source_type":11,"duration":793358,"distance":2525,"elevation_gain":18,"elevation_loss":25},{"version":1,"timestamp":"2022-06-06 03:33:19 +0000","elevation":1232,"source_type":11,"duration":795360,"distance":2532,"elevation_gain":18,"elevation_loss":25},{"version":1,"timestamp":"2022-06-06 03:33:21 +0000","elevation":1231,"source_type":11,"duration":797610,"distance":2538,"elevation_gain":18,"elevation_loss":25},{"version":1,"timestamp":"2022-06-06 03:33:23 +0000","elevation":1231,"source_type":11,"duration":799861,"distance":2544,"elevation_gain":18,"elevation_loss":25},{"version":1,"timestamp":"2022-06-06 03:33:26 +0000","elevation":1231,"source_type":11,"duration":802111,"distance":2551,"elevation_gain":18,"elevation_loss":25},{"version":1,"timestamp":"2022-06-06 03:33:28 +0000","elevation":1231,"source_type":11,"duration":804362,"distance":2557,"elevation_gain":18,"elevation_loss":25},{"version":1,"timestamp":"2022-06-06 03:33:30 +0000","elevation":1231,"source_type":11,"duration":806360,"distance":2563,"elevation_gain":18,"elevation_loss":25},{"version":1,"timestamp":"2022-06-06 03:33:32 +0000","elevation":1231,"source_type":11,"duration":808358,"distance":2570,"elevation_gain":18,"elevation_loss":25},{"version":1,"timestamp":"2022-06-06 03:33:34 +0000","elevation":1230,"source_type":11,"duration":810356,"distance":2576,"elevation_gain":18,"elevation_loss":25},{"version":1,"timestamp":"2022-06-06 03:33:36 +0000","elevation":1230,"source_type":11,"duration":812355,"distance":2582,"elevation_gain":18,"elevation_loss":25},{"version":1,"timestamp":"2022-06-06 03:33:38 +0000","elevation":1230,"source_type":11,"duration":814356,"distance":2588,"elevation_gain":18,"elevation_loss":25},{"version":1,"timestamp":"2022-06-06 03:33:40 +0000","elevation":1230,"source_type":11,"duration":816358,"distance":2594,"elevation_gain":18,"elevation_loss":25},{"version":1,"timestamp":"2022-06-06 03:33:42 +0000","elevation":1230,"source_type":11,"duration":818360,"distance":2601,"elevation_gain":18,"elevation_loss":25},{"version":1,"timestamp":"2022-06-06 03:33:44 +0000","elevation":1230,"source_type":11,"duration":820362,"distance":2607,"elevation_gain":18,"elevation_loss":25},{"version":1,"timestamp":"2022-06-06 03:33:46 +0000","elevation":1229,"source_type":11,"duration":822114,"distance":2613,"elevation_gain":18,"elevation_loss":25},{"version":1,"timestamp":"2022-06-06 03:33:47 +0000","elevation":1229,"source_type":11,"duration":823866,"distance":2619,"elevation_gain":18,"elevation_loss":25},{"version":1,"timestamp":"2022-06-06 03:33:49 +0000","elevation":1229,"source_type":11,"duration":825618,"distance":2624,"elevation_gain":18,"elevation_loss":25},{"version":1,"timestamp":"2022-06-06 03:33:51 +0000","elevation":1229,"source_type":11,"duration":827370,"distance":2630,"elevation_gain":18,"elevation_loss":25},{"version":1,"timestamp":"2022-06-06 03:33:53 +0000","elevation":1229,"source_type":11,"duration":829362,"distance":2636,"elevation_gain":18,"elevation_loss":25},{"version":1,"timestamp":"2022-06-06 03:33:55 +0000","elevation":1229,"source_type":11,"duration":831354,"distance":2643,"elevation_gain":18,"elevation_loss":25},{"version":1,"timestamp":"2022-06-06 03:33:57 +0000","elevation":1228,"source_type":11,"duration":833346,"distance":2649,"elevation_gain":18,"elevation_loss":25},{"version":1,"timestamp":"2022-06-06 03:33:59 +0000","elevation":1228,"source_type":11,"duration":835339,"distance":2656,"elevation_gain":18,"elevation_loss":25},{"version":1,"timestamp":"2022-06-06 03:34:06 +0000","elevation":1227,"source_type":11,"duration":842368,"distance":2681,"elevation_gain":18,"elevation_loss":25},{"version":1,"timestamp":"2022-06-06 03:34:14 +0000","elevation":1226,"source_type":11,"duration":850359,"distance":2706,"elevation_gain":18,"elevation_loss":31},{"version":1,"timestamp":"2022-06-06 03:34:16 +0000","elevation":1226,"source_type":11,"duration":852342,"distance":2714,"elevation_gain":18,"elevation_loss":32},{"version":1,"timestamp":"2022-06-06 03:34:19 +0000","elevation":1225,"source_type":11,"duration":855357,"distance":2723,"elevation_gain":18,"elevation_loss":32},{"version":1,"timestamp":"2022-06-06 03:34:20 +0000","elevation":1225,"source_type":11,"duration":856361,"distance":2726,"elevation_gain":18,"elevation_loss":32},{"version":1,"timestamp":"2022-06-06 03:34:22 +0000","elevation":1225,"source_type":11,"duration":858348,"distance":2732,"elevation_gain":18,"elevation_loss":32},{"version":1,"timestamp":"2022-06-06 03:34:30 +0000","elevation":1224,"source_type":11,"duration":866366,"distance":2757,"elevation_gain":18,"elevation_loss":33},{"version":1,"timestamp":"2022-06-06 03:34:38 +0000","elevation":1224,"source_type":11,"duration":874380,"distance":2781,"elevation_gain":18,"elevation_loss":34},{"version":1,"timestamp":"2022-06-06 03:34:46 +0000","elevation":1223,"source_type":11,"duration":882364,"distance":2805,"elevation_gain":18,"elevation_loss":34},{"version":1,"timestamp":"2022-06-06 03:34:54 +0000","elevation":1223,"source_type":11,"duration":890346,"distance":2829,"elevation_gain":18,"elevation_loss":34},{"version":1,"timestamp":"2022-06-06 03:35:02 +0000","elevation":1223,"source_type":11,"duration":898384,"distance":2851,"elevation_gain":18,"elevation_loss":34},{"version":1,"timestamp":"2022-06-06 03:35:10 +0000","elevation":1224,"source_type":11,"duration":906356,"distance":2874,"elevation_gain":18,"elevation_loss":34},{"version":1,"timestamp":"2022-06-06 03:35:19 +0000","elevation":1224,"source_type":11,"duration":915359,"distance":2898,"elevation_gain":18,"elevation_loss":34},{"version":1,"timestamp":"2022-06-06 03:35:27 +0000","elevation":1225,"source_type":11,"duration":923352,"distance":2923,"elevation_gain":18,"elevation_loss":34},{"version":1,"timestamp":"2022-06-06 03:35:36 +0000","elevation":1225,"source_type":11,"duration":932353,"distance":2946,"elevation_gain":18,"elevation_loss":34},{"version":1,"timestamp":"2022-06-06 03:35:44 +0000","elevation":1225,"source_type":11,"duration":940368,"distance":2971,"elevation_gain":18,"elevation_loss":34},{"version":1,"timestamp":"2022-06-06 03:35:54 +0000","elevation":1224,"source_type":11,"duration":950364,"distance":2997,"elevation_gain":18,"elevation_loss":34},{"version":1,"timestamp":"2022-06-06 03:35:58 +0000","elevation":1225,"source_type":11,"duration":954366,"distance":3008,"elevation_gain":18,"elevation_loss":34},{"version":1,"timestamp":"2022-06-06 03:36:02 +0000","elevation":1225,"source_type":11,"duration":958368,"distance":3019,"elevation_gain":18,"elevation_loss":34},{"version":1,"timestamp":"2022-06-06 03:36:04 +0000","elevation":1225,"source_type":11,"duration":960864,"distance":3025,"elevation_gain":18,"elevation_loss":34},{"version":1,"timestamp":"2022-06-06 03:36:07 +0000","elevation":1225,"source_type":11,"duration":963360,"distance":3031,"elevation_gain":18,"elevation_loss":34},{"version":1,"timestamp":"2022-06-06 03:36:09 +0000","elevation":1225,"source_type":11,"duration":965856,"distance":3038,"elevation_gain":18,"elevation_loss":34},{"version":1,"timestamp":"2022-06-06 03:36:12 +0000","elevation":1226,"source_type":11,"duration":968353,"distance":3044,"elevation_gain":18,"elevation_loss":34},{"version":1,"timestamp":"2022-06-06 03:36:14 +0000","elevation":1226,"source_type":11,"duration":970850,"distance":3050,"elevation_gain":18,"elevation_loss":34},{"version":1,"timestamp":"2022-06-06 03:36:17 +0000","elevation":1226,"source_type":11,"duration":973348,"distance":3056,"elevation_gain":18,"elevation_loss":34},{"version":1,"timestamp":"2022-06-06 03:36:19 +0000","elevation":1226,"source_type":11,"duration":975846,"distance":3062,"elevation_gain":18,"elevation_loss":34},{"version":1,"timestamp":"2022-06-06 03:36:22 +0000","elevation":1227,"source_type":11,"duration":978344,"distance":3068,"elevation_gain":18,"elevation_loss":34},{"version":1,"timestamp":"2022-06-06 03:36:24 +0000","elevation":1227,"source_type":11,"duration":980593,"distance":3074,"elevation_gain":18,"elevation_loss":34},{"version":1,"timestamp":"2022-06-06 03:36:26 +0000","elevation":1227,"source_type":11,"duration":982843,"distance":3080,"elevation_gain":18,"elevation_loss":34},{"version":1,"timestamp":"2022-06-06 03:36:29 +0000","elevation":1227,"source_type":11,"duration":985093,"distance":3086,"elevation_gain":18,"elevation_loss":34},{"version":1,"timestamp":"2022-06-06 03:36:31 +0000","elevation":1228,"source_type":11,"duration":987343,"distance":3093,"elevation_gain":18,"elevation_loss":34},{"version":1,"timestamp":"2022-06-06 03:36:33 +0000","elevation":1228,"source_type":11,"duration":989595,"distance":3099,"elevation_gain":18,"elevation_loss":34},{"version":1,"timestamp":"2022-06-06 03:36:35 +0000","elevation":1228,"source_type":11,"duration":991848,"distance":3104,"elevation_gain":18,"elevation_loss":34},{"version":1,"timestamp":"2022-06-06 03:36:38 +0000","elevation":1228,"source_type":11,"duration":994101,"distance":3110,"elevation_gain":23,"elevation_loss":34},{"version":1,"timestamp":"2022-06-06 03:36:40 +0000","elevation":1228,"source_type":11,"duration":996354,"distance":3116,"elevation_gain":23,"elevation_loss":34},{"version":1,"timestamp":"2022-06-06 03:36:42 +0000","elevation":1229,"source_type":11,"duration":998357,"distance":3121,"elevation_gain":23,"elevation_loss":34},{"version":1,"timestamp":"2022-06-06 03:36:44 +0000","elevation":1229,"source_type":11,"duration":1000361,"distance":3127,"elevation_gain":23,"elevation_loss":34},{"version":1,"timestamp":"2022-06-06 03:36:46 +0000","elevation":1229,"source_type":11,"duration":1002364,"distance":3132,"elevation_gain":23,"elevation_loss":34},{"version":1,"timestamp":"2022-06-06 03:36:48 +0000","elevation":1229,"source_type":11,"duration":1004368,"distance":3138,"elevation_gain":23,"elevation_loss":34},{"version":1,"timestamp":"2022-06-06 03:36:57 +0000","elevation":1229,"source_type":11,"duration":1013349,"distance":3163,"elevation_gain":24,"elevation_loss":34},{"version":1,"timestamp":"2022-06-06 03:37:05 +0000","elevation":1229,"source_type":11,"duration":1021344,"distance":3187,"elevation_gain":24,"elevation_loss":34},{"version":1,"timestamp":"2022-06-06 03:37:14 +0000","elevation":1230,"source_type":11,"duration":1030363,"distance":3211,"elevation_gain":24,"elevation_loss":34},{"version":1,"timestamp":"2022-06-06 03:37:25 +0000","elevation":1231,"source_type":11,"duration":1041346,"distance":3235,"elevation_gain":25,"elevation_loss":34},{"version":1,"timestamp":"2022-06-06 03:37:29 +0000","elevation":1231,"source_type":11,"duration":1045353,"distance":3246,"elevation_gain":26,"elevation_loss":34},{"version":1,"timestamp":"2022-06-06 03:37:33 +0000","elevation":1232,"source_type":11,"duration":1049360,"distance":3259,"elevation_gain":26,"elevation_loss":34},{"version":1,"timestamp":"2022-06-06 03:37:35 +0000","elevation":1232,"source_type":11,"duration":1051117,"distance":3264,"elevation_gain":26,"elevation_loss":34},{"version":1,"timestamp":"2022-06-06 03:37:36 +0000","elevation":1232,"source_type":11,"duration":1052874,"distance":3270,"elevation_gain":26,"elevation_loss":34},{"version":1,"timestamp":"2022-06-06 03:37:38 +0000","elevation":1232,"source_type":11,"duration":1054631,"distance":3276,"elevation_gain":26,"elevation_loss":34},{"version":1,"timestamp":"2022-06-06 03:37:40 +0000","elevation":1232,"source_type":11,"duration":1056388,"distance":3281,"elevation_gain":27,"elevation_loss":34},{"version":1,"timestamp":"2022-06-06 03:37:42 +0000","elevation":1232,"source_type":11,"duration":1058882,"distance":3287,"elevation_gain":27,"elevation_loss":34},{"version":1,"timestamp":"2022-06-06 03:37:45 +0000","elevation":1232,"source_type":11,"duration":1061376,"distance":3292,"elevation_gain":27,"elevation_loss":34},{"version":1,"timestamp":"2022-06-06 03:37:47 +0000","elevation":1233,"source_type":11,"duration":1063870,"distance":3298,"elevation_gain":27,"elevation_loss":34},{"version":1,"timestamp":"2022-06-06 03:37:50 +0000","elevation":1233,"source_type":11,"duration":1066364,"distance":3303,"elevation_gain":27,"elevation_loss":34},{"version":1,"timestamp":"2022-06-06 03:37:52 +0000","elevation":1233,"source_type":11,"duration":1068606,"distance":3308,"elevation_gain":28,"elevation_loss":34},{"version":1,"timestamp":"2022-06-06 03:37:54 +0000","elevation":1233,"source_type":11,"duration":1070848,"distance":3314,"elevation_gain":28,"elevation_loss":34},{"version":1,"timestamp":"2022-06-06 03:37:57 +0000","elevation":1234,"source_type":11,"duration":1073090,"distance":3319,"elevation_gain":28,"elevation_loss":34},{"version":1,"timestamp":"2022-06-06 03:37:59 +0000","elevation":1234,"source_type":11,"duration":1075333,"distance":3325,"elevation_gain":28,"elevation_loss":34},{"version":1,"timestamp":"2022-06-06 03:38:02 +0000","elevation":1234,"source_type":11,"duration":1078086,"distance":3331,"elevation_gain":28,"elevation_loss":34},{"version":1,"timestamp":"2022-06-06 03:38:04 +0000","elevation":1234,"source_type":11,"duration":1080839,"distance":3337,"elevation_gain":29,"elevation_loss":34},{"version":1,"timestamp":"2022-06-06 03:38:07 +0000","elevation":1235,"source_type":11,"duration":1083592,"distance":3342,"elevation_gain":29,"elevation_loss":34},{"version":1,"timestamp":"2022-06-06 03:38:10 +0000","elevation":1235,"source_type":11,"duration":1086346,"distance":3348,"elevation_gain":29,"elevation_loss":34},{"version":1,"timestamp":"2022-06-06 03:38:12 +0000","elevation":1235,"source_type":11,"duration":1088345,"distance":3354,"elevation_gain":29,"elevation_loss":34},{"version":1,"timestamp":"2022-06-06 03:38:14 +0000","elevation":1235,"source_type":11,"duration":1090345,"distance":3360,"elevation_gain":30,"elevation_loss":34},{"version":1,"timestamp":"2022-06-06 03:38:16 +0000","elevation":1236,"source_type":11,"duration":1092345,"distance":3366,"elevation_gain":30,"elevation_loss":34},{"version":1,"timestamp":"2022-06-06 03:38:18 +0000","elevation":1236,"source_type":11,"duration":1094345,"distance":3372,"elevation_gain":30,"elevation_loss":34},{"version":1,"timestamp":"2022-06-06 03:38:27 +0000","elevation":1237,"source_type":11,"duration":1103330,"distance":3396,"elevation_gain":31,"elevation_loss":34},{"version":1,"timestamp":"2022-06-06 03:38:37 +0000","elevation":1237,"source_type":11,"duration":1113335,"distance":3422,"elevation_gain":32,"elevation_loss":34},{"version":1,"timestamp":"2022-06-06 03:38:45 +0000","elevation":1237,"source_type":11,"duration":1121361,"distance":3447,"elevation_gain":32,"elevation_loss":34},{"version":1,"timestamp":"2022-06-06 03:38:53 +0000","elevation":1237,"source_type":11,"duration":1129355,"distance":3471,"elevation_gain":32,"elevation_loss":34},{"version":1,"timestamp":"2022-06-06 03:39:02 +0000","elevation":1238,"source_type":11,"duration":1138357,"distance":3494,"elevation_gain":32,"elevation_loss":34},{"version":1,"timestamp":"2022-06-06 03:39:11 +0000","elevation":1237,"source_type":11,"duration":1147350,"distance":3518,"elevation_gain":32,"elevation_loss":34},{"version":1,"timestamp":"2022-06-06 03:39:21 +0000","elevation":1237,"source_type":11,"duration":1157334,"distance":3542,"elevation_gain":32,"elevation_loss":34},{"version":1,"timestamp":"2022-06-06 03:39:22 +0000","elevation":1238,"source_type":11,"duration":1158836,"distance":3545,"elevation_gain":32,"elevation_loss":34},{"version":1,"timestamp":"2022-06-06 03:39:24 +0000","elevation":1238,"source_type":11,"duration":1160338,"distance":3549,"elevation_gain":32,"elevation_loss":34},{"version":1,"timestamp":"2022-06-06 03:39:25 +0000","elevation":1238,"source_type":11,"duration":1161840,"distance":3553,"elevation_gain":32,"elevation_loss":34},{"version":1,"timestamp":"2022-06-06 03:39:27 +0000","elevation":1238,"source_type":11,"duration":1163342,"distance":3556,"elevation_gain":32,"elevation_loss":34},{"version":1,"timestamp":"2022-06-06 03:39:28 +0000","elevation":1238,"source_type":11,"duration":1164344,"distance":3559,"elevation_gain":32,"elevation_loss":34},{"version":1,"timestamp":"2022-06-06 03:39:29 +0000","elevation":1238,"source_type":11,"duration":1165346,"distance":3561,"elevation_gain":33,"elevation_loss":34},{"version":1,"timestamp":"2022-06-06 03:39:30 +0000","elevation":1238,"source_type":11,"duration":1166348,"distance":3564,"elevation_gain":33,"elevation_loss":34},{"version":1,"timestamp":"2022-06-06 03:39:31 +0000","elevation":1238,"source_type":11,"duration":1167351,"distance":3567,"elevation_gain":33,"elevation_loss":34},{"version":1,"timestamp":"2022-06-06 03:39:35 +0000","elevation":1239,"source_type":11,"duration":1171850,"distance":3578,"elevation_gain":33,"elevation_loss":34},{"version":1,"timestamp":"2022-06-06 03:39:40 +0000","elevation":1239,"source_type":11,"duration":1176350,"distance":3592,"elevation_gain":33,"elevation_loss":34},{"version":1,"timestamp":"2022-06-06 03:39:42 +0000","elevation":1239,"source_type":11,"duration":1178098,"distance":3598,"elevation_gain":34,"elevation_loss":34},{"version":1,"timestamp":"2022-06-06 03:39:43 +0000","elevation":1239,"source_type":11,"duration":1179846,"distance":3604,"elevation_gain":34,"elevation_loss":34},{"version":1,"timestamp":"2022-06-06 03:39:45 +0000","elevation":1239,"source_type":11,"duration":1181594,"distance":3610,"elevation_gain":34,"elevation_loss":34},{"version":1,"timestamp":"2022-06-06 03:39:47 +0000","elevation":1240,"source_type":11,"duration":1183342,"distance":3615,"elevation_gain":34,"elevation_loss":34},{"version":1,"timestamp":"2022-06-06 03:39:49 +0000","elevation":1240,"source_type":11,"duration":1185342,"distance":3622,"elevation_gain":34,"elevation_loss":34},{"version":1,"timestamp":"2022-06-06 03:39:51 +0000","elevation":1240,"source_type":11,"duration":1187342,"distance":3628,"elevation_gain":34,"elevation_loss":34},{"version":1,"timestamp":"2022-06-06 03:39:53 +0000","elevation":1240,"source_type":11,"duration":1189342,"distance":3634,"elevation_gain":34,"elevation_loss":34},{"version":1,"timestamp":"2022-06-06 03:39:55 +0000","elevation":1240,"source_type":11,"duration":1191342,"distance":3641,"elevation_gain":34,"elevation_loss":34},{"version":1,"timestamp":"2022-06-06 03:39:57 +0000","elevation":1240,"source_type":11,"duration":1193342,"distance":3647,"elevation_gain":34,"elevation_loss":34},{"version":1,"timestamp":"2022-06-06 03:39:59 +0000","elevation":1240,"source_type":11,"duration":1195343,"distance":3653,"elevation_gain":34,"elevation_loss":34},{"version":1,"timestamp":"2022-06-06 03:40:01 +0000","elevation":1240,"source_type":11,"duration":1197344,"distance":3660,"elevation_gain":34,"elevation_loss":34},{"version":1,"timestamp":"2022-06-06 03:40:03 +0000","elevation":1240,"source_type":11,"duration":1199345,"distance":3666,"elevation_gain":34,"elevation_loss":34},{"version":1,"timestamp":"2022-06-06 03:40:05 +0000","elevation":1240,"source_type":11,"duration":1201343,"distance":3672,"elevation_gain":34,"elevation_loss":34},{"version":1,"timestamp":"2022-06-06 03:40:07 +0000","elevation":1240,"source_type":11,"duration":1203342,"distance":3678,"elevation_gain":34,"elevation_loss":34},{"version":1,"timestamp":"2022-06-06 03:40:09 +0000","elevation":1240,"source_type":11,"duration":1205340,"distance":3684,"elevation_gain":34,"elevation_loss":34},{"version":1,"timestamp":"2022-06-06 03:40:11 +0000","elevation":1240,"source_type":11,"duration":1207339,"distance":3689,"elevation_gain":34,"elevation_loss":34},{"version":1,"timestamp":"2022-06-06 03:40:13 +0000","elevation":1240,"source_type":11,"duration":1209090,"distance":3695,"elevation_gain":34,"elevation_loss":34},{"version":1,"timestamp":"2022-06-06 03:40:14 +0000","elevation":1240,"source_type":11,"duration":1210841,"distance":3701,"elevation_gain":34,"elevation_loss":34},{"version":1,"timestamp":"2022-06-06 03:40:16 +0000","elevation":1240,"source_type":11,"duration":1212592,"distance":3707,"elevation_gain":34,"elevation_loss":34},{"version":1,"timestamp":"2022-06-06 03:40:18 +0000","elevation":1240,"source_type":11,"duration":1214344,"distance":3713,"elevation_gain":34,"elevation_loss":34},{"version":1,"timestamp":"2022-06-06 03:40:26 +0000","elevation":1239,"source_type":11,"duration":1222336,"distance":3743,"elevation_gain":34,"elevation_loss":34},{"version":1,"timestamp":"2022-06-06 03:40:33 +0000","elevation":1239,"source_type":11,"duration":1229349,"distance":3767,"elevation_gain":34,"elevation_loss":34},{"version":1,"timestamp":"2022-06-06 03:40:40 +0000","elevation":1238,"source_type":11,"duration":1236348,"distance":3791,"elevation_gain":34,"elevation_loss":34},{"version":1,"timestamp":"2022-06-06 03:40:48 +0000","elevation":1238,"source_type":11,"duration":1244368,"distance":3816,"elevation_gain":34,"elevation_loss":34},{"version":1,"timestamp":"2022-06-06 03:40:55 +0000","elevation":1237,"source_type":11,"duration":1251352,"distance":3840,"elevation_gain":34,"elevation_loss":34},{"version":1,"timestamp":"2022-06-06 03:41:03 +0000","elevation":1237,"source_type":11,"duration":1259355,"distance":3862,"elevation_gain":34,"elevation_loss":34},{"version":1,"timestamp":"2022-06-06 03:41:11 +0000","elevation":1237,"source_type":11,"duration":1267348,"distance":3886,"elevation_gain":34,"elevation_loss":34},{"version":1,"timestamp":"2022-06-06 03:41:19 +0000","elevation":1237,"source_type":11,"duration":1275358,"distance":3909,"elevation_gain":34,"elevation_loss":34},{"version":1,"timestamp":"2022-06-06 03:41:27 +0000","elevation":1238,"source_type":11,"duration":1283343,"distance":3933,"elevation_gain":34,"elevation_loss":34},{"version":1,"timestamp":"2022-06-06 03:41:36 +0000","elevation":1237,"source_type":11,"duration":1292358,"distance":3963,"elevation_gain":34,"elevation_loss":34},{"version":1,"timestamp":"2022-06-06 03:41:43 +0000","elevation":1237,"source_type":11,"duration":1299343,"distance":3988,"elevation_gain":34,"elevation_loss":34},{"version":1,"timestamp":"2022-06-06 03:41:50 +0000","elevation":1237,"source_type":11,"duration":1306354,"distance":4012,"elevation_gain":34,"elevation_loss":34},{"version":1,"timestamp":"2022-06-06 03:41:58 +0000","elevation":1236,"source_type":11,"duration":1314347,"distance":4038,"elevation_gain":34,"elevation_loss":34},{"version":1,"timestamp":"2022-06-06 03:42:05 +0000","elevation":1236,"source_type":11,"duration":1321353,"distance":4061,"elevation_gain":34,"elevation_loss":34},{"version":1,"timestamp":"2022-06-06 03:42:12 +0000","elevation":1236,"source_type":11,"duration":1328332,"distance":4085,"elevation_gain":34,"elevation_loss":34},{"version":1,"timestamp":"2022-06-06 03:42:22 +0000","elevation":1236,"source_type":11,"duration":1338355,"distance":4109,"elevation_gain":34,"elevation_loss":34},{"version":1,"timestamp":"2022-06-06 03:42:28 +0000","elevation":1235,"source_type":11,"duration":1344352,"distance":4133,"elevation_gain":34,"elevation_loss":34},{"version":1,"timestamp":"2022-06-06 03:42:35 +0000","elevation":1234,"source_type":11,"duration":1351339,"distance":4159,"elevation_gain":34,"elevation_loss":39},{"version":1,"timestamp":"2022-06-06 03:42:42 +0000","elevation":1233,"source_type":11,"duration":1358351,"distance":4185,"elevation_gain":34,"elevation_loss":41},{"version":1,"timestamp":"2022-06-06 03:42:49 +0000","elevation":1232,"source_type":11,"duration":1365336,"distance":4212,"elevation_gain":34,"elevation_loss":42},{"version":1,"timestamp":"2022-06-06 03:42:56 +0000","elevation":1231,"source_type":11,"duration":1372344,"distance":4235,"elevation_gain":34,"elevation_loss":43},{"version":1,"timestamp":"2022-06-06 03:43:04 +0000","elevation":1230,"source_type":11,"duration":1380351,"distance":4264,"elevation_gain":34,"elevation_loss":44},{"version":1,"timestamp":"2022-06-06 03:43:11 +0000","elevation":1231,"source_type":11,"duration":1387358,"distance":4292,"elevation_gain":34,"elevation_loss":44},{"version":1,"timestamp":"2022-06-06 03:43:18 +0000","elevation":1233,"source_type":11,"duration":1394347,"distance":4316,"elevation_gain":34,"elevation_loss":44},{"version":1,"timestamp":"2022-06-06 03:43:25 +0000","elevation":1234,"source_type":11,"duration":1401357,"distance":4341,"elevation_gain":34,"elevation_loss":44},{"version":1,"timestamp":"2022-06-06 03:43:32 +0000","elevation":1236,"source_type":11,"duration":1408350,"distance":4367,"elevation_gain":40,"elevation_loss":44},{"version":1,"timestamp":"2022-06-06 03:43:40 +0000","elevation":1236,"source_type":11,"duration":1416339,"distance":4392,"elevation_gain":41,"elevation_loss":44},{"version":1,"timestamp":"2022-06-06 03:43:48 +0000","elevation":1237,"source_type":11,"duration":1424344,"distance":4416,"elevation_gain":41,"elevation_loss":44},{"version":1,"timestamp":"2022-06-06 03:43:57 +0000","elevation":1238,"source_type":11,"duration":1433331,"distance":4440,"elevation_gain":42,"elevation_loss":44},{"version":1,"timestamp":"2022-06-06 03:44:05 +0000","elevation":1238,"source_type":11,"duration":1441349,"distance":4463,"elevation_gain":43,"elevation_loss":44},{"version":1,"timestamp":"2022-06-06 03:44:07 +0000","elevation":1238,"source_type":11,"duration":1443337,"distance":4468,"elevation_gain":43,"elevation_loss":44},{"version":1,"timestamp":"2022-06-06 03:44:10 +0000","elevation":1239,"source_type":11,"duration":1446342,"distance":4477,"elevation_gain":43,"elevation_loss":44},{"version":1,"timestamp":"2022-06-06 03:44:14 +0000","elevation":1239,"source_type":11,"duration":1450366,"distance":4487,"elevation_gain":43,"elevation_loss":44},{"version":1,"timestamp":"2022-06-06 03:44:20 +0000","elevation":1239,"source_type":11,"duration":1456366,"distance":4505,"elevation_gain":44,"elevation_loss":44},{"version":1,"timestamp":"2022-06-06 03:44:21 +0000","elevation":1239,"source_type":11,"duration":1457354,"distance":4507,"elevation_gain":44,"elevation_loss":44},{"version":1,"timestamp":"2022-06-06 03:44:22 +0000","elevation":1239,"source_type":11,"duration":1458346,"distance":4509,"elevation_gain":44,"elevation_loss":44},{"version":1,"timestamp":"2022-06-06 03:44:23 +0000","elevation":1239,"source_type":11,"duration":1459339,"distance":4512,"elevation_gain":44,"elevation_loss":44},{"version":1,"timestamp":"2022-06-06 03:44:25 +0000","elevation":1239,"source_type":11,"duration":1461339,"distance":4517,"elevation_gain":44,"elevation_loss":44},{"version":1,"timestamp":"2022-06-06 03:44:27 +0000","elevation":1239,"source_type":11,"duration":1463339,"distance":4523,"elevation_gain":44,"elevation_loss":44},{"version":1,"timestamp":"2022-06-06 03:44:29 +0000","elevation":1239,"source_type":11,"duration":1465339,"distance":4530,"elevation_gain":44,"elevation_loss":44},{"version":1,"timestamp":"2022-06-06 03:44:31 +0000","elevation":1239,"source_type":11,"duration":1467339,"distance":4537,"elevation_gain":44,"elevation_loss":44},{"version":1,"timestamp":"2022-06-06 03:44:33 +0000","elevation":1239,"source_type":11,"duration":1469342,"distance":4543,"elevation_gain":44,"elevation_loss":44},{"version":1,"timestamp":"2022-06-06 03:44:35 +0000","elevation":1239,"source_type":11,"duration":1471345,"distance":4549,"elevation_gain":44,"elevation_loss":44},{"version":1,"timestamp":"2022-06-06 03:44:37 +0000","elevation":1239,"source_type":11,"duration":1473348,"distance":4555,"elevation_gain":44,"elevation_loss":44},{"version":1,"timestamp":"2022-06-06 03:44:39 +0000","elevation":1239,"source_type":11,"duration":1475352,"distance":4561,"elevation_gain":44,"elevation_loss":44},{"version":1,"timestamp":"2022-06-06 03:44:41 +0000","elevation":1239,"source_type":11,"duration":1477350,"distance":4567,"elevation_gain":44,"elevation_loss":44},{"version":1,"timestamp":"2022-06-06 03:44:43 +0000","elevation":1239,"source_type":11,"duration":1479349,"distance":4573,"elevation_gain":44,"elevation_loss":44},{"version":1,"timestamp":"2022-06-06 03:44:45 +0000","elevation":1239,"source_type":11,"duration":1481348,"distance":4578,"elevation_gain":44,"elevation_loss":44},{"version":1,"timestamp":"2022-06-06 03:44:47 +0000","elevation":1239,"source_type":11,"duration":1483347,"distance":4584,"elevation_gain":44,"elevation_loss":44},{"version":1,"timestamp":"2022-06-06 03:44:49 +0000","elevation":1239,"source_type":11,"duration":1485346,"distance":4590,"elevation_gain":44,"elevation_loss":44},{"version":1,"timestamp":"2022-06-06 03:44:51 +0000","elevation":1239,"source_type":11,"duration":1487345,"distance":4596,"elevation_gain":44,"elevation_loss":44},{"version":1,"timestamp":"2022-06-06 03:44:53 +0000","elevation":1239,"source_type":11,"duration":1489344,"distance":4602,"elevation_gain":44,"elevation_loss":44},{"version":1,"timestamp":"2022-06-06 03:44:55 +0000","elevation":1239,"source_type":11,"duration":1491344,"distance":4609,"elevation_gain":44,"elevation_loss":44},{"version":1,"timestamp":"2022-06-06 03:44:57 +0000","elevation":1239,"source_type":11,"duration":1493848,"distance":4615,"elevation_gain":44,"elevation_loss":44},{"version":1,"timestamp":"2022-06-06 03:45:00 +0000","elevation":1239,"source_type":11,"duration":1496352,"distance":4621,"elevation_gain":44,"elevation_loss":44},{"version":1,"timestamp":"2022-06-06 03:45:02 +0000","elevation":1239,"source_type":11,"duration":1498856,"distance":4628,"elevation_gain":44,"elevation_loss":44},{"version":1,"timestamp":"2022-06-06 03:45:05 +0000","elevation":1239,"source_type":11,"duration":1501360,"distance":4634,"elevation_gain":44,"elevation_loss":44},{"version":1,"timestamp":"2022-06-06 03:45:13 +0000","elevation":1240,"source_type":11,"duration":1509346,"distance":4660,"elevation_gain":44,"elevation_loss":44},{"version":1,"timestamp":"2022-06-06 03:45:21 +0000","elevation":1240,"source_type":11,"duration":1517348,"distance":4684,"elevation_gain":44,"elevation_loss":44},{"version":1,"timestamp":"2022-06-06 03:45:29 +0000","elevation":1240,"source_type":11,"duration":1525350,"distance":4707,"elevation_gain":45,"elevation_loss":44},{"version":1,"timestamp":"2022-06-06 03:45:38 +0000","elevation":1240,"source_type":11,"duration":1534367,"distance":4729,"elevation_gain":45,"elevation_loss":44},{"version":1,"timestamp":"2022-06-06 03:45:46 +0000","elevation":1240,"source_type":11,"duration":1542327,"distance":4753,"elevation_gain":45,"elevation_loss":44},{"version":1,"timestamp":"2022-06-06 03:45:55 +0000","elevation":1240,"source_type":11,"duration":1551381,"distance":4778,"elevation_gain":45,"elevation_loss":44},{"version":1,"timestamp":"2022-06-06 03:46:04 +0000","elevation":1239,"source_type":11,"duration":1560346,"distance":4802,"elevation_gain":45,"elevation_loss":44},{"version":1,"timestamp":"2022-06-06 03:46:13 +0000","elevation":1239,"source_type":11,"duration":1569369,"distance":4827,"elevation_gain":45,"elevation_loss":44},{"version":1,"timestamp":"2022-06-06 03:46:20 +0000","elevation":1238,"source_type":11,"duration":1576383,"distance":4851,"elevation_gain":45,"elevation_loss":44},{"version":1,"timestamp":"2022-06-06 03:46:27 +0000","elevation":1238,"source_type":11,"duration":1583368,"distance":4878,"elevation_gain":45,"elevation_loss":44},{"version":1,"timestamp":"2022-06-06 03:46:34 +0000","elevation":1237,"source_type":11,"duration":1590345,"distance":4903,"elevation_gain":45,"elevation_loss":44},{"version":1,"timestamp":"2022-06-06 03:46:41 +0000","elevation":1237,"source_type":11,"duration":1597354,"distance":4928,"elevation_gain":45,"elevation_loss":44},{"version":1,"timestamp":"2022-06-06 03:46:48 +0000","elevation":1237,"source_type":11,"duration":1604373,"distance":4955,"elevation_gain":45,"elevation_loss":44},{"version":1,"timestamp":"2022-06-06 03:46:56 +0000","elevation":1237,"source_type":11,"duration":1612384,"distance":4979,"elevation_gain":45,"elevation_loss":44},{"version":1,"timestamp":"2022-06-06 03:47:03 +0000","elevation":1237,"source_type":11,"duration":1619373,"distance":5003,"elevation_gain":45,"elevation_loss":44},{"version":1,"timestamp":"2022-06-06 03:47:09 +0000","elevation":1237,"source_type":11,"duration":1625372,"distance":5016,"elevation_gain":45,"elevation_loss":44},{"version":1,"timestamp":"2022-06-06 03:47:13 +0000","elevation":1237,"source_type":11,"duration":1629631,"distance":5017,"elevation_gain":45,"elevation_loss":44},{"version":1,"timestamp":"2022-06-06 03:47:17 +0000","elevation":1237,"source_type":11,"duration":1633891,"distance":5019,"elevation_gain":45,"elevation_loss":44},{"version":1,"timestamp":"2022-06-06 03:47:22 +0000","elevation":1237,"source_type":11,"duration":1638151,"distance":5021,"elevation_gain":45,"elevation_loss":44},{"version":1,"timestamp":"2022-06-06 03:47:26 +0000","elevation":1237,"source_type":11,"duration":1642411,"distance":5024,"elevation_gain":45,"elevation_loss":44}]