[{"version":1,"timestamp":"2022-06-15 15:55:38 +0000","elevation":1240,"source_type":11,"duration":734,"distance":0,"elevation_gain":0,"elevation_loss":0},{"version":1,"timestamp":"2022-06-15 15:55:41 +0000","elevation":1239,"source_type":11,"duration":3718,"distance":3,"elevation_gain":0,"elevation_loss":0},{"version":1,"timestamp":"2022-06-15 15:55:49 +0000","elevation":1240,"source_type":11,"duration":11731,"distance":29,"elevation_gain":0,"elevation_loss":0},{"version":1,"timestamp":"2022-06-15 15:55:55 +0000","elevation":1240,"source_type":11,"duration":17726,"distance":53,"elevation_gain":0,"elevation_loss":0},{"version":1,"timestamp":"2022-06-15 15:56:02 +0000","elevation":1240,"source_type":11,"duration":24732,"distance":81,"elevation_gain":0,"elevation_loss":0},{"version":1,"timestamp":"2022-06-15 15:56:09 +0000","elevation":1240,"source_type":11,"duration":31725,"distance":108,"elevation_gain":0,"elevation_loss":0},{"version":1,"timestamp":"2022-06-15 15:56:13 +0000","elevation":1240,"source_type":11,"duration":35729,"distance":123,"elevation_gain":0,"elevation_loss":0},{"version":1,"timestamp":"2022-06-15 15:56:16 +0000","elevation":1240,"source_type":11,"duration":38735,"distance":135,"elevation_gain":0,"elevation_loss":0},{"version":1,"timestamp":"2022-06-15 15:56:22 +0000","elevation":1240,"source_type":11,"duration":44731,"distance":161,"elevation_gain":0,"elevation_loss":0},{"version":1,"timestamp":"2022-06-15 15:56:28 +0000","elevation":1240,"source_type":11,"duration":50745,"distance":186,"elevation_gain":0,"elevation_loss":0},{"version":1,"timestamp":"2022-06-15 15:56:35 +0000","elevation":1241,"source_type":11,"duration":57730,"distance":217,"elevation_gain":0,"elevation_loss":0},{"version":1,"timestamp":"2022-06-15 15:56:41 +0000","elevation":1241,"source_type":11,"duration":63737,"distance":242,"elevation_gain":0,"elevation_loss":0},{"version":1,"timestamp":"2022-06-15 15:56:47 +0000","elevation":1241,"source_type":11,"duration":69744,"distance":268,"elevation_gain":0,"elevation_loss":0},{"version":1,"timestamp":"2022-06-15 15:56:53 +0000","elevation":1240,"source_type":11,"duration":75735,"distance":293,"elevation_gain":0,"elevation_loss":0},{"version":1,"timestamp":"2022-06-15 15:57:00 +0000","elevation":1240,"source_type":11,"duration":82739,"distance":318,"elevation_gain":0,"elevation_loss":0},{"version":1,"timestamp":"2022-06-15 15:57:07 +0000","elevation":1239,"source_type":11,"duration":89739,"distance":344,"elevation_gain":0,"elevation_loss":0},{"version":1,"timestamp":"2022-06-15 15:57:14 +0000","elevation":1238,"source_type":11,"duration":96735,"distance":371,"elevation_gain":0,"elevation_loss":0},{"version":1,"timestamp":"2022-06-15 15:57:21 +0000","elevation":1238,"source_type":11,"duration":103740,"distance":395,"elevation_gain":0,"elevation_loss":0},{"version":1,"timestamp":"2022-06-15 15:57:28 +0000","elevation":1238,"source_type":11,"duration":110738,"distance":419,"elevation_gain":0,"elevation_loss":0},{"version":1,"timestamp":"2022-06-15 15:57:30 +0000","elevation":1238,"source_type":11,"duration":112735,"distance":426,"elevation_gain":0,"elevation_loss":0},{"version":1,"timestamp":"2022-06-15 15:57:35 +0000","elevation":1237,"source_type":11,"duration":117737,"distance":444,"elevation_gain":0,"elevation_loss":0},{"version":1,"timestamp":"2022-06-15 15:57:42 +0000","elevation":1238,"source_type":11,"duration":124736,"distance":467,"elevation_gain":0,"elevation_loss":0},{"version":1,"timestamp":"2022-06-15 15:57:49 +0000","elevation":1237,"source_type":11,"duration":131734,"distance":492,"elevation_gain":0,"elevation_loss":0},{"version":1,"timestamp":"2022-06-15 15:57:52 +0000","elevation":1238,"source_type":11,"duration":134233,"distance":501,"elevation_gain":0,"elevation_loss":0},{"version":1,"timestamp":"2022-06-15 15:57:54 +0000","elevation":1238,"source_type":11,"duration":136732,"distance":507,"elevation_gain":0,"elevation_loss":0},{"version":1,"timestamp":"2022-06-15 15:57:55 +0000","elevation":1238,"source_type":11,"duration":137729,"distance":510,"elevation_gain":0,"elevation_loss":0},{"version":1,"timestamp":"2022-06-15 15:57:56 +0000","elevation":1238,"source_type":11,"duration":138727,"distance":514,"elevation_gain":0,"elevation_loss":0},{"version":1,"timestamp":"2022-06-15 15:57:57 +0000","elevation":1238,"source_type":11,"duration":139725,"distance":517,"elevation_gain":0,"elevation_loss":0},{"version":1,"timestamp":"2022-06-15 15:57:58 +0000","elevation":1238,"source_type":11,"duration":140723,"distance":521,"elevation_gain":0,"elevation_loss":0},{"version":1,"timestamp":"2022-06-15 15:58:00 +0000","elevation":1238,"source_type":11,"duration":142725,"distance":526,"elevation_gain":0,"elevation_loss":0},{"version":1,"timestamp":"2022-06-15 15:58:02 +0000","elevation":1239,"source_type":11,"duration":144728,"distance":532,"elevation_gain":0,"elevation_loss":0},{"version":1,"timestamp":"2022-06-15 15:58:04 +0000","elevation":1239,"source_type":11,"duration":146730,"distance":539,"elevation_gain":0,"elevation_loss":0},{"version":1,"timestamp":"2022-06-15 15:58:06 +0000","elevation":1239,"source_type":11,"duration":148733,"distance":546,"elevation_gain":0,"elevation_loss":0},{"version":1,"timestamp":"2022-06-15 15:58:07 +0000","elevation":1239,"source_type":11,"duration":149981,"distance":551,"elevation_gain":0,"elevation_loss":0},{"version":1,"timestamp":"2022-06-15 15:58:09 +0000","elevation":1239,"source_type":11,"duration":151230,"distance":556,"elevation_gain":0,"elevation_loss":0},{"version":1,"timestamp":"2022-06-15 15:58:10 +0000","elevation":1239,"source_type":11,"duration":152478,"distance":559,"elevation_gain":0,"elevation_loss":0},{"version":1,"timestamp":"2022-06-15 15:58:11 +0000","elevation":1239,"source_type":11,"duration":153727,"distance":563,"elevation_gain":0,"elevation_loss":0},{"version":1,"timestamp":"2022-06-15 15:58:11 +0000","elevation":1239,"source_type":11,"duration":153978,"distance":565,"elevation_gain":0,"elevation_loss":0},{"version":1,"timestamp":"2022-06-15 15:58:12 +0000","elevation":1239,"source_type":11,"duration":154230,"distance":566,"elevation_gain":0,"elevation_loss":0},{"version":1,"timestamp":"2022-06-15 15:58:12 +0000","elevation":1239,"source_type":11,"duration":154481,"distance":566,"elevation_gain":0,"elevation_loss":0},{"version":1,"timestamp":"2022-06-15 15:58:12 +0000","elevation":1239,"source_type":11,"duration":154733,"distance":566,"elevation_gain":0,"elevation_loss":0},{"version":1,"timestamp":"2022-06-15 15:58:13 +0000","elevation":1239,"source_type":11,"duration":155735,"distance":569,"elevation_gain":0,"elevation_loss":0},{"version":1,"timestamp":"2022-06-15 15:58:14 +0000","elevation":1239,"source_type":11,"duration":156737,"distance":572,"elevation_gain":0,"elevation_loss":0},{"version":1,"timestamp":"2022-06-15 15:58:15 +0000","elevation":1239,"source_type":11,"duration":157236,"distance":573,"elevation_gain":0,"elevation_loss":0},{"version":1,"timestamp":"2022-06-15 15:58:15 +0000","elevation":1239,"source_type":11,"duration":157736,"distance":575,"elevation_gain":0,"elevation_loss":0},{"version":1,"timestamp":"2022-06-15 15:58:16 +0000","elevation":1239,"source_type":11,"duration":158235,"distance":576,"elevation_gain":0,"elevation_loss":0},{"version":1,"timestamp":"2022-06-15 15:58:16 +0000","elevation":1239,"source_type":11,"duration":158735,"distance":577,"elevation_gain":0,"elevation_loss":0},{"version":1,"timestamp":"2022-06-15 15:58:16 +0000","elevation":1239,"source_type":11,"duration":158987,"distance":578,"elevation_gain":0,"elevation_loss":0},{"version":1,"timestamp":"2022-06-15 15:58:17 +0000","elevation":1239,"source_type":11,"duration":159239,"distance":579,"elevation_gain":0,"elevation_loss":0},{"version":1,"timestamp":"2022-06-15 15:58:17 +0000","elevation":1239,"source_type":11,"duration":159491,"distance":580,"elevation_gain":0,"elevation_loss":0},{"version":1,"timestamp":"2022-06-15 15:58:17 +0000","elevation":1239,"source_type":11,"duration":159744,"distance":580,"elevation_gain":0,"elevation_loss":0},{"version":1,"timestamp":"2022-06-15 15:58:18 +0000","elevation":1239,"source_type":11,"duration":160239,"distance":581,"elevation_gain":0,"elevation_loss":0},{"version":1,"timestamp":"2022-06-15 15:58:18 +0000","elevation":1239,"source_type":11,"duration":160735,"distance":583,"elevation_gain":0,"elevation_loss":0},{"version":1,"timestamp":"2022-06-15 15:58:19 +0000","elevation":1239,"source_type":11,"duration":161231,"distance":585,"elevation_gain":0,"elevation_loss":0},{"version":1,"timestamp":"2022-06-15 15:58:19 +0000","elevation":1239,"source_type":11,"duration":161727,"distance":587,"elevation_gain":0,"elevation_loss":0},{"version":1,"timestamp":"2022-06-15 15:58:20 +0000","elevation":1239,"source_type":11,"duration":162476,"distance":589,"elevation_gain":0,"elevation_loss":0},{"version":1,"timestamp":"2022-06-15 15:58:21 +0000","elevation":1240,"source_type":11,"duration":163226,"distance":591,"elevation_gain":0,"elevation_loss":0},{"version":1,"timestamp":"2022-06-15 15:58:21 +0000","elevation":1240,"source_type":11,"duration":163976,"distance":594,"elevation_gain":0,"elevation_loss":0},{"version":1,"timestamp":"2022-06-15 15:58:22 +0000","elevation":1240,"source_type":11,"duration":164726,"distance":597,"elevation_gain":0,"elevation_loss":0},{"version":1,"timestamp":"2022-06-15 15:58:23 +0000","elevation":1240,"source_type":11,"duration":165978,"distance":601,"elevation_gain":0,"elevation_loss":0},{"version":1,"timestamp":"2022-06-15 15:58:25 +0000","elevation":1240,"source_type":11,"duration":167230,"distance":605,"elevation_gain":0,"elevation_loss":0},{"version":1,"timestamp":"2022-06-15 15:58:26 +0000","elevation":1240,"source_type":11,"duration":168482,"distance":609,"elevation_gain":0,"elevation_loss":0},{"version":1,"timestamp":"2022-06-15 15:58:27 +0000","elevation":1240,"source_type":11,"duration":169734,"distance":613,"elevation_gain":0,"elevation_loss":0},{"version":1,"timestamp":"2022-06-15 15:58:29 +0000","elevation":1240,"source_type":11,"duration":171232,"distance":619,"elevation_gain":0,"elevation_loss":0},{"version":1,"timestamp":"2022-06-15 15:58:30 +0000","elevation":1240,"source_type":11,"duration":172731,"distance":623,"elevation_gain":0,"elevation_loss":0},{"version":1,"timestamp":"2022-06-15 15:58:31 +0000","elevation":1240,"source_type":11,"duration":173480,"distance":625,"elevation_gain":0,"elevation_loss":0},{"version":1,"timestamp":"2022-06-15 15:58:32 +0000","elevation":1240,"source_type":11,"duration":174229,"distance":628,"elevation_gain":0,"elevation_loss":0},{"version":1,"timestamp":"2022-06-15 15:58:32 +0000","elevation":1240,"source_type":11,"duration":174978,"distance":630,"elevation_gain":0,"elevation_loss":0},{"version":1,"timestamp":"2022-06-15 15:58:33 +0000","elevation":1240,"source_type":11,"duration":175728,"distance":633,"elevation_gain":0,"elevation_loss":0},{"version":1,"timestamp":"2022-06-15 15:58:34 +0000","elevation":1240,"source_type":11,"duration":176726,"distance":636,"elevation_gain":0,"elevation_loss":0},{"version":1,"timestamp":"2022-06-15 15:58:35 +0000","elevation":1240,"source_type":11,"duration":177725,"distance":639,"elevation_gain":0,"elevation_loss":0},{"version":1,"timestamp":"2022-06-15 15:58:36 +0000","elevation":1241,"source_type":11,"duration":178724,"distance":643,"elevation_gain":0,"elevation_loss":0},{"version":1,"timestamp":"2022-06-15 15:58:37 +0000","elevation":1241,"source_type":11,"duration":179723,"distance":646,"elevation_gain":0,"elevation_loss":0},{"version":1,"timestamp":"2022-06-15 15:58:39 +0000","elevation":1241,"source_type":11,"duration":181473,"distance":651,"elevation_gain":0,"elevation_loss":0},{"version":1,"timestamp":"2022-06-15 15:58:41 +0000","elevation":1241,"source_type":11,"duration":183224,"distance":657,"elevation_gain":0,"elevation_loss":0},{"version":1,"timestamp":"2022-06-15 15:58:42 +0000","elevation":1241,"source_type":11,"duration":184974,"distance":663,"elevation_gain":0,"elevation_loss":0},{"version":1,"timestamp":"2022-06-15 15:58:44 +0000","elevation":1241,"source_type":11,"duration":186725,"distance":670,"elevation_gain":0,"elevation_loss":0},{"version":1,"timestamp":"2022-06-15 15:58:46 +0000","elevation":1242,"source_type":11,"duration":188976,"distance":677,"elevation_gain":0,"elevation_loss":0},{"version":1,"timestamp":"2022-06-15 15:58:49 +0000","elevation":1242,"source_type":11,"duration":191227,"distance":684,"elevation_gain":0,"elevation_loss":0},{"version":1,"timestamp":"2022-06-15 15:58:51 +0000","elevation":1242,"source_type":11,"duration":193478,"distance":692,"elevation_gain":0,"elevation_loss":0},{"version":1,"timestamp":"2022-06-15 15:58:53 +0000","elevation":1242,"source_type":11,"duration":195729,"distance":700,"elevation_gain":0,"elevation_loss":0},{"version":1,"timestamp":"2022-06-15 15:58:55 +0000","elevation":1242,"source_type":11,"duration":197732,"distance":707,"elevation_gain":0,"elevation_loss":0},{"version":1,"timestamp":"2022-06-15 15:58:57 +0000","elevation":1242,"source_type":11,"duration":199736,"distance":712,"elevation_gain":0,"elevation_loss":0},{"version":1,"timestamp":"2022-06-15 15:58:59 +0000","elevation":1243,"source_type":11,"duration":201739,"distance":718,"elevation_gain":0,"elevation_loss":0},{"version":1,"timestamp":"2022-06-15 15:59:01 +0000","elevation":1243,"source_type":11,"duration":203743,"distance":724,"elevation_gain":0,"elevation_loss":0},{"version":1,"timestamp":"2022-06-15 15:59:10 +0000","elevation":1243,"source_type":11,"duration":212740,"distance":750,"elevation_gain":0,"elevation_loss":0},{"version":1,"timestamp":"2022-06-15 15:59:18 +0000","elevation":1244,"source_type":11,"duration":220736,"distance":772,"elevation_gain":0,"elevation_loss":0},{"version":1,"timestamp":"2022-06-15 15:59:26 +0000","elevation":1245,"source_type":11,"duration":228740,"distance":798,"elevation_gain":5,"elevation_loss":0},{"version":1,"timestamp":"2022-06-15 15:59:33 +0000","elevation":1247,"source_type":11,"duration":235722,"distance":821,"elevation_gain":7,"elevation_loss":0},{"version":1,"timestamp":"2022-06-15 15:59:40 +0000","elevation":1248,"source_type":11,"duration":242720,"distance":844,"elevation_gain":8,"elevation_loss":0},{"version":1,"timestamp":"2022-06-15 15:59:48 +0000","elevation":1247,"source_type":11,"duration":250753,"distance":872,"elevation_gain":8,"elevation_loss":0},{"version":1,"timestamp":"2022-06-15 15:59:51 +0000","elevation":1247,"source_type":11,"duration":253244,"distance":878,"elevation_gain":8,"elevation_loss":0},{"version":1,"timestamp":"2022-06-15 15:59:53 +0000","elevation":1247,"source_type":11,"duration":255736,"distance":884,"elevation_gain":8,"elevation_loss":0},{"version":1,"timestamp":"2022-06-15 15:59:56 +0000","elevation":1247,"source_type":11,"duration":258228,"distance":890,"elevation_gain":8,"elevation_loss":0},{"version":1,"timestamp":"2022-06-15 15:59:58 +0000","elevation":1246,"source_type":11,"duration":260720,"distance":897,"elevation_gain":8,"elevation_loss":0},{"version":1,"timestamp":"2022-06-15 16:00:00 +0000","elevation":1246,"source_type":11,"duration":262719,"distance":903,"elevation_gain":8,"elevation_loss":0},{"version":1,"timestamp":"2022-06-15 16:00:02 +0000","elevation":1246,"source_type":11,"duration":264719,"distance":910,"elevation_gain":8,"elevation_loss":0},{"version":1,"timestamp":"2022-06-15 16:00:04 +0000","elevation":1245,"source_type":11,"duration":266718,"distance":916,"elevation_gain":8,"elevation_loss":0},{"version":1,"timestamp":"2022-06-15 16:00:06 +0000","elevation":1245,"source_type":11,"duration":268718,"distance":923,"elevation_gain":8,"elevation_loss":0},{"version":1,"timestamp":"2022-06-15 16:00:08 +0000","elevation":1244,"source_type":11,"duration":270468,"distance":930,"elevation_gain":8,"elevation_loss":0},{"version":1,"timestamp":"2022-06-15 16:00:10 +0000","elevation":1244,"source_type":11,"duration":272219,"distance":936,"elevation_gain":8,"elevation_loss":0},{"version":1,"timestamp":"2022-06-15 16:00:11 +0000","elevation":1244,"source_type":11,"duration":273970,"distance":942,"elevation_gain":8,"elevation_loss":0},{"version":1,"timestamp":"2022-06-15 16:00:13 +0000","elevation":1244,"source_type":11,"duration":275721,"distance":947,"elevation_gain":8,"elevation_loss":0},{"version":1,"timestamp":"2022-06-15 16:00:15 +0000","elevation":1243,"source_type":11,"duration":277471,"distance":953,"elevation_gain":8,"elevation_loss":0},{"version":1,"timestamp":"2022-06-15 16:00:17 +0000","elevation":1243,"source_type":11,"duration":279221,"distance":960,"elevation_gain":8,"elevation_loss":0},{"version":1,"timestamp":"2022-06-15 16:00:18 +0000","elevation":1243,"source_type":11,"duration":280971,"distance":966,"elevation_gain":8,"elevation_loss":0},{"version":1,"timestamp":"2022-06-15 16:00:20 +0000","elevation":1243,"source_type":11,"duration":282721,"distance":972,"elevation_gain":8,"elevation_loss":0},{"version":1,"timestamp":"2022-06-15 16:00:22 +0000","elevation":1243,"source_type":11,"duration":284472,"distance":978,"elevation_gain":8,"elevation_loss":0},{"version":1,"timestamp":"2022-06-15 16:00:24 +0000","elevation":1243,"source_type":11,"duration":286223,"distance":984,"elevation_gain":8,"elevation_loss":0},{"version":1,"timestamp":"2022-06-15 16:00:25 +0000","elevation":1243,"source_type":11,"duration":287974,"distance":991,"elevation_gain":8,"elevation_loss":0},{"version":1,"timestamp":"2022-06-15 16:00:27 +0000","elevation":1243,"source_type":11,"duration":289726,"distance":997,"elevation_gain":8,"elevation_loss":0},{"version":1,"timestamp":"2022-06-15 16:00:29 +0000","elevation":1243,"source_type":11,"duration":291724,"distance":1004,"elevation_gain":8,"elevation_loss":0},{"version":1,"timestamp":"2022-06-15 16:00:31 +0000","elevation":1243,"source_type":11,"duration":293722,"distance":1010,"elevation_gain":8,"elevation_loss":0},{"version":1,"timestamp":"2022-06-15 16:00:33 +0000","elevation":1243,"source_type":11,"duration":295720,"distance":1017,"elevation_gain":8,"elevation_loss":0},{"version":1,"timestamp":"2022-06-15 16:00:35 +0000","elevation":1243,"source_type":11,"duration":297719,"distance":1024,"elevation_gain":8,"elevation_loss":0},{"version":1,"timestamp":"2022-06-15 16:00:43 +0000","elevation":1243,"source_type":11,"duration":305726,"distance":1047,"elevation_gain":8,"elevation_loss":0},{"version":1,"timestamp":"2022-06-15 16:00:51 +0000","elevation":1243,"source_type":11,"duration":313726,"distance":1070,"elevation_gain":8,"elevation_loss":0},{"version":1,"timestamp":"2022-06-15 16:00:59 +0000","elevation":1243,"source_type":11,"duration":321727,"distance":1095,"elevation_gain":8,"elevation_loss":0},{"version":1,"timestamp":"2022-06-15 16:01:07 +0000","elevation":1242,"source_type":11,"duration":329720,"distance":1120,"elevation_gain":8,"elevation_loss":5},{"version":1,"timestamp":"2022-06-15 16:01:15 +0000","elevation":1241,"source_type":11,"duration":337725,"distance":1146,"elevation_gain":8,"elevation_loss":6},{"version":1,"timestamp":"2022-06-15 16:01:21 +0000","elevation":1241,"source_type":11,"duration":343718,"distance":1171,"elevation_gain":8,"elevation_loss":7},{"version":1,"timestamp":"2022-06-15 16:01:28 +0000","elevation":1240,"source_type":11,"duration":350764,"distance":1199,"elevation_gain":8,"elevation_loss":7},{"version":1,"timestamp":"2022-06-15 16:01:36 +0000","elevation":1239,"source_type":11,"duration":358725,"distance":1225,"elevation_gain":8,"elevation_loss":8},{"version":1,"timestamp":"2022-06-15 16:01:43 +0000","elevation":1238,"source_type":11,"duration":365731,"distance":1251,"elevation_gain":8,"elevation_loss":9},{"version":1,"timestamp":"2022-06-15 16:01:49 +0000","elevation":1238,"source_type":11,"duration":371719,"distance":1272,"elevation_gain":8,"elevation_loss":9},{"version":1,"timestamp":"2022-06-15 16:01:51 +0000","elevation":1238,"source_type":11,"duration":373719,"distance":1277,"elevation_gain":8,"elevation_loss":9},{"version":1,"timestamp":"2022-06-15 16:01:53 +0000","elevation":1238,"source_type":11,"duration":375719,"distance":1283,"elevation_gain":8,"elevation_loss":9},{"version":1,"timestamp":"2022-06-15 16:01:55 +0000","elevation":1238,"source_type":11,"duration":377719,"distance":1289,"elevation_gain":8,"elevation_loss":10},{"version":1,"timestamp":"2022-06-15 16:01:57 +0000","elevation":1237,"source_type":11,"duration":379720,"distance":1296,"elevation_gain":8,"elevation_loss":10},{"version":1,"timestamp":"2022-06-15 16:01:59 +0000","elevation":1237,"source_type":11,"duration":381219,"distance":1302,"elevation_gain":8,"elevation_loss":10},{"version":1,"timestamp":"2022-06-15 16:02:00 +0000","elevation":1237,"source_type":11,"duration":382719,"distance":1308,"elevation_gain":8,"elevation_loss":10},{"version":1,"timestamp":"2022-06-15 16:02:02 +0000","elevation":1237,"source_type":11,"duration":384219,"distance":1314,"elevation_gain":8,"elevation_loss":10},{"version":1,"timestamp":"2022-06-15 16:02:03 +0000","elevation":1237,"source_type":11,"duration":385719,"distance":1320,"elevation_gain":8,"elevation_loss":10},{"version":1,"timestamp":"2022-06-15 16:02:05 +0000","elevation":1237,"source_type":11,"duration":387220,"distance":1326,"elevation_gain":8,"elevation_loss":10},{"version":1,"timestamp":"2022-06-15 16:02:06 +0000","elevation":1237,"source_type":11,"duration":388722,"distance":1332,"elevation_gain":8,"elevation_loss":11},{"version":1,"timestamp":"2022-06-15 16:02:08 +0000","elevation":1237,"source_type":11,"duration":390224,"distance":1338,"elevation_gain":8,"elevation_loss":11},{"version":1,"timestamp":"2022-06-15 16:02:09 +0000","elevation":1236,"source_type":11,"duration":391726,"distance":1344,"elevation_gain":8,"elevation_loss":11},{"version":1,"timestamp":"2022-06-15 16:02:11 +0000","elevation":1236,"source_type":11,"duration":393225,"distance":1349,"elevation_gain":8,"elevation_loss":11},{"version":1,"timestamp":"2022-06-15 16:02:12 +0000","elevation":1236,"source_type":11,"duration":394725,"distance":1355,"elevation_gain":8,"elevation_loss":11},{"version":1,"timestamp":"2022-06-15 16:02:14 +0000","elevation":1236,"source_type":11,"duration":396225,"distance":1361,"elevation_gain":8,"elevation_loss":11},{"version":1,"timestamp":"2022-06-15 16:02:15 +0000","elevation":1236,"source_type":11,"duration":397725,"distance":1367,"elevation_gain":8,"elevation_loss":11},{"version":1,"timestamp":"2022-06-15 16:02:17 +0000","elevation":1236,"source_type":11,"duration":399473,"distance":1374,"elevation_gain":8,"elevation_loss":12},{"version":1,"timestamp":"2022-06-15 16:02:19 +0000","elevation":1236,"source_type":11,"duration":401222,"distance":1380,"elevation_gain":8,"elevation_loss":12},{"version":1,"timestamp":"2022-06-15 16:02:20 +0000","elevation":1236,"source_type":11,"duration":402970,"distance":1387,"elevation_gain":8,"elevation_loss":12},{"version":1,"timestamp":"2022-06-15 16:02:22 +0000","elevation":1235,"source_type":11,"duration":404719,"distance":1394,"elevation_gain":8,"elevation_loss":12},{"version":1,"timestamp":"2022-06-15 16:02:24 +0000","elevation":1235,"source_type":11,"duration":406227,"distance":1400,"elevation_gain":8,"elevation_loss":12},{"version":1,"timestamp":"2022-06-15 16:02:25 +0000","elevation":1235,"source_type":11,"duration":407736,"distance":1407,"elevation_gain":8,"elevation_loss":12},{"version":1,"timestamp":"2022-06-15 16:02:27 +0000","elevation":1235,"source_type":11,"duration":409244,"distance":1413,"elevation_gain":8,"elevation_loss":12},{"version":1,"timestamp":"2022-06-15 16:02:28 +0000","elevation":1235,"source_type":11,"duration":410753,"distance":1419,"elevation_gain":8,"elevation_loss":12},{"version":1,"timestamp":"2022-06-15 16:02:34 +0000","elevation":1235,"source_type":11,"duration":416718,"distance":1444,"elevation_gain":8,"elevation_loss":12},{"version":1,"timestamp":"2022-06-15 16:02:40 +0000","elevation":1235,"source_type":11,"duration":422718,"distance":1468,"elevation_gain":8,"elevation_loss":13},{"version":1,"timestamp":"2022-06-15 16:02:46 +0000","elevation":1233,"source_type":11,"duration":428722,"distance":1491,"elevation_gain":8,"elevation_loss":14},{"version":1,"timestamp":"2022-06-15 16:02:52 +0000","elevation":1232,"source_type":11,"duration":434716,"distance":1515,"elevation_gain":8,"elevation_loss":16},{"version":1,"timestamp":"2022-06-15 16:02:59 +0000","elevation":1230,"source_type":11,"duration":441729,"distance":1539,"elevation_gain":8,"elevation_loss":17},{"version":1,"timestamp":"2022-06-15 16:03:06 +0000","elevation":1228,"source_type":11,"duration":448727,"distance":1563,"elevation_gain":8,"elevation_loss":19},{"version":1,"timestamp":"2022-06-15 16:03:13 +0000","elevation":1226,"source_type":11,"duration":455724,"distance":1590,"elevation_gain":8,"elevation_loss":21},{"version":1,"timestamp":"2022-06-15 16:03:20 +0000","elevation":1225,"source_type":11,"duration":462720,"distance":1616,"elevation_gain":8,"elevation_loss":23},{"version":1,"timestamp":"2022-06-15 16:03:27 +0000","elevation":1223,"source_type":11,"duration":469724,"distance":1640,"elevation_gain":8,"elevation_loss":24},{"version":1,"timestamp":"2022-06-15 16:03:33 +0000","elevation":1222,"source_type":11,"duration":475725,"distance":1665,"elevation_gain":8,"elevation_loss":25},{"version":1,"timestamp":"2022-06-15 16:03:35 +0000","elevation":1222,"source_type":11,"duration":477473,"distance":1671,"elevation_gain":8,"elevation_loss":25},{"version":1,"timestamp":"2022-06-15 16:03:37 +0000","elevation":1222,"source_type":11,"duration":479221,"distance":1677,"elevation_gain":8,"elevation_loss":25},{"version":1,"timestamp":"2022-06-15 16:03:38 +0000","elevation":1222,"source_type":11,"duration":480969,"distance":1684,"elevation_gain":8,"elevation_loss":25},{"version":1,"timestamp":"2022-06-15 16:03:40 +0000","elevation":1222,"source_type":11,"duration":482718,"distance":1690,"elevation_gain":8,"elevation_loss":25},{"version":1,"timestamp":"2022-06-15 16:03:43 +0000","elevation":1222,"source_type":11,"duration":485719,"distance":1702,"elevation_gain":8,"elevation_loss":25},{"version":1,"timestamp":"2022-06-15 16:03:46 +0000","elevation":1222,"source_type":11,"duration":488720,"distance":1715,"elevation_gain":8,"elevation_loss":25},{"version":1,"timestamp":"2022-06-15 16:03:48 +0000","elevation":1222,"source_type":11,"duration":490469,"distance":1721,"elevation_gain":8,"elevation_loss":25},{"version":1,"timestamp":"2022-06-15 16:03:50 +0000","elevation":1222,"source_type":11,"duration":492219,"distance":1727,"elevation_gain":8,"elevation_loss":25},{"version":1,"timestamp":"2022-06-15 16:03:51 +0000","elevation":1222,"source_type":11,"duration":493968,"distance":1733,"elevation_gain":8,"elevation_loss":25},{"version":1,"timestamp":"2022-06-15 16:03:53 +0000","elevation":1223,"source_type":11,"duration":495718,"distance":1739,"elevation_gain":8,"elevation_loss":25},{"version":1,"timestamp":"2022-06-15 16:03:55 +0000","elevation":1223,"source_type":11,"duration":497468,"distance":1745,"elevation_gain":8,"elevation_loss":25},{"version":1,"timestamp":"2022-06-15 16:03:57 +0000","elevation":1223,"source_type":11,"duration":499219,"distance":1751,"elevation_gain":8,"elevation_loss":25},{"version":1,"timestamp":"2022-06-15 16:03:58 +0000","elevation":1224,"source_type":11,"duration":500970,"distance":1757,"elevation_gain":8,"elevation_loss":25},{"version":1,"timestamp":"2022-06-15 16:04:00 +0000","elevation":1224,"source_type":11,"duration":502721,"distance":1763,"elevation_gain":8,"elevation_loss":25},{"version":1,"timestamp":"2022-06-15 16:04:02 +0000","elevation":1224,"source_type":11,"duration":504472,"distance":1769,"elevation_gain":8,"elevation_loss":25},{"version":1,"timestamp":"2022-06-15 16:04:04 +0000","elevation":1224,"source_type":11,"duration":506223,"distance":1775,"elevation_gain":8,"elevation_loss":25},{"version":1,"timestamp":"2022-06-15 16:04:05 +0000","elevation":1225,"source_type":11,"duration":507974,"distance":1781,"elevation_gain":8,"elevation_loss":25},{"version":1,"timestamp":"2022-06-15 16:04:07 +0000","elevation":1225,"source_type":11,"duration":509725,"distance":1788,"elevation_gain":8,"elevation_loss":25},{"version":1,"timestamp":"2022-06-15 16:04:09 +0000","elevation":1225,"source_type":11,"duration":511975,"distance":1795,"elevation_gain":8,"elevation_loss":25},{"version":1,"timestamp":"2022-06-15 16:04:12 +0000","elevation":1225,"source_type":11,"duration":514226,"distance":1802,"elevation_gain":8,"elevation_loss":25},{"version":1,"timestamp":"2022-06-15 16:04:14 +0000","elevation":1226,"source_type":11,"duration":516477,"distance":1810,"elevation_gain":8,"elevation_loss":25},{"version":1,"timestamp":"2022-06-15 16:04:16 +0000","elevation":1226,"source_type":11,"duration":518728,"distance":1818,"elevation_gain":8,"elevation_loss":25},{"version":1,"timestamp":"2022-06-15 16:04:18 +0000","elevation":1226,"source_type":11,"duration":520226,"distance":1825,"elevation_gain":8,"elevation_loss":25},{"version":1,"timestamp":"2022-06-15 16:04:19 +0000","elevation":1226,"source_type":11,"duration":521724,"distance":1830,"elevation_gain":8,"elevation_loss":25},{"version":1,"timestamp":"2022-06-15 16:04:21 +0000","elevation":1226,"source_type":11,"duration":523222,"distance":1836,"elevation_gain":8,"elevation_loss":25},{"version":1,"timestamp":"2022-06-15 16:04:22 +0000","elevation":1226,"source_type":11,"duration":524720,"distance":1841,"elevation_gain":8,"elevation_loss":25},{"version":1,"timestamp":"2022-06-15 16:04:30 +0000","elevation":1227,"source_type":11,"duration":532720,"distance":1867,"elevation_gain":8,"elevation_loss":25},{"version":1,"timestamp":"2022-06-15 16:04:38 +0000","elevation":1227,"source_type":11,"duration":540721,"distance":1891,"elevation_gain":13,"elevation_loss":25},{"version":1,"timestamp":"2022-06-15 16:04:45 +0000","elevation":1227,"source_type":11,"duration":547720,"distance":1914,"elevation_gain":13,"elevation_loss":25},{"version":1,"timestamp":"2022-06-15 16:04:53 +0000","elevation":1227,"source_type":11,"duration":555719,"distance":1940,"elevation_gain":13,"elevation_loss":25},{"version":1,"timestamp":"2022-06-15 16:05:01 +0000","elevation":1227,"source_type":11,"duration":563721,"distance":1965,"elevation_gain":13,"elevation_loss":25},{"version":1,"timestamp":"2022-06-15 16:05:08 +0000","elevation":1227,"source_type":11,"duration":570752,"distance":1989,"elevation_gain":13,"elevation_loss":25},{"version":1,"timestamp":"2022-06-15 16:05:15 +0000","elevation":1227,"source_type":11,"duration":577719,"distance":2014,"elevation_gain":13,"elevation_loss":25},{"version":1,"timestamp":"2022-06-15 16:05:22 +0000","elevation":1227,"source_type":11,"duration":584725,"distance":2040,"elevation_gain":13,"elevation_loss":25},{"version":1,"timestamp":"2022-06-15 16:05:30 +0000","elevation":1228,"source_type":11,"duration":592726,"distance":2064,"elevation_gain":14,"elevation_loss":25},{"version":1,"timestamp":"2022-06-15 16:05:37 +0000","elevation":1229,"source_type":11,"duration":599720,"distance":2086,"elevation_gain":14,"elevation_loss":25},{"version":1,"timestamp":"2022-06-15 16:05:44 +0000","elevation":1229,"source_type":11,"duration":606722,"distance":2109,"elevation_gain":14,"elevation_loss":25},{"version":1,"timestamp":"2022-06-15 16:05:51 +0000","elevation":1229,"source_type":11,"duration":613729,"distance":2133,"elevation_gain":15,"elevation_loss":25},{"version":1,"timestamp":"2022-06-15 16:05:58 +0000","elevation":1229,"source_type":11,"duration":620732,"distance":2156,"elevation_gain":15,"elevation_loss":25},{"version":1,"timestamp":"2022-06-15 16:06:05 +0000","elevation":1229,"source_type":11,"duration":627732,"distance":2181,"elevation_gain":15,"elevation_loss":25},{"version":1,"timestamp":"2022-06-15 16:06:12 +0000","elevation":1228,"source_type":11,"duration":634727,"distance":2206,"elevation_gain":15,"elevation_loss":25},{"version":1,"timestamp":"2022-06-15 16:06:19 +0000","elevation":1228,"source_type":11,"duration":641730,"distance":2230,"elevation_gain":15,"elevation_loss":25},{"version":1,"timestamp":"2022-06-15 16:06:26 +0000","elevation":1227,"source_type":11,"duration":648739,"distance":2254,"elevation_gain":15,"elevation_loss":25},{"version":1,"timestamp":"2022-06-15 16:06:33 +0000","elevation":1226,"source_type":11,"duration":655721,"distance":2277,"elevation_gain":15,"elevation_loss":25},{"version":1,"timestamp":"2022-06-15 16:06:41 +0000","elevation":1226,"source_type":11,"duration":663727,"distance":2301,"elevation_gain":15,"elevation_loss":25},{"version":1,"timestamp":"2022-06-15 16:06:48 +0000","elevation":1226,"source_type":11,"duration":670779,"distance":2324,"elevation_gain":15,"elevation_loss":25},{"version":1,"timestamp":"2022-06-15 16:06:56 +0000","elevation":1226,"source_type":11,"duration":678724,"distance":2349,"elevation_gain":15,"elevation_loss":25},{"version":1,"timestamp":"2022-06-15 16:07:00 +0000","elevation":1226,"source_type":11,"duration":682723,"distance":2360,"elevation_gain":15,"elevation_loss":25},{"version":1,"timestamp":"2022-06-15 16:07:04 +0000","elevation":1227,"source_type":11,"duration":686722,"distance":2372,"elevation_gain":15,"elevation_loss":25},{"version":1,"timestamp":"2022-06-15 16:07:06 +0000","elevation":1227,"source_type":11,"duration":688724,"distance":2378,"elevation_gain":15,"elevation_loss":25},{"version":1,"timestamp":"2022-06-15 16:07:08 +0000","elevation":1227,"source_type":11,"duration":690726,"distance":2384,"elevation_gain":15,"elevation_loss":25},{"version":1,"timestamp":"2022-06-15 16:07:10 +0000","elevation":1227,"source_type":11,"duration":692728,"distance":2391,"elevation_gain":15,"elevation_loss":25},{"version":1,"timestamp":"2022-06-15 16:07:12 +0000","elevation":1227,"source_type":11,"duration":694731,"distance":2397,"elevation_gain":15,"elevation_loss":25},{"version":1,"timestamp":"2022-06-15 16:07:14 +0000","elevation":1228,"source_type":11,"duration":696982,"distance":2403,"elevation_gain":15,"elevation_loss":25},{"version":1,"timestamp":"2022-06-15 16:07:17 +0000","elevation":1228,"source_type":11,"duration":699233,"distance":2408,"elevation_gain":15,"elevation_loss":25},{"version":1,"timestamp":"2022-06-15 16:07:19 +0000","elevation":1228,"source_type":11,"duration":701484,"distance":2414,"elevation_gain":15,"elevation_loss":25},{"version":1,"timestamp":"2022-06-15 16:07:21 +0000","elevation":1229,"source_type":11,"duration":703736,"distance":2419,"elevation_gain":15,"elevation_loss":25},{"version":1,"timestamp":"2022-06-15 16:07:24 +0000","elevation":1229,"source_type":11,"duration":706483,"distance":2424,"elevation_gain":15,"elevation_loss":25},{"version":1,"timestamp":"2022-06-15 16:07:27 +0000","elevation":1229,"source_type":11,"duration":709231,"distance":2430,"elevation_gain":15,"elevation_loss":25},{"version":1,"timestamp":"2022-06-15 16:07:29 +0000","elevation":1230,"source_type":11,"duration":711979,"distance":2436,"elevation_gain":15,"elevation_loss":25},{"version":1,"timestamp":"2022-06-15 16:07:32 +0000","elevation":1230,"source_type":11,"duration":714727,"distance":2441,"elevation_gain":16,"elevation_loss":25},{"version":1,"timestamp":"2022-06-15 16:07:34 +0000","elevation":1230,"source_type":11,"duration":716976,"distance":2447,"elevation_gain":16,"elevation_loss":25},{"version":1,"timestamp":"2022-06-15 16:07:37 +0000","elevation":1231,"source_type":11,"duration":719225,"distance":2453,"elevation_gain":16,"elevation_loss":25},{"version":1,"timestamp":"2022-06-15 16:07:39 +0000","elevation":1231,"source_type":11,"duration":721474,"distance":2458,"elevation_gain":17,"elevation_loss":25},{"version":1,"timestamp":"2022-06-15 16:07:41 +0000","elevation":1231,"source_type":11,"duration":723724,"distance":2464,"elevation_gain":17,"elevation_loss":25},{"version":1,"timestamp":"2022-06-15 16:07:43 +0000","elevation":1231,"source_type":11,"duration":725724,"distance":2469,"elevation_gain":17,"elevation_loss":25},{"version":1,"timestamp":"2022-06-15 16:07:45 +0000","elevation":1231,"source_type":11,"duration":727725,"distance":2475,"elevation_gain":17,"elevation_loss":25},{"version":1,"timestamp":"2022-06-15 16:07:47 +0000","elevation":1231,"source_type":11,"duration":729725,"distance":2482,"elevation_gain":17,"elevation_loss":25},{"version":1,"timestamp":"2022-06-15 16:07:49 +0000","elevation":1231,"source_type":11,"duration":731726,"distance":2489,"elevation_gain":17,"elevation_loss":25},{"version":1,"timestamp":"2022-06-15 16:07:51 +0000","elevation":1231,"source_type":11,"duration":733475,"distance":2495,"elevation_gain":17,"elevation_loss":25},{"version":1,"timestamp":"2022-06-15 16:07:53 +0000","elevation":1231,"source_type":11,"duration":735224,"distance":2501,"elevation_gain":17,"elevation_loss":25},{"version":1,"timestamp":"2022-06-15 16:07:54 +0000","elevation":1231,"source_type":11,"duration":736973,"distance":2507,"elevation_gain":17,"elevation_loss":25},{"version":1,"timestamp":"2022-06-15 16:07:56 +0000","elevation":1231,"source_type":11,"duration":738723,"distance":2513,"elevation_gain":17,"elevation_loss":25},{"version":1,"timestamp":"2022-06-15 16:07:58 +0000","elevation":1231,"source_type":11,"duration":740724,"distance":2520,"elevation_gain":17,"elevation_loss":25},{"version":1,"timestamp":"2022-06-15 16:08:00 +0000","elevation":1230,"source_type":11,"duration":742725,"distance":2526,"elevation_gain":17,"elevation_loss":25},{"version":1,"timestamp":"2022-06-15 16:08:02 +0000","elevation":1230,"source_type":11,"duration":744726,"distance":2533,"elevation_gain":17,"elevation_loss":25},{"version":1,"timestamp":"2022-06-15 16:08:04 +0000","elevation":1230,"source_type":11,"duration":746728,"distance":2539,"elevation_gain":17,"elevation_loss":25},{"version":1,"timestamp":"2022-06-15 16:08:06 +0000","elevation":1230,"source_type":11,"duration":748727,"distance":2545,"elevation_gain":17,"elevation_loss":25},{"version":1,"timestamp":"2022-06-15 16:08:08 +0000","elevation":1230,"source_type":11,"duration":750726,"distance":2552,"elevation_gain":17,"elevation_loss":25},{"version":1,"timestamp":"2022-06-15 16:08:10 +0000","elevation":1230,"source_type":11,"duration":752725,"distance":2558,"elevation_gain":17,"elevation_loss":25},{"version":1,"timestamp":"2022-06-15 16:08:12 +0000","elevation":1230,"source_type":11,"duration":754725,"distance":2564,"elevation_gain":17,"elevation_loss":25},{"version":1,"timestamp":"2022-06-15 16:08:14 +0000","elevation":1229,"source_type":11,"duration":756474,"distance":2570,"elevation_gain":17,"elevation_loss":25},{"version":1,"timestamp":"2022-06-15 16:08:16 +0000","elevation":1229,"source_type":11,"duration":758224,"distance":2576,"elevation_gain":17,"elevation_loss":25},{"version":1,"timestamp":"2022-06-15 16:08:17 +0000","elevation":1229,"source_type":11,"duration":759974,"distance":2582,"elevation_gain":17,"elevation_loss":25},{"version":1,"timestamp":"2022-06-15 16:08:19 +0000","elevation":1229,"source_type":11,"duration":761724,"distance":2588,"elevation_gain":17,"elevation_loss":25},{"version":1,"timestamp":"2022-06-15 16:08:21 +0000","elevation":1229,"source_type":11,"duration":763473,"distance":2594,"elevation_gain":17,"elevation_loss":25},{"version":1,"timestamp":"2022-06-15 16:08:23 +0000","elevation":1229,"source_type":11,"duration":765222,"distance":2599,"elevation_gain":17,"elevation_loss":25},{"version":1,"timestamp":"2022-06-15 16:08:24 +0000","elevation":1228,"source_type":11,"duration":766971,"distance":2605,"elevation_gain":17,"elevation_loss":25},{"version":1,"timestamp":"2022-06-15 16:08:26 +0000","elevation":1228,"source_type":11,"duration":768721,"distance":2611,"elevation_gain":17,"elevation_loss":25},{"version":1,"timestamp":"2022-06-15 16:08:34 +0000","elevation":1228,"source_type":11,"duration":776723,"distance":2636,"elevation_gain":17,"elevation_loss":25},{"version":1,"timestamp":"2022-06-15 16:08:42 +0000","elevation":1227,"source_type":11,"duration":784723,"distance":2662,"elevation_gain":17,"elevation_loss":25},{"version":1,"timestamp":"2022-06-15 16:08:50 +0000","elevation":1225,"source_type":11,"duration":792721,"distance":2687,"elevation_gain":17,"elevation_loss":31},{"version":1,"timestamp":"2022-06-15 16:08:58 +0000","elevation":1224,"source_type":11,"duration":800722,"distance":2711,"elevation_gain":17,"elevation_loss":32},{"version":1,"timestamp":"2022-06-15 16:09:06 +0000","elevation":1223,"source_type":11,"duration":808723,"distance":2736,"elevation_gain":17,"elevation_loss":33},{"version":1,"timestamp":"2022-06-15 16:09:14 +0000","elevation":1223,"source_type":11,"duration":816721,"distance":2761,"elevation_gain":17,"elevation_loss":33},{"version":1,"timestamp":"2022-06-15 16:09:22 +0000","elevation":1223,"source_type":11,"duration":824722,"distance":2786,"elevation_gain":17,"elevation_loss":33},{"version":1,"timestamp":"2022-06-15 16:09:30 +0000","elevation":1223,"source_type":11,"duration":832722,"distance":2811,"elevation_gain":17,"elevation_loss":33},{"version":1,"timestamp":"2022-06-15 16:09:38 +0000","elevation":1224,"source_type":11,"duration":840721,"distance":2836,"elevation_gain":17,"elevation_loss":33},{"version":1,"timestamp":"2022-06-15 16:09:46 +0000","elevation":1224,"source_type":11,"duration":848720,"distance":2862,"elevation_gain":17,"elevation_loss":33},{"version":1,"timestamp":"2022-06-15 16:09:54 +0000","elevation":1224,"source_type":11,"duration":856721,"distance":2886,"elevation_gain":17,"elevation_loss":33},{"version":1,"timestamp":"2022-06-15 16:10:02 +0000","elevation":1225,"source_type":11,"duration":864724,"distance":2912,"elevation_gain":17,"elevation_loss":33},{"version":1,"timestamp":"2022-06-15 16:10:10 +0000","elevation":1225,"source_type":11,"duration":872720,"distance":2935,"elevation_gain":17,"elevation_loss":33},{"version":1,"timestamp":"2022-06-15 16:10:18 +0000","elevation":1225,"source_type":11,"duration":880728,"distance":2958,"elevation_gain":17,"elevation_loss":33},{"version":1,"timestamp":"2022-06-15 16:10:23 +0000","elevation":1225,"source_type":11,"duration":885740,"distance":2972,"elevation_gain":17,"elevation_loss":33},{"version":1,"timestamp":"2022-06-15 16:10:26 +0000","elevation":1225,"source_type":11,"duration":888729,"distance":2981,"elevation_gain":17,"elevation_loss":33},{"version":1,"timestamp":"2022-06-15 16:10:35 +0000","elevation":1225,"source_type":11,"duration":897722,"distance":3004,"elevation_gain":17,"elevation_loss":33},{"version":1,"timestamp":"2022-06-15 16:10:43 +0000","elevation":1227,"source_type":11,"duration":905724,"distance":3027,"elevation_gain":17,"elevation_loss":33},{"version":1,"timestamp":"2022-06-15 16:10:52 +0000","elevation":1228,"source_type":11,"duration":914722,"distance":3051,"elevation_gain":17,"elevation_loss":33},{"version":1,"timestamp":"2022-06-15 16:11:00 +0000","elevation":1229,"source_type":11,"duration":922728,"distance":3076,"elevation_gain":22,"elevation_loss":33},{"version":1,"timestamp":"2022-06-15 16:11:08 +0000","elevation":1230,"source_type":11,"duration":930753,"distance":3099,"elevation_gain":23,"elevation_loss":33},{"version":1,"timestamp":"2022-06-15 16:11:17 +0000","elevation":1230,"source_type":11,"duration":939721,"distance":3124,"elevation_gain":24,"elevation_loss":33},{"version":1,"timestamp":"2022-06-15 16:11:25 +0000","elevation":1230,"source_type":11,"duration":947724,"distance":3148,"elevation_gain":24,"elevation_loss":33},{"version":1,"timestamp":"2022-06-15 16:11:32 +0000","elevation":1231,"source_type":11,"duration":954724,"distance":3171,"elevation_gain":24,"elevation_loss":33},{"version":1,"timestamp":"2022-06-15 16:11:40 +0000","elevation":1231,"source_type":11,"duration":962720,"distance":3195,"elevation_gain":25,"elevation_loss":33},{"version":1,"timestamp":"2022-06-15 16:11:48 +0000","elevation":1232,"source_type":11,"duration":970752,"distance":3218,"elevation_gain":25,"elevation_loss":33},{"version":1,"timestamp":"2022-06-15 16:11:56 +0000","elevation":1233,"source_type":11,"duration":978722,"distance":3242,"elevation_gain":26,"elevation_loss":33},{"version":1,"timestamp":"2022-06-15 16:12:04 +0000","elevation":1233,"source_type":11,"duration":986726,"distance":3265,"elevation_gain":27,"elevation_loss":33},{"version":1,"timestamp":"2022-06-15 16:12:13 +0000","elevation":1234,"source_type":11,"duration":995727,"distance":3288,"elevation_gain":28,"elevation_loss":33},{"version":1,"timestamp":"2022-06-15 16:12:22 +0000","elevation":1235,"source_type":11,"duration":1004723,"distance":3313,"elevation_gain":28,"elevation_loss":33},{"version":1,"timestamp":"2022-06-15 16:12:30 +0000","elevation":1236,"source_type":11,"duration":1012726,"distance":3336,"elevation_gain":29,"elevation_loss":33},{"version":1,"timestamp":"2022-06-15 16:12:39 +0000","elevation":1237,"source_type":11,"duration":1021723,"distance":3359,"elevation_gain":30,"elevation_loss":33},{"version":1,"timestamp":"2022-06-15 16:12:47 +0000","elevation":1237,"source_type":11,"duration":1029727,"distance":3381,"elevation_gain":31,"elevation_loss":33},{"version":1,"timestamp":"2022-06-15 16:12:56 +0000","elevation":1237,"source_type":11,"duration":1038725,"distance":3406,"elevation_gain":31,"elevation_loss":33},{"version":1,"timestamp":"2022-06-15 16:13:05 +0000","elevation":1237,"source_type":11,"duration":1047723,"distance":3429,"elevation_gain":31,"elevation_loss":33},{"version":1,"timestamp":"2022-06-15 16:13:14 +0000","elevation":1238,"source_type":11,"duration":1056735,"distance":3453,"elevation_gain":31,"elevation_loss":33},{"version":1,"timestamp":"2022-06-15 16:13:22 +0000","elevation":1238,"source_type":11,"duration":1064730,"distance":3476,"elevation_gain":31,"elevation_loss":33},{"version":1,"timestamp":"2022-06-15 16:13:31 +0000","elevation":1238,"source_type":11,"duration":1073725,"distance":3499,"elevation_gain":31,"elevation_loss":33},{"version":1,"timestamp":"2022-06-15 16:13:35 +0000","elevation":1238,"source_type":11,"duration":1077725,"distance":3506,"elevation_gain":31,"elevation_loss":33},{"version":1,"timestamp":"2022-06-15 16:13:39 +0000","elevation":1238,"source_type":11,"duration":1081725,"distance":3513,"elevation_gain":31,"elevation_loss":33},{"version":1,"timestamp":"2022-06-15 16:13:41 +0000","elevation":1238,"source_type":11,"duration":1083224,"distance":3516,"elevation_gain":32,"elevation_loss":33},{"version":1,"timestamp":"2022-06-15 16:13:42 +0000","elevation":1238,"source_type":11,"duration":1084724,"distance":3520,"elevation_gain":32,"elevation_loss":33},{"version":1,"timestamp":"2022-06-15 16:13:44 +0000","elevation":1238,"source_type":11,"duration":1086223,"distance":3524,"elevation_gain":32,"elevation_loss":33},{"version":1,"timestamp":"2022-06-15 16:13:45 +0000","elevation":1238,"source_type":11,"duration":1087723,"distance":3529,"elevation_gain":32,"elevation_loss":33},{"version":1,"timestamp":"2022-06-15 16:13:47 +0000","elevation":1239,"source_type":11,"duration":1089976,"distance":3534,"elevation_gain":32,"elevation_loss":33},{"version":1,"timestamp":"2022-06-15 16:13:50 +0000","elevation":1239,"source_type":11,"duration":1092230,"distance":3540,"elevation_gain":32,"elevation_loss":33},{"version":1,"timestamp":"2022-06-15 16:13:52 +0000","elevation":1239,"source_type":11,"duration":1094483,"distance":3546,"elevation_gain":32,"elevation_loss":33},{"version":1,"timestamp":"2022-06-15 16:13:54 +0000","elevation":1239,"source_type":11,"duration":1096737,"distance":3553,"elevation_gain":33,"elevation_loss":33},{"version":1,"timestamp":"2022-06-15 16:13:56 +0000","elevation":1239,"source_type":11,"duration":1098986,"distance":3559,"elevation_gain":33,"elevation_loss":33},{"version":1,"timestamp":"2022-06-15 16:13:59 +0000","elevation":1239,"source_type":11,"duration":1101235,"distance":3566,"elevation_gain":33,"elevation_loss":33},{"version":1,"timestamp":"2022-06-15 16:14:01 +0000","elevation":1240,"source_type":11,"duration":1103484,"distance":3572,"elevation_gain":33,"elevation_loss":33},{"version":1,"timestamp":"2022-06-15 16:14:03 +0000","elevation":1240,"source_type":11,"duration":1105733,"distance":3579,"elevation_gain":33,"elevation_loss":33},{"version":1,"timestamp":"2022-06-15 16:14:05 +0000","elevation":1240,"source_type":11,"duration":1107480,"distance":3585,"elevation_gain":33,"elevation_loss":33},{"version":1,"timestamp":"2022-06-15 16:14:07 +0000","elevation":1240,"source_type":11,"duration":1109227,"distance":3592,"elevation_gain":33,"elevation_loss":33},{"version":1,"timestamp":"2022-06-15 16:14:08 +0000","elevation":1240,"source_type":11,"duration":1110974,"distance":3598,"elevation_gain":33,"elevation_loss":33},{"version":1,"timestamp":"2022-06-15 16:14:10 +0000","elevation":1240,"source_type":11,"duration":1112721,"distance":3604,"elevation_gain":33,"elevation_loss":33},{"version":1,"timestamp":"2022-06-15 16:14:12 +0000","elevation":1240,"source_type":11,"duration":1114471,"distance":3611,"elevation_gain":33,"elevation_loss":33},{"version":1,"timestamp":"2022-06-15 16:14:14 +0000","elevation":1240,"source_type":11,"duration":1116222,"distance":3617,"elevation_gain":33,"elevation_loss":33},{"version":1,"timestamp":"2022-06-15 16:14:15 +0000","elevation":1240,"source_type":11,"duration":1117972,"distance":3624,"elevation_gain":33,"elevation_loss":33},{"version":1,"timestamp":"2022-06-15 16:14:17 +0000","elevation":1240,"source_type":11,"duration":1119723,"distance":3631,"elevation_gain":33,"elevation_loss":33},{"version":1,"timestamp":"2022-06-15 16:14:19 +0000","elevation":1240,"source_type":11,"duration":1121722,"distance":3637,"elevation_gain":33,"elevation_loss":33},{"version":1,"timestamp":"2022-06-15 16:14:21 +0000","elevation":1240,"source_type":11,"duration":1123722,"distance":3643,"elevation_gain":33,"elevation_loss":33},{"version":1,"timestamp":"2022-06-15 16:14:23 +0000","elevation":1240,"source_type":11,"duration":1125722,"distance":3648,"elevation_gain":33,"elevation_loss":33},{"version":1,"timestamp":"2022-06-15 16:14:25 +0000","elevation":1240,"source_type":11,"duration":1127722,"distance":3654,"elevation_gain":33,"elevation_loss":33},{"version":1,"timestamp":"2022-06-15 16:14:33 +0000","elevation":1239,"source_type":11,"duration":1135722,"distance":3679,"elevation_gain":33,"elevation_loss":33},{"version":1,"timestamp":"2022-06-15 16:14:41 +0000","elevation":1239,"source_type":11,"duration":1143722,"distance":3705,"elevation_gain":33,"elevation_loss":33},{"version":1,"timestamp":"2022-06-15 16:14:49 +0000","elevation":1239,"source_type":11,"duration":1151725,"distance":3728,"elevation_gain":33,"elevation_loss":33},{"version":1,"timestamp":"2022-06-15 16:14:57 +0000","elevation":1238,"source_type":11,"duration":1159722,"distance":3752,"elevation_gain":33,"elevation_loss":33},{"version":1,"timestamp":"2022-06-15 16:15:05 +0000","elevation":1237,"source_type":11,"duration":1167728,"distance":3778,"elevation_gain":33,"elevation_loss":33},{"version":1,"timestamp":"2022-06-15 16:15:13 +0000","elevation":1237,"source_type":11,"duration":1175724,"distance":3804,"elevation_gain":33,"elevation_loss":33},{"version":1,"timestamp":"2022-06-15 16:15:21 +0000","elevation":1237,"source_type":11,"duration":1183731,"distance":3829,"elevation_gain":33,"elevation_loss":33},{"version":1,"timestamp":"2022-06-15 16:15:29 +0000","elevation":1237,"source_type":11,"duration":1191732,"distance":3854,"elevation_gain":33,"elevation_loss":33},{"version":1,"timestamp":"2022-06-15 16:15:37 +0000","elevation":1238,"source_type":11,"duration":1199733,"distance":3876,"elevation_gain":33,"elevation_loss":33},{"version":1,"timestamp":"2022-06-15 16:15:45 +0000","elevation":1238,"source_type":11,"duration":1207722,"distance":3899,"elevation_gain":33,"elevation_loss":33},{"version":1,"timestamp":"2022-06-15 16:15:53 +0000","elevation":1237,"source_type":11,"duration":1215728,"distance":3923,"elevation_gain":33,"elevation_loss":33},{"version":1,"timestamp":"2022-06-15 16:16:01 +0000","elevation":1237,"source_type":11,"duration":1223723,"distance":3946,"elevation_gain":33,"elevation_loss":33},{"version":1,"timestamp":"2022-06-15 16:16:10 +0000","elevation":1237,"source_type":11,"duration":1232729,"distance":3972,"elevation_gain":33,"elevation_loss":33},{"version":1,"timestamp":"2022-06-15 16:16:18 +0000","elevation":1236,"source_type":11,"duration":1240726,"distance":3995,"elevation_gain":33,"elevation_loss":33},{"version":1,"timestamp":"2022-06-15 16:16:26 +0000","elevation":1236,"source_type":11,"duration":1248730,"distance":4018,"elevation_gain":33,"elevation_loss":33},{"version":1,"timestamp":"2022-06-15 16:16:34 +0000","elevation":1236,"source_type":11,"duration":1256729,"distance":4041,"elevation_gain":33,"elevation_loss":33},{"version":1,"timestamp":"2022-06-15 16:16:43 +0000","elevation":1236,"source_type":11,"duration":1265726,"distance":4063,"elevation_gain":33,"elevation_loss":33},{"version":1,"timestamp":"2022-06-15 16:16:50 +0000","elevation":1235,"source_type":11,"duration":1272721,"distance":4085,"elevation_gain":33,"elevation_loss":33},{"version":1,"timestamp":"2022-06-15 16:16:57 +0000","elevation":1235,"source_type":11,"duration":1279727,"distance":4108,"elevation_gain":33,"elevation_loss":38},{"version":1,"timestamp":"2022-06-15 16:17:04 +0000","elevation":1233,"source_type":11,"duration":1286727,"distance":4132,"elevation_gain":33,"elevation_loss":40},{"version":1,"timestamp":"2022-06-15 16:17:11 +0000","elevation":1232,"source_type":11,"duration":1293727,"distance":4157,"elevation_gain":33,"elevation_loss":41},{"version":1,"timestamp":"2022-06-15 16:17:18 +0000","elevation":1231,"source_type":11,"duration":1300722,"distance":4183,"elevation_gain":33,"elevation_loss":42},{"version":1,"timestamp":"2022-06-15 16:17:25 +0000","elevation":1230,"source_type":11,"duration":1307723,"distance":4208,"elevation_gain":33,"elevation_loss":43},{"version":1,"timestamp":"2022-06-15 16:17:32 +0000","elevation":1231,"source_type":11,"duration":1314725,"distance":4236,"elevation_gain":33,"elevation_loss":43},{"version":1,"timestamp":"2022-06-15 16:17:37 +0000","elevation":1232,"source_type":11,"duration":1319737,"distance":4263,"elevation_gain":33,"elevation_loss":43},{"version":1,"timestamp":"2022-06-15 16:17:44 +0000","elevation":1234,"source_type":11,"duration":1326724,"distance":4287,"elevation_gain":33,"elevation_loss":43},{"version":1,"timestamp":"2022-06-15 16:17:51 +0000","elevation":1235,"source_type":11,"duration":1333726,"distance":4314,"elevation_gain":39,"elevation_loss":43},{"version":1,"timestamp":"2022-06-15 16:17:58 +0000","elevation":1236,"source_type":11,"duration":1340721,"distance":4340,"elevation_gain":40,"elevation_loss":43},{"version":1,"timestamp":"2022-06-15 16:18:06 +0000","elevation":1237,"source_type":11,"duration":1348721,"distance":4365,"elevation_gain":40,"elevation_loss":43},{"version":1,"timestamp":"2022-06-15 16:18:13 +0000","elevation":1237,"source_type":11,"duration":1355723,"distance":4389,"elevation_gain":41,"elevation_loss":43},{"version":1,"timestamp":"2022-06-15 16:18:21 +0000","elevation":1238,"source_type":11,"duration":1363727,"distance":4412,"elevation_gain":42,"elevation_loss":43},{"version":1,"timestamp":"2022-06-15 16:18:31 +0000","elevation":1239,"source_type":11,"duration":1373729,"distance":4436,"elevation_gain":42,"elevation_loss":43},{"version":1,"timestamp":"2022-06-15 16:18:39 +0000","elevation":1239,"source_type":11,"duration":1381723,"distance":4461,"elevation_gain":43,"elevation_loss":43},{"version":1,"timestamp":"2022-06-15 16:18:42 +0000","elevation":1239,"source_type":11,"duration":1384472,"distance":4466,"elevation_gain":43,"elevation_loss":43},{"version":1,"timestamp":"2022-06-15 16:18:45 +0000","elevation":1239,"source_type":11,"duration":1387222,"distance":4472,"elevation_gain":43,"elevation_loss":43},{"version":1,"timestamp":"2022-06-15 16:18:47 +0000","elevation":1240,"source_type":11,"duration":1389972,"distance":4479,"elevation_gain":43,"elevation_loss":43},{"version":1,"timestamp":"2022-06-15 16:18:50 +0000","elevation":1240,"source_type":11,"duration":1392722,"distance":4486,"elevation_gain":43,"elevation_loss":43},{"version":1,"timestamp":"2022-06-15 16:18:52 +0000","elevation":1240,"source_type":11,"duration":1394973,"distance":4492,"elevation_gain":43,"elevation_loss":43},{"version":1,"timestamp":"2022-06-15 16:18:55 +0000","elevation":1240,"source_type":11,"duration":1397225,"distance":4498,"elevation_gain":43,"elevation_loss":43},{"version":1,"timestamp":"2022-06-15 16:18:57 +0000","elevation":1240,"source_type":11,"duration":1399476,"distance":4505,"elevation_gain":43,"elevation_loss":43},{"version":1,"timestamp":"2022-06-15 16:18:59 +0000","elevation":1240,"source_type":11,"duration":1401728,"distance":4511,"elevation_gain":43,"elevation_loss":43},{"version":1,"timestamp":"2022-06-15 16:19:01 +0000","elevation":1240,"source_type":11,"duration":1403985,"distance":4517,"elevation_gain":43,"elevation_loss":43},{"version":1,"timestamp":"2022-06-15 16:19:04 +0000","elevation":1240,"source_type":11,"duration":1406242,"distance":4522,"elevation_gain":43,"elevation_loss":43},{"version":1,"timestamp":"2022-06-15 16:19:06 +0000","elevation":1240,"source_type":11,"duration":1408499,"distance":4528,"elevation_gain":43,"elevation_loss":43},{"version":1,"timestamp":"2022-06-15 16:19:08 +0000","elevation":1240,"source_type":11,"duration":1410757,"distance":4533,"elevation_gain":43,"elevation_loss":43},{"version":1,"timestamp":"2022-06-15 16:19:11 +0000","elevation":1240,"source_type":11,"duration":1413250,"distance":4539,"elevation_gain":43,"elevation_loss":43},{"version":1,"timestamp":"2022-06-15 16:19:13 +0000","elevation":1240,"source_type":11,"duration":1415743,"distance":4545,"elevation_gain":43,"elevation_loss":43},{"version":1,"timestamp":"2022-06-15 16:19:16 +0000","elevation":1240,"source_type":11,"duration":1418236,"distance":4552,"elevation_gain":43,"elevation_loss":43},{"version":1,"timestamp":"2022-06-15 16:19:18 +0000","elevation":1240,"source_type":11,"duration":1420729,"distance":4558,"elevation_gain":43,"elevation_loss":43},{"version":1,"timestamp":"2022-06-15 16:19:20 +0000","elevation":1240,"source_type":11,"duration":1422979,"distance":4564,"elevation_gain":43,"elevation_loss":43},{"version":1,"timestamp":"2022-06-15 16:19:23 +0000","elevation":1240,"source_type":11,"duration":1425230,"distance":4569,"elevation_gain":43,"elevation_loss":43},{"version":1,"timestamp":"2022-06-15 16:19:25 +0000","elevation":1240,"source_type":11,"duration":1427480,"distance":4575,"elevation_gain":43,"elevation_loss":43},{"version":1,"timestamp":"2022-06-15 16:19:27 +0000","elevation":1240,"source_type":11,"duration":1429731,"distance":4580,"elevation_gain":43,"elevation_loss":43},{"version":1,"timestamp":"2022-06-15 16:19:29 +0000","elevation":1240,"source_type":11,"duration":1431479,"distance":4586,"elevation_gain":43,"elevation_loss":43},{"version":1,"timestamp":"2022-06-15 16:19:31 +0000","elevation":1240,"source_type":11,"duration":1433228,"distance":4593,"elevation_gain":43,"elevation_loss":43},{"version":1,"timestamp":"2022-06-15 16:19:32 +0000","elevation":1240,"source_type":11,"duration":1434977,"distance":4599,"elevation_gain":43,"elevation_loss":43},{"version":1,"timestamp":"2022-06-15 16:19:34 +0000","elevation":1240,"source_type":11,"duration":1436726,"distance":4605,"elevation_gain":43,"elevation_loss":43},{"version":1,"timestamp":"2022-06-15 16:19:41 +0000","elevation":1240,"source_type":11,"duration":1443730,"distance":4632,"elevation_gain":44,"elevation_loss":43},{"version":1,"timestamp":"2022-06-15 16:19:48 +0000","elevation":1241,"source_type":11,"duration":1450730,"distance":4656,"elevation_gain":44,"elevation_loss":43},{"version":1,"timestamp":"2022-06-15 16:19:54 +0000","elevation":1241,"source_type":11,"duration":1456723,"distance":4680,"elevation_gain":44,"elevation_loss":43},{"version":1,"timestamp":"2022-06-15 16:20:00 +0000","elevation":1241,"source_type":11,"duration":1462730,"distance":4704,"elevation_gain":45,"elevation_loss":43},{"version":1,"timestamp":"2022-06-15 16:20:07 +0000","elevation":1241,"source_type":11,"duration":1469724,"distance":4731,"elevation_gain":45,"elevation_loss":43},{"version":1,"timestamp":"2022-06-15 16:20:15 +0000","elevation":1240,"source_type":11,"duration":1477728,"distance":4760,"elevation_gain":45,"elevation_loss":43},{"version":1,"timestamp":"2022-06-15 16:20:22 +0000","elevation":1239,"source_type":11,"duration":1484726,"distance":4783,"elevation_gain":45,"elevation_loss":43},{"version":1,"timestamp":"2022-06-15 16:20:29 +0000","elevation":1239,"source_type":11,"duration":1491725,"distance":4809,"elevation_gain":45,"elevation_loss":43},{"version":1,"timestamp":"2022-06-15 16:20:35 +0000","elevation":1238,"source_type":11,"duration":1497759,"distance":4835,"elevation_gain":45,"elevation_loss":43},{"version":1,"timestamp":"2022-06-15 16:20:41 +0000","elevation":1238,"source_type":11,"duration":1503749,"distance":4862,"elevation_gain":45,"elevation_loss":43},{"version":1,"timestamp":"2022-06-15 16:20:48 +0000","elevation":1238,"source_type":11,"duration":1510747,"distance":4891,"elevation_gain":45,"elevation_loss":43},{"version":1,"timestamp":"2022-06-15 16:20:56 +0000","elevation":1237,"source_type":11,"duration":1518730,"distance":4916,"elevation_gain":45,"elevation_loss":43},{"version":1,"timestamp":"2022-06-15 16:21:07 +0000","elevation":1237,"source_type":11,"duration":1529755,"distance":4937,"elevation_gain":45,"elevation_loss":43},{"version":1,"timestamp":"2022-06-15 16:21:19 +0000","elevation":1237,"source_type":11,"duration":1541758,"distance":4959,"elevation_gain":45,"elevation_loss":43},{"version":1,"timestamp":"2022-06-15 16:21:24 +0000","elevation":1237,"source_type":11,"duration":1546009,"distance":4964,"elevation_gain":45,"elevation_loss":43},{"version":1,"timestamp":"2022-06-15 16:21:28 +0000","elevation":1237,"source_type":11,"duration":1550260,"distance":4969,"elevation_gain":45,"elevation_loss":43},{"version":1,"timestamp":"2022-06-15 16:21:32 +0000","elevation":1237,"source_type":11,"duration":1554511,"distance":4975,"elevation_gain":45,"elevation_loss":43},{"version":1,"timestamp":"2022-06-15 16:21:36 +0000","elevation":1237,"source_type":11,"duration":1558763,"distance":4981,"elevation_gain":45,"elevation_loss":43},{"version":1,"timestamp":"2022-06-15 16:21:41 +0000","elevation":1236,"source_type":11,"duration":1563006,"distance":4986,"elevation_gain":45,"elevation_loss":43},{"version":1,"timestamp":"2022-06-15 16:21:45 +0000","elevation":1236,"source_type":11,"duration":1567249,"distance":4991,"elevation_gain":45,"elevation_loss":43},{"version":1,"timestamp":"2022-06-15 16:21:49 +0000","elevation":1236,"source_type":11,"duration":1571492,"distance":4996,"elevation_gain":45,"elevation_loss":48},{"version":1,"timestamp":"2022-06-15 16:21:53 +0000","elevation":1236,"source_type":11,"duration":1575735,"distance":5002,"elevation_gain":45,"elevation_loss":49}]