[{"version":1,"timestamp":"2019-08-02 15:15:15 +0000","elevation":1259,"source_type":11,"duration":5000,"distance":0,"elevation_gain":0,"elevation_loss":0},{"version":1,"timestamp":"2019-08-02 15:15:26 +0000","elevation":1259,"source_type":11,"duration":16000,"distance":26,"elevation_gain":0,"elevation_loss":0},{"version":1,"timestamp":"2019-08-02 15:15:33 +0000","elevation":1258,"source_type":11,"duration":23000,"distance":52,"elevation_gain":0,"elevation_loss":0},{"version":1,"timestamp":"2019-08-02 15:15:35 +0000","elevation":1258,"source_type":11,"duration":25000,"distance":60,"elevation_gain":0,"elevation_loss":0},{"version":1,"timestamp":"2019-08-02 15:15:38 +0000","elevation":1258,"source_type":11,"duration":28000,"distance":71,"elevation_gain":0,"elevation_loss":0},{"version":1,"timestamp":"2019-08-02 15:15:40 +0000","elevation":1258,"source_type":11,"duration":30000,"distance":78,"elevation_gain":0,"elevation_loss":0},{"version":1,"timestamp":"2019-08-02 15:15:42 +0000","elevation":1257,"source_type":11,"duration":32000,"distance":86,"elevation_gain":0,"elevation_loss":0},{"version":1,"timestamp":"2019-08-02 15:15:43 +0000","elevation":1257,"source_type":11,"duration":33000,"distance":90,"elevation_gain":0,"elevation_loss":0},{"version":1,"timestamp":"2019-08-02 15:15:44 +0000","elevation":1257,"source_type":11,"duration":34000,"distance":93,"elevation_gain":0,"elevation_loss":0},{"version":1,"timestamp":"2019-08-02 15:15:45 +0000","elevation":1257,"source_type":11,"duration":35000,"distance":97,"elevation_gain":0,"elevation_loss":0},{"version":1,"timestamp":"2019-08-02 15:15:47 +0000","elevation":1258,"source_type":11,"duration":37000,"distance":105,"elevation_gain":0,"elevation_loss":0},{"version":1,"timestamp":"2019-08-02 15:15:48 +0000","elevation":1258,"source_type":11,"duration":38000,"distance":109,"elevation_gain":0,"elevation_loss":0},{"version":1,"timestamp":"2019-08-02 15:15:50 +0000","elevation":1258,"source_type":11,"duration":40000,"distance":117,"elevation_gain":0,"elevation_loss":0},{"version":1,"timestamp":"2019-08-02 15:15:51 +0000","elevation":1258,"source_type":11,"duration":41000,"distance":121,"elevation_gain":0,"elevation_loss":0},{"version":1,"timestamp":"2019-08-02 15:15:53 +0000","elevation":1258,"source_type":11,"duration":43000,"distance":129,"elevation_gain":0,"elevation_loss":0},{"version":1,"timestamp":"2019-08-02 15:16:00 +0000","elevation":1257,"source_type":11,"duration":50000,"distance":153,"elevation_gain":0,"elevation_loss":0},{"version":1,"timestamp":"2019-08-02 15:16:06 +0000","elevation":1257,"source_type":11,"duration":56000,"distance":177,"elevation_gain":0,"elevation_loss":0},{"version":1,"timestamp":"2019-08-02 15:16:12 +0000","elevation":1258,"source_type":11,"duration":62000,"distance":203,"elevation_gain":0,"elevation_loss":0},{"version":1,"timestamp":"2019-08-02 15:16:18 +0000","elevation":1258,"source_type":11,"duration":68000,"distance":227,"elevation_gain":0,"elevation_loss":0},{"version":1,"timestamp":"2019-08-02 15:16:19 +0000","elevation":1258,"source_type":11,"duration":69000,"distance":231,"elevation_gain":0,"elevation_loss":0},{"version":1,"timestamp":"2019-08-02 15:16:21 +0000","elevation":1258,"source_type":11,"duration":71000,"distance":238,"elevation_gain":0,"elevation_loss":0},{"version":1,"timestamp":"2019-08-02 15:16:22 +0000","elevation":1258,"source_type":11,"duration":72000,"distance":242,"elevation_gain":0,"elevation_loss":0},{"version":1,"timestamp":"2019-08-02 15:16:23 +0000","elevation":1258,"source_type":11,"duration":73000,"distance":246,"elevation_gain":0,"elevation_loss":0},{"version":1,"timestamp":"2019-08-02 15:16:25 +0000","elevation":1258,"source_type":11,"duration":75000,"distance":254,"elevation_gain":0,"elevation_loss":0},{"version":1,"timestamp":"2019-08-02 15:16:29 +0000","elevation":1258,"source_type":11,"duration":79000,"distance":268,"elevation_gain":0,"elevation_loss":0},{"version":1,"timestamp":"2019-08-02 15:16:32 +0000","elevation":1258,"source_type":11,"duration":82000,"distance":278,"elevation_gain":0,"elevation_loss":0},{"version":1,"timestamp":"2019-08-02 15:16:39 +0000","elevation":1258,"source_type":11,"duration":89000,"distance":302,"elevation_gain":0,"elevation_loss":0},{"version":1,"timestamp":"2019-08-02 15:16:41 +0000","elevation":1258,"source_type":11,"duration":91000,"distance":310,"elevation_gain":0,"elevation_loss":0},{"version":1,"timestamp":"2019-08-02 15:16:43 +0000","elevation":1258,"source_type":11,"duration":93000,"distance":317,"elevation_gain":0,"elevation_loss":0},{"version":1,"timestamp":"2019-08-02 15:16:44 +0000","elevation":1258,"source_type":11,"duration":94500,"distance":321,"elevation_gain":0,"elevation_loss":0},{"version":1,"timestamp":"2019-08-02 15:16:46 +0000","elevation":1258,"source_type":11,"duration":96000,"distance":325,"elevation_gain":0,"elevation_loss":0},{"version":1,"timestamp":"2019-08-02 15:16:47 +0000","elevation":1258,"source_type":11,"duration":97000,"distance":328,"elevation_gain":0,"elevation_loss":0},{"version":1,"timestamp":"2019-08-02 15:16:48 +0000","elevation":1258,"source_type":11,"duration":98000,"distance":330,"elevation_gain":0,"elevation_loss":0},{"version":1,"timestamp":"2019-08-02 15:16:49 +0000","elevation":1258,"source_type":11,"duration":99000,"distance":333,"elevation_gain":0,"elevation_loss":0},{"version":1,"timestamp":"2019-08-02 15:16:50 +0000","elevation":1258,"source_type":11,"duration":100000,"distance":336,"elevation_gain":0,"elevation_loss":0},{"version":1,"timestamp":"2019-08-02 15:16:50 +0000","elevation":1258,"source_type":11,"duration":100500,"distance":337,"elevation_gain":0,"elevation_loss":0},{"version":1,"timestamp":"2019-08-02 15:16:51 +0000","elevation":1258,"source_type":11,"duration":101000,"distance":338,"elevation_gain":0,"elevation_loss":0},{"version":1,"timestamp":"2019-08-02 15:16:51 +0000","elevation":1258,"source_type":11,"duration":101500,"distance":338,"elevation_gain":0,"elevation_loss":0},{"version":1,"timestamp":"2019-08-02 15:16:52 +0000","elevation":1258,"source_type":11,"duration":102000,"distance":339,"elevation_gain":0,"elevation_loss":0},{"version":1,"timestamp":"2019-08-02 15:16:53 +0000","elevation":1258,"source_type":11,"duration":103250,"distance":342,"elevation_gain":0,"elevation_loss":0},{"version":1,"timestamp":"2019-08-02 15:16:54 +0000","elevation":1258,"source_type":11,"duration":104500,"distance":345,"elevation_gain":0,"elevation_loss":0},{"version":1,"timestamp":"2019-08-02 15:16:55 +0000","elevation":1258,"source_type":11,"duration":105750,"distance":349,"elevation_gain":0,"elevation_loss":0},{"version":1,"timestamp":"2019-08-02 15:16:57 +0000","elevation":1258,"source_type":11,"duration":107000,"distance":354,"elevation_gain":0,"elevation_loss":0},{"version":1,"timestamp":"2019-08-02 15:16:57 +0000","elevation":1258,"source_type":11,"duration":107500,"distance":356,"elevation_gain":0,"elevation_loss":0},{"version":1,"timestamp":"2019-08-02 15:16:58 +0000","elevation":1258,"source_type":11,"duration":108000,"distance":358,"elevation_gain":0,"elevation_loss":0},{"version":1,"timestamp":"2019-08-02 15:16:58 +0000","elevation":1258,"source_type":11,"duration":108500,"distance":359,"elevation_gain":0,"elevation_loss":0},{"version":1,"timestamp":"2019-08-02 15:16:59 +0000","elevation":1258,"source_type":11,"duration":109000,"distance":360,"elevation_gain":0,"elevation_loss":0},{"version":1,"timestamp":"2019-08-02 15:17:01 +0000","elevation":1258,"source_type":11,"duration":111000,"distance":365,"elevation_gain":0,"elevation_loss":0},{"version":1,"timestamp":"2019-08-02 15:17:03 +0000","elevation":1258,"source_type":11,"duration":113000,"distance":371,"elevation_gain":0,"elevation_loss":0},{"version":1,"timestamp":"2019-08-02 15:17:05 +0000","elevation":1258,"source_type":11,"duration":115000,"distance":379,"elevation_gain":0,"elevation_loss":0},{"version":1,"timestamp":"2019-08-02 15:17:07 +0000","elevation":1258,"source_type":11,"duration":117000,"distance":386,"elevation_gain":0,"elevation_loss":0},{"version":1,"timestamp":"2019-08-02 15:17:08 +0000","elevation":1258,"source_type":11,"duration":118750,"distance":392,"elevation_gain":0,"elevation_loss":0},{"version":1,"timestamp":"2019-08-02 15:17:10 +0000","elevation":1258,"source_type":11,"duration":120500,"distance":399,"elevation_gain":0,"elevation_loss":0},{"version":1,"timestamp":"2019-08-02 15:17:12 +0000","elevation":1258,"source_type":11,"duration":122250,"distance":405,"elevation_gain":0,"elevation_loss":0},{"version":1,"timestamp":"2019-08-02 15:17:14 +0000","elevation":1258,"source_type":11,"duration":124000,"distance":411,"elevation_gain":0,"elevation_loss":0},{"version":1,"timestamp":"2019-08-02 15:17:15 +0000","elevation":1258,"source_type":11,"duration":125750,"distance":416,"elevation_gain":0,"elevation_loss":0},{"version":1,"timestamp":"2019-08-02 15:17:17 +0000","elevation":1258,"source_type":11,"duration":127500,"distance":422,"elevation_gain":0,"elevation_loss":0},{"version":1,"timestamp":"2019-08-02 15:17:19 +0000","elevation":1258,"source_type":11,"duration":129250,"distance":428,"elevation_gain":0,"elevation_loss":0},{"version":1,"timestamp":"2019-08-02 15:17:21 +0000","elevation":1258,"source_type":11,"duration":131000,"distance":434,"elevation_gain":0,"elevation_loss":0},{"version":1,"timestamp":"2019-08-02 15:17:22 +0000","elevation":1258,"source_type":11,"duration":132750,"distance":439,"elevation_gain":0,"elevation_loss":0},{"version":1,"timestamp":"2019-08-02 15:17:24 +0000","elevation":1258,"source_type":11,"duration":134500,"distance":445,"elevation_gain":0,"elevation_loss":0},{"version":1,"timestamp":"2019-08-02 15:17:26 +0000","elevation":1258,"source_type":11,"duration":136250,"distance":451,"elevation_gain":0,"elevation_loss":0},{"version":1,"timestamp":"2019-08-02 15:17:28 +0000","elevation":1258,"source_type":11,"duration":138000,"distance":456,"elevation_gain":0,"elevation_loss":0},{"version":1,"timestamp":"2019-08-02 15:17:31 +0000","elevation":1258,"source_type":11,"duration":141500,"distance":468,"elevation_gain":0,"elevation_loss":0},{"version":1,"timestamp":"2019-08-02 15:17:35 +0000","elevation":1258,"source_type":11,"duration":145000,"distance":481,"elevation_gain":0,"elevation_loss":0},{"version":1,"timestamp":"2019-08-02 15:17:37 +0000","elevation":1258,"source_type":11,"duration":147000,"distance":487,"elevation_gain":0,"elevation_loss":0},{"version":1,"timestamp":"2019-08-02 15:17:39 +0000","elevation":1257,"source_type":11,"duration":149000,"distance":493,"elevation_gain":0,"elevation_loss":0},{"version":1,"timestamp":"2019-08-02 15:17:41 +0000","elevation":1257,"source_type":11,"duration":151000,"distance":500,"elevation_gain":0,"elevation_loss":0},{"version":1,"timestamp":"2019-08-02 15:17:43 +0000","elevation":1257,"source_type":11,"duration":153000,"distance":506,"elevation_gain":0,"elevation_loss":0},{"version":1,"timestamp":"2019-08-02 15:17:43 +0000","elevation":1257,"source_type":11,"duration":153250,"distance":509,"elevation_gain":0,"elevation_loss":0},{"version":1,"timestamp":"2019-08-02 15:17:43 +0000","elevation":1257,"source_type":11,"duration":153500,"distance":510,"elevation_gain":0,"elevation_loss":0},{"version":1,"timestamp":"2019-08-02 15:17:43 +0000","elevation":1257,"source_type":11,"duration":153750,"distance":510,"elevation_gain":0,"elevation_loss":0},{"version":1,"timestamp":"2019-08-02 15:17:44 +0000","elevation":1257,"source_type":11,"duration":154000,"distance":511,"elevation_gain":0,"elevation_loss":0},{"version":1,"timestamp":"2019-08-02 15:17:44 +0000","elevation":1257,"source_type":11,"duration":154250,"distance":511,"elevation_gain":0,"elevation_loss":0},{"version":1,"timestamp":"2019-08-02 15:17:44 +0000","elevation":1257,"source_type":11,"duration":154500,"distance":512,"elevation_gain":0,"elevation_loss":0},{"version":1,"timestamp":"2019-08-02 15:17:44 +0000","elevation":1257,"source_type":11,"duration":154750,"distance":513,"elevation_gain":0,"elevation_loss":0},{"version":1,"timestamp":"2019-08-02 15:17:45 +0000","elevation":1257,"source_type":11,"duration":155000,"distance":514,"elevation_gain":0,"elevation_loss":0},{"version":1,"timestamp":"2019-08-02 15:17:46 +0000","elevation":1257,"source_type":11,"duration":156250,"distance":517,"elevation_gain":0,"elevation_loss":0},{"version":1,"timestamp":"2019-08-02 15:17:47 +0000","elevation":1257,"source_type":11,"duration":157500,"distance":522,"elevation_gain":0,"elevation_loss":0},{"version":1,"timestamp":"2019-08-02 15:17:48 +0000","elevation":1257,"source_type":11,"duration":158750,"distance":527,"elevation_gain":0,"elevation_loss":0},{"version":1,"timestamp":"2019-08-02 15:17:50 +0000","elevation":1257,"source_type":11,"duration":160000,"distance":532,"elevation_gain":0,"elevation_loss":0},{"version":1,"timestamp":"2019-08-02 15:17:50 +0000","elevation":1257,"source_type":11,"duration":160250,"distance":534,"elevation_gain":0,"elevation_loss":0},{"version":1,"timestamp":"2019-08-02 15:17:50 +0000","elevation":1257,"source_type":11,"duration":160500,"distance":535,"elevation_gain":0,"elevation_loss":0},{"version":1,"timestamp":"2019-08-02 15:17:50 +0000","elevation":1257,"source_type":11,"duration":160750,"distance":536,"elevation_gain":0,"elevation_loss":0},{"version":1,"timestamp":"2019-08-02 15:17:51 +0000","elevation":1257,"source_type":11,"duration":161000,"distance":536,"elevation_gain":0,"elevation_loss":0},{"version":1,"timestamp":"2019-08-02 15:17:53 +0000","elevation":1257,"source_type":11,"duration":163000,"distance":543,"elevation_gain":0,"elevation_loss":0},{"version":1,"timestamp":"2019-08-02 15:17:54 +0000","elevation":1258,"source_type":11,"duration":164000,"distance":547,"elevation_gain":0,"elevation_loss":0},{"version":1,"timestamp":"2019-08-02 15:17:55 +0000","elevation":1258,"source_type":11,"duration":165000,"distance":551,"elevation_gain":0,"elevation_loss":0},{"version":1,"timestamp":"2019-08-02 15:17:57 +0000","elevation":1258,"source_type":11,"duration":167000,"distance":558,"elevation_gain":0,"elevation_loss":0},{"version":1,"timestamp":"2019-08-02 15:18:04 +0000","elevation":1258,"source_type":11,"duration":174000,"distance":583,"elevation_gain":0,"elevation_loss":0},{"version":1,"timestamp":"2019-08-02 15:18:11 +0000","elevation":1258,"source_type":11,"duration":181000,"distance":610,"elevation_gain":0,"elevation_loss":0},{"version":1,"timestamp":"2019-08-02 15:18:17 +0000","elevation":1258,"source_type":11,"duration":187000,"distance":634,"elevation_gain":0,"elevation_loss":0},{"version":1,"timestamp":"2019-08-02 15:18:20 +0000","elevation":1258,"source_type":11,"duration":190000,"distance":647,"elevation_gain":0,"elevation_loss":0},{"version":1,"timestamp":"2019-08-02 15:18:23 +0000","elevation":1257,"source_type":11,"duration":193000,"distance":660,"elevation_gain":0,"elevation_loss":0},{"version":1,"timestamp":"2019-08-02 15:18:27 +0000","elevation":1257,"source_type":11,"duration":197000,"distance":676,"elevation_gain":0,"elevation_loss":0},{"version":1,"timestamp":"2019-08-02 15:18:29 +0000","elevation":1257,"source_type":11,"duration":199000,"distance":685,"elevation_gain":0,"elevation_loss":0},{"version":1,"timestamp":"2019-08-02 15:18:35 +0000","elevation":1257,"source_type":11,"duration":205000,"distance":709,"elevation_gain":0,"elevation_loss":0},{"version":1,"timestamp":"2019-08-02 15:18:41 +0000","elevation":1256,"source_type":11,"duration":211000,"distance":733,"elevation_gain":0,"elevation_loss":0},{"version":1,"timestamp":"2019-08-02 15:18:48 +0000","elevation":1256,"source_type":11,"duration":218000,"distance":760,"elevation_gain":0,"elevation_loss":0},{"version":1,"timestamp":"2019-08-02 15:18:54 +0000","elevation":1256,"source_type":11,"duration":224000,"distance":783,"elevation_gain":0,"elevation_loss":0},{"version":1,"timestamp":"2019-08-02 15:19:00 +0000","elevation":1256,"source_type":11,"duration":230000,"distance":806,"elevation_gain":0,"elevation_loss":0},{"version":1,"timestamp":"2019-08-02 15:19:06 +0000","elevation":1256,"source_type":11,"duration":236000,"distance":832,"elevation_gain":0,"elevation_loss":0},{"version":1,"timestamp":"2019-08-02 15:19:12 +0000","elevation":1256,"source_type":11,"duration":242000,"distance":856,"elevation_gain":0,"elevation_loss":0},{"version":1,"timestamp":"2019-08-02 15:19:13 +0000","elevation":1256,"source_type":11,"duration":243500,"distance":861,"elevation_gain":0,"elevation_loss":0},{"version":1,"timestamp":"2019-08-02 15:19:15 +0000","elevation":1256,"source_type":11,"duration":245000,"distance":864,"elevation_gain":0,"elevation_loss":0},{"version":1,"timestamp":"2019-08-02 15:19:16 +0000","elevation":1256,"source_type":11,"duration":246750,"distance":867,"elevation_gain":0,"elevation_loss":0},{"version":1,"timestamp":"2019-08-02 15:19:18 +0000","elevation":1256,"source_type":11,"duration":248500,"distance":871,"elevation_gain":0,"elevation_loss":0},{"version":1,"timestamp":"2019-08-02 15:19:20 +0000","elevation":1256,"source_type":11,"duration":250250,"distance":875,"elevation_gain":0,"elevation_loss":0},{"version":1,"timestamp":"2019-08-02 15:19:22 +0000","elevation":1256,"source_type":11,"duration":252000,"distance":879,"elevation_gain":0,"elevation_loss":0}]