[{"version":1,"timestamp":"2022-06-21 16:10:26 +0000","elevation":1240,"source_type":11,"duration":2233,"distance":0,"elevation_gain":0,"elevation_loss":0},{"version":1,"timestamp":"2022-06-21 16:10:36 +0000","elevation":1240,"source_type":11,"duration":12229,"distance":29,"elevation_gain":0,"elevation_loss":0},{"version":1,"timestamp":"2022-06-21 16:10:43 +0000","elevation":1240,"source_type":11,"duration":19226,"distance":57,"elevation_gain":0,"elevation_loss":0},{"version":1,"timestamp":"2022-06-21 16:10:49 +0000","elevation":1240,"source_type":11,"duration":25240,"distance":83,"elevation_gain":0,"elevation_loss":0},{"version":1,"timestamp":"2022-06-21 16:10:56 +0000","elevation":1240,"source_type":11,"duration":32237,"distance":109,"elevation_gain":0,"elevation_loss":0},{"version":1,"timestamp":"2022-06-21 16:11:03 +0000","elevation":1240,"source_type":11,"duration":39233,"distance":137,"elevation_gain":0,"elevation_loss":0},{"version":1,"timestamp":"2022-06-21 16:11:09 +0000","elevation":1240,"source_type":11,"duration":45231,"distance":163,"elevation_gain":0,"elevation_loss":0},{"version":1,"timestamp":"2022-06-21 16:11:10 +0000","elevation":1240,"source_type":11,"duration":46244,"distance":167,"elevation_gain":0,"elevation_loss":0},{"version":1,"timestamp":"2022-06-21 16:11:11 +0000","elevation":1240,"source_type":11,"duration":47225,"distance":171,"elevation_gain":0,"elevation_loss":0},{"version":1,"timestamp":"2022-06-21 16:11:12 +0000","elevation":1240,"source_type":11,"duration":48233,"distance":174,"elevation_gain":0,"elevation_loss":0},{"version":1,"timestamp":"2022-06-21 16:11:13 +0000","elevation":1240,"source_type":11,"duration":49255,"distance":178,"elevation_gain":0,"elevation_loss":0},{"version":1,"timestamp":"2022-06-21 16:11:14 +0000","elevation":1240,"source_type":11,"duration":50232,"distance":182,"elevation_gain":0,"elevation_loss":0},{"version":1,"timestamp":"2022-06-21 16:11:16 +0000","elevation":1240,"source_type":11,"duration":52234,"distance":190,"elevation_gain":0,"elevation_loss":0},{"version":1,"timestamp":"2022-06-21 16:11:22 +0000","elevation":1241,"source_type":11,"duration":58246,"distance":213,"elevation_gain":0,"elevation_loss":0},{"version":1,"timestamp":"2022-06-21 16:11:28 +0000","elevation":1241,"source_type":11,"duration":64243,"distance":237,"elevation_gain":0,"elevation_loss":0},{"version":1,"timestamp":"2022-06-21 16:11:34 +0000","elevation":1241,"source_type":11,"duration":70237,"distance":264,"elevation_gain":0,"elevation_loss":0},{"version":1,"timestamp":"2022-06-21 16:11:41 +0000","elevation":1240,"source_type":11,"duration":77234,"distance":289,"elevation_gain":0,"elevation_loss":0},{"version":1,"timestamp":"2022-06-21 16:11:42 +0000","elevation":1240,"source_type":11,"duration":78240,"distance":293,"elevation_gain":0,"elevation_loss":0},{"version":1,"timestamp":"2022-06-21 16:11:45 +0000","elevation":1240,"source_type":11,"duration":81224,"distance":303,"elevation_gain":0,"elevation_loss":0},{"version":1,"timestamp":"2022-06-21 16:11:48 +0000","elevation":1239,"source_type":11,"duration":84231,"distance":314,"elevation_gain":0,"elevation_loss":0},{"version":1,"timestamp":"2022-06-21 16:11:52 +0000","elevation":1239,"source_type":11,"duration":88239,"distance":329,"elevation_gain":0,"elevation_loss":0},{"version":1,"timestamp":"2022-06-21 16:11:55 +0000","elevation":1239,"source_type":11,"duration":91257,"distance":340,"elevation_gain":0,"elevation_loss":0},{"version":1,"timestamp":"2022-06-21 16:12:02 +0000","elevation":1238,"source_type":11,"duration":98223,"distance":367,"elevation_gain":0,"elevation_loss":0},{"version":1,"timestamp":"2022-06-21 16:12:09 +0000","elevation":1238,"source_type":11,"duration":105253,"distance":392,"elevation_gain":0,"elevation_loss":0},{"version":1,"timestamp":"2022-06-21 16:12:10 +0000","elevation":1238,"source_type":11,"duration":106220,"distance":395,"elevation_gain":0,"elevation_loss":0},{"version":1,"timestamp":"2022-06-21 16:12:14 +0000","elevation":1238,"source_type":11,"duration":110222,"distance":410,"elevation_gain":0,"elevation_loss":0},{"version":1,"timestamp":"2022-06-21 16:12:16 +0000","elevation":1238,"source_type":11,"duration":112223,"distance":417,"elevation_gain":0,"elevation_loss":0},{"version":1,"timestamp":"2022-06-21 16:12:17 +0000","elevation":1238,"source_type":11,"duration":113231,"distance":421,"elevation_gain":0,"elevation_loss":0},{"version":1,"timestamp":"2022-06-21 16:12:18 +0000","elevation":1238,"source_type":11,"duration":114220,"distance":425,"elevation_gain":0,"elevation_loss":0},{"version":1,"timestamp":"2022-06-21 16:12:19 +0000","elevation":1238,"source_type":11,"duration":115228,"distance":428,"elevation_gain":0,"elevation_loss":0},{"version":1,"timestamp":"2022-06-21 16:12:20 +0000","elevation":1238,"source_type":11,"duration":116238,"distance":432,"elevation_gain":0,"elevation_loss":0},{"version":1,"timestamp":"2022-06-21 16:12:23 +0000","elevation":1238,"source_type":11,"duration":119230,"distance":441,"elevation_gain":0,"elevation_loss":0},{"version":1,"timestamp":"2022-06-21 16:12:24 +0000","elevation":1238,"source_type":11,"duration":120225,"distance":445,"elevation_gain":0,"elevation_loss":0},{"version":1,"timestamp":"2022-06-21 16:12:25 +0000","elevation":1238,"source_type":11,"duration":121222,"distance":449,"elevation_gain":0,"elevation_loss":0},{"version":1,"timestamp":"2022-06-21 16:12:26 +0000","elevation":1238,"source_type":11,"duration":122224,"distance":452,"elevation_gain":0,"elevation_loss":0},{"version":1,"timestamp":"2022-06-21 16:12:27 +0000","elevation":1238,"source_type":11,"duration":123224,"distance":456,"elevation_gain":0,"elevation_loss":0},{"version":1,"timestamp":"2022-06-21 16:12:28 +0000","elevation":1238,"source_type":11,"duration":124218,"distance":460,"elevation_gain":0,"elevation_loss":0},{"version":1,"timestamp":"2022-06-21 16:12:30 +0000","elevation":1238,"source_type":11,"duration":126234,"distance":468,"elevation_gain":0,"elevation_loss":0},{"version":1,"timestamp":"2022-06-21 16:12:35 +0000","elevation":1238,"source_type":11,"duration":131237,"distance":486,"elevation_gain":0,"elevation_loss":0},{"version":1,"timestamp":"2022-06-21 16:12:37 +0000","elevation":1238,"source_type":11,"duration":133240,"distance":491,"elevation_gain":0,"elevation_loss":0},{"version":1,"timestamp":"2022-06-21 16:12:39 +0000","elevation":1238,"source_type":11,"duration":135489,"distance":495,"elevation_gain":0,"elevation_loss":0},{"version":1,"timestamp":"2022-06-21 16:12:41 +0000","elevation":1238,"source_type":11,"duration":137739,"distance":502,"elevation_gain":0,"elevation_loss":0},{"version":1,"timestamp":"2022-06-21 16:12:43 +0000","elevation":1238,"source_type":11,"duration":139988,"distance":509,"elevation_gain":0,"elevation_loss":0},{"version":1,"timestamp":"2022-06-21 16:12:46 +0000","elevation":1239,"source_type":11,"duration":142238,"distance":517,"elevation_gain":0,"elevation_loss":0},{"version":1,"timestamp":"2022-06-21 16:12:47 +0000","elevation":1239,"source_type":11,"duration":143987,"distance":523,"elevation_gain":0,"elevation_loss":0},{"version":1,"timestamp":"2022-06-21 16:12:49 +0000","elevation":1239,"source_type":11,"duration":145736,"distance":529,"elevation_gain":0,"elevation_loss":0},{"version":1,"timestamp":"2022-06-21 16:12:51 +0000","elevation":1239,"source_type":11,"duration":147485,"distance":535,"elevation_gain":0,"elevation_loss":0},{"version":1,"timestamp":"2022-06-21 16:12:53 +0000","elevation":1239,"source_type":11,"duration":149235,"distance":540,"elevation_gain":0,"elevation_loss":0},{"version":1,"timestamp":"2022-06-21 16:12:55 +0000","elevation":1239,"source_type":11,"duration":151233,"distance":546,"elevation_gain":0,"elevation_loss":0},{"version":1,"timestamp":"2022-06-21 16:12:57 +0000","elevation":1239,"source_type":11,"duration":153232,"distance":553,"elevation_gain":0,"elevation_loss":0},{"version":1,"timestamp":"2022-06-21 16:12:59 +0000","elevation":1239,"source_type":11,"duration":155231,"distance":559,"elevation_gain":0,"elevation_loss":0},{"version":1,"timestamp":"2022-06-21 16:13:01 +0000","elevation":1240,"source_type":11,"duration":157230,"distance":566,"elevation_gain":0,"elevation_loss":0},{"version":1,"timestamp":"2022-06-21 16:13:03 +0000","elevation":1240,"source_type":11,"duration":159230,"distance":572,"elevation_gain":0,"elevation_loss":0},{"version":1,"timestamp":"2022-06-21 16:13:05 +0000","elevation":1240,"source_type":11,"duration":161230,"distance":579,"elevation_gain":0,"elevation_loss":0},{"version":1,"timestamp":"2022-06-21 16:13:07 +0000","elevation":1240,"source_type":11,"duration":163230,"distance":585,"elevation_gain":0,"elevation_loss":0},{"version":1,"timestamp":"2022-06-21 16:13:09 +0000","elevation":1240,"source_type":11,"duration":165231,"distance":591,"elevation_gain":0,"elevation_loss":0},{"version":1,"timestamp":"2022-06-21 16:13:11 +0000","elevation":1240,"source_type":11,"duration":167234,"distance":598,"elevation_gain":0,"elevation_loss":0},{"version":1,"timestamp":"2022-06-21 16:13:13 +0000","elevation":1240,"source_type":11,"duration":169237,"distance":604,"elevation_gain":0,"elevation_loss":0},{"version":1,"timestamp":"2022-06-21 16:13:15 +0000","elevation":1240,"source_type":11,"duration":171240,"distance":611,"elevation_gain":0,"elevation_loss":0},{"version":1,"timestamp":"2022-06-21 16:13:17 +0000","elevation":1241,"source_type":11,"duration":173243,"distance":617,"elevation_gain":0,"elevation_loss":0},{"version":1,"timestamp":"2022-06-21 16:13:19 +0000","elevation":1241,"source_type":11,"duration":175239,"distance":624,"elevation_gain":0,"elevation_loss":0},{"version":1,"timestamp":"2022-06-21 16:13:21 +0000","elevation":1241,"source_type":11,"duration":177236,"distance":631,"elevation_gain":0,"elevation_loss":0},{"version":1,"timestamp":"2022-06-21 16:13:23 +0000","elevation":1241,"source_type":11,"duration":179233,"distance":637,"elevation_gain":0,"elevation_loss":0},{"version":1,"timestamp":"2022-06-21 16:13:25 +0000","elevation":1241,"source_type":11,"duration":181230,"distance":644,"elevation_gain":0,"elevation_loss":0},{"version":1,"timestamp":"2022-06-21 16:13:32 +0000","elevation":1242,"source_type":11,"duration":188229,"distance":668,"elevation_gain":0,"elevation_loss":0},{"version":1,"timestamp":"2022-06-21 16:13:40 +0000","elevation":1243,"source_type":11,"duration":196240,"distance":694,"elevation_gain":0,"elevation_loss":0},{"version":1,"timestamp":"2022-06-21 16:13:48 +0000","elevation":1243,"source_type":11,"duration":204234,"distance":718,"elevation_gain":0,"elevation_loss":0},{"version":1,"timestamp":"2022-06-21 16:13:56 +0000","elevation":1244,"source_type":11,"duration":212237,"distance":744,"elevation_gain":0,"elevation_loss":0},{"version":1,"timestamp":"2022-06-21 16:14:04 +0000","elevation":1245,"source_type":11,"duration":220229,"distance":770,"elevation_gain":5,"elevation_loss":0},{"version":1,"timestamp":"2022-06-21 16:14:11 +0000","elevation":1247,"source_type":11,"duration":227228,"distance":793,"elevation_gain":6,"elevation_loss":0},{"version":1,"timestamp":"2022-06-21 16:14:18 +0000","elevation":1248,"source_type":11,"duration":234227,"distance":818,"elevation_gain":8,"elevation_loss":0},{"version":1,"timestamp":"2022-06-21 16:14:23 +0000","elevation":1248,"source_type":11,"duration":239245,"distance":833,"elevation_gain":8,"elevation_loss":0},{"version":1,"timestamp":"2022-06-21 16:14:26 +0000","elevation":1247,"source_type":11,"duration":242242,"distance":842,"elevation_gain":8,"elevation_loss":0},{"version":1,"timestamp":"2022-06-21 16:14:28 +0000","elevation":1247,"source_type":11,"duration":244227,"distance":848,"elevation_gain":8,"elevation_loss":0},{"version":1,"timestamp":"2022-06-21 16:14:31 +0000","elevation":1247,"source_type":11,"duration":247218,"distance":856,"elevation_gain":8,"elevation_loss":0},{"version":1,"timestamp":"2022-06-21 16:14:33 +0000","elevation":1247,"source_type":11,"duration":249223,"distance":862,"elevation_gain":8,"elevation_loss":0},{"version":1,"timestamp":"2022-06-21 16:14:35 +0000","elevation":1247,"source_type":11,"duration":251245,"distance":867,"elevation_gain":8,"elevation_loss":0},{"version":1,"timestamp":"2022-06-21 16:14:42 +0000","elevation":1246,"source_type":11,"duration":258228,"distance":891,"elevation_gain":8,"elevation_loss":0},{"version":1,"timestamp":"2022-06-21 16:14:49 +0000","elevation":1244,"source_type":11,"duration":265224,"distance":916,"elevation_gain":8,"elevation_loss":0},{"version":1,"timestamp":"2022-06-21 16:14:56 +0000","elevation":1243,"source_type":11,"duration":272251,"distance":942,"elevation_gain":8,"elevation_loss":0},{"version":1,"timestamp":"2022-06-21 16:15:03 +0000","elevation":1243,"source_type":11,"duration":279242,"distance":966,"elevation_gain":8,"elevation_loss":0},{"version":1,"timestamp":"2022-06-21 16:15:11 +0000","elevation":1243,"source_type":11,"duration":287260,"distance":991,"elevation_gain":8,"elevation_loss":0},{"version":1,"timestamp":"2022-06-21 16:15:21 +0000","elevation":1243,"source_type":11,"duration":297281,"distance":1025,"elevation_gain":8,"elevation_loss":0},{"version":1,"timestamp":"2022-06-21 16:15:27 +0000","elevation":1243,"source_type":11,"duration":303248,"distance":1048,"elevation_gain":8,"elevation_loss":0},{"version":1,"timestamp":"2022-06-21 16:15:33 +0000","elevation":1243,"source_type":11,"duration":309255,"distance":1070,"elevation_gain":8,"elevation_loss":0},{"version":1,"timestamp":"2022-06-21 16:15:40 +0000","elevation":1242,"source_type":11,"duration":316273,"distance":1096,"elevation_gain":8,"elevation_loss":5},{"version":1,"timestamp":"2022-06-21 16:15:45 +0000","elevation":1242,"source_type":11,"duration":321258,"distance":1113,"elevation_gain":8,"elevation_loss":5},{"version":1,"timestamp":"2022-06-21 16:15:47 +0000","elevation":1242,"source_type":11,"duration":323237,"distance":1120,"elevation_gain":8,"elevation_loss":6},{"version":1,"timestamp":"2022-06-21 16:15:55 +0000","elevation":1241,"source_type":11,"duration":331228,"distance":1145,"elevation_gain":8,"elevation_loss":6},{"version":1,"timestamp":"2022-06-21 16:16:03 +0000","elevation":1240,"source_type":11,"duration":339240,"distance":1171,"elevation_gain":8,"elevation_loss":7},{"version":1,"timestamp":"2022-06-21 16:16:10 +0000","elevation":1239,"source_type":11,"duration":346238,"distance":1197,"elevation_gain":8,"elevation_loss":8},{"version":1,"timestamp":"2022-06-21 16:16:17 +0000","elevation":1239,"source_type":11,"duration":353227,"distance":1223,"elevation_gain":8,"elevation_loss":9},{"version":1,"timestamp":"2022-06-21 16:16:25 +0000","elevation":1238,"source_type":11,"duration":361245,"distance":1249,"elevation_gain":8,"elevation_loss":9},{"version":1,"timestamp":"2022-06-21 16:16:32 +0000","elevation":1238,"source_type":11,"duration":368237,"distance":1273,"elevation_gain":8,"elevation_loss":9},{"version":1,"timestamp":"2022-06-21 16:16:34 +0000","elevation":1238,"source_type":11,"duration":370486,"distance":1278,"elevation_gain":8,"elevation_loss":9},{"version":1,"timestamp":"2022-06-21 16:16:36 +0000","elevation":1238,"source_type":11,"duration":372736,"distance":1284,"elevation_gain":8,"elevation_loss":9},{"version":1,"timestamp":"2022-06-21 16:16:38 +0000","elevation":1238,"source_type":11,"duration":374986,"distance":1290,"elevation_gain":8,"elevation_loss":10},{"version":1,"timestamp":"2022-06-21 16:16:41 +0000","elevation":1237,"source_type":11,"duration":377236,"distance":1297,"elevation_gain":8,"elevation_loss":10},{"version":1,"timestamp":"2022-06-21 16:16:42 +0000","elevation":1237,"source_type":11,"duration":378734,"distance":1303,"elevation_gain":8,"elevation_loss":10},{"version":1,"timestamp":"2022-06-21 16:16:44 +0000","elevation":1237,"source_type":11,"duration":380232,"distance":1309,"elevation_gain":8,"elevation_loss":10},{"version":1,"timestamp":"2022-06-21 16:16:45 +0000","elevation":1237,"source_type":11,"duration":381730,"distance":1316,"elevation_gain":8,"elevation_loss":10},{"version":1,"timestamp":"2022-06-21 16:16:47 +0000","elevation":1237,"source_type":11,"duration":383229,"distance":1322,"elevation_gain":8,"elevation_loss":11},{"version":1,"timestamp":"2022-06-21 16:16:48 +0000","elevation":1236,"source_type":11,"duration":384727,"distance":1328,"elevation_gain":8,"elevation_loss":11},{"version":1,"timestamp":"2022-06-21 16:16:50 +0000","elevation":1236,"source_type":11,"duration":386225,"distance":1334,"elevation_gain":8,"elevation_loss":11},{"version":1,"timestamp":"2022-06-21 16:16:51 +0000","elevation":1236,"source_type":11,"duration":387723,"distance":1340,"elevation_gain":8,"elevation_loss":11},{"version":1,"timestamp":"2022-06-21 16:16:53 +0000","elevation":1236,"source_type":11,"duration":389221,"distance":1346,"elevation_gain":8,"elevation_loss":11},{"version":1,"timestamp":"2022-06-21 16:16:54 +0000","elevation":1236,"source_type":11,"duration":390971,"distance":1353,"elevation_gain":8,"elevation_loss":11},{"version":1,"timestamp":"2022-06-21 16:16:56 +0000","elevation":1236,"source_type":11,"duration":392722,"distance":1360,"elevation_gain":8,"elevation_loss":12},{"version":1,"timestamp":"2022-06-21 16:16:58 +0000","elevation":1235,"source_type":11,"duration":394473,"distance":1366,"elevation_gain":8,"elevation_loss":12},{"version":1,"timestamp":"2022-06-21 16:17:00 +0000","elevation":1235,"source_type":11,"duration":396224,"distance":1373,"elevation_gain":8,"elevation_loss":12},{"version":1,"timestamp":"2022-06-21 16:17:01 +0000","elevation":1235,"source_type":11,"duration":397978,"distance":1380,"elevation_gain":8,"elevation_loss":12},{"version":1,"timestamp":"2022-06-21 16:17:03 +0000","elevation":1235,"source_type":11,"duration":399733,"distance":1386,"elevation_gain":8,"elevation_loss":12},{"version":1,"timestamp":"2022-06-21 16:17:05 +0000","elevation":1235,"source_type":11,"duration":401487,"distance":1392,"elevation_gain":8,"elevation_loss":12},{"version":1,"timestamp":"2022-06-21 16:17:07 +0000","elevation":1235,"source_type":11,"duration":403242,"distance":1399,"elevation_gain":8,"elevation_loss":12},{"version":1,"timestamp":"2022-06-21 16:17:08 +0000","elevation":1235,"source_type":11,"duration":404994,"distance":1405,"elevation_gain":8,"elevation_loss":12},{"version":1,"timestamp":"2022-06-21 16:17:10 +0000","elevation":1235,"source_type":11,"duration":406747,"distance":1412,"elevation_gain":8,"elevation_loss":12},{"version":1,"timestamp":"2022-06-21 16:17:12 +0000","elevation":1235,"source_type":11,"duration":408499,"distance":1418,"elevation_gain":8,"elevation_loss":12},{"version":1,"timestamp":"2022-06-21 16:17:14 +0000","elevation":1235,"source_type":11,"duration":410252,"distance":1425,"elevation_gain":8,"elevation_loss":12},{"version":1,"timestamp":"2022-06-21 16:17:20 +0000","elevation":1235,"source_type":11,"duration":416242,"distance":1450,"elevation_gain":8,"elevation_loss":12},{"version":1,"timestamp":"2022-06-21 16:17:22 +0000","elevation":1235,"source_type":11,"duration":418240,"distance":1459,"elevation_gain":8,"elevation_loss":12},{"version":1,"timestamp":"2022-06-21 16:17:26 +0000","elevation":1234,"source_type":11,"duration":422239,"distance":1475,"elevation_gain":8,"elevation_loss":13},{"version":1,"timestamp":"2022-06-21 16:17:35 +0000","elevation":1231,"source_type":11,"duration":431244,"distance":1511,"elevation_gain":8,"elevation_loss":16},{"version":1,"timestamp":"2022-06-21 16:17:36 +0000","elevation":1231,"source_type":11,"duration":432226,"distance":1516,"elevation_gain":8,"elevation_loss":16},{"version":1,"timestamp":"2022-06-21 16:17:37 +0000","elevation":1231,"source_type":11,"duration":433237,"distance":1520,"elevation_gain":8,"elevation_loss":16},{"version":1,"timestamp":"2022-06-21 16:17:38 +0000","elevation":1230,"source_type":11,"duration":434248,"distance":1525,"elevation_gain":8,"elevation_loss":17},{"version":1,"timestamp":"2022-06-21 16:17:39 +0000","elevation":1230,"source_type":11,"duration":435276,"distance":1530,"elevation_gain":8,"elevation_loss":17},{"version":1,"timestamp":"2022-06-21 16:17:41 +0000","elevation":1229,"source_type":11,"duration":437232,"distance":1540,"elevation_gain":8,"elevation_loss":18},{"version":1,"timestamp":"2022-06-21 16:17:48 +0000","elevation":1228,"source_type":11,"duration":444226,"distance":1565,"elevation_gain":8,"elevation_loss":20},{"version":1,"timestamp":"2022-06-21 16:17:56 +0000","elevation":1226,"source_type":11,"duration":452224,"distance":1590,"elevation_gain":8,"elevation_loss":21},{"version":1,"timestamp":"2022-06-21 16:18:03 +0000","elevation":1224,"source_type":11,"duration":459236,"distance":1615,"elevation_gain":8,"elevation_loss":23},{"version":1,"timestamp":"2022-06-21 16:18:10 +0000","elevation":1222,"source_type":11,"duration":466246,"distance":1643,"elevation_gain":8,"elevation_loss":25},{"version":1,"timestamp":"2022-06-21 16:18:17 +0000","elevation":1222,"source_type":11,"duration":473242,"distance":1671,"elevation_gain":8,"elevation_loss":25},{"version":1,"timestamp":"2022-06-21 16:18:20 +0000","elevation":1222,"source_type":11,"duration":476307,"distance":1685,"elevation_gain":8,"elevation_loss":25},{"version":1,"timestamp":"2022-06-21 16:18:21 +0000","elevation":1222,"source_type":11,"duration":477775,"distance":1691,"elevation_gain":8,"elevation_loss":25},{"version":1,"timestamp":"2022-06-21 16:18:23 +0000","elevation":1222,"source_type":11,"duration":479244,"distance":1697,"elevation_gain":8,"elevation_loss":25},{"version":1,"timestamp":"2022-06-21 16:18:24 +0000","elevation":1222,"source_type":11,"duration":480993,"distance":1702,"elevation_gain":8,"elevation_loss":25},{"version":1,"timestamp":"2022-06-21 16:18:26 +0000","elevation":1222,"source_type":11,"duration":482742,"distance":1708,"elevation_gain":8,"elevation_loss":25},{"version":1,"timestamp":"2022-06-21 16:18:28 +0000","elevation":1222,"source_type":11,"duration":484491,"distance":1714,"elevation_gain":8,"elevation_loss":25},{"version":1,"timestamp":"2022-06-21 16:18:30 +0000","elevation":1222,"source_type":11,"duration":486240,"distance":1722,"elevation_gain":8,"elevation_loss":25},{"version":1,"timestamp":"2022-06-21 16:18:31 +0000","elevation":1222,"source_type":11,"duration":487991,"distance":1727,"elevation_gain":8,"elevation_loss":25},{"version":1,"timestamp":"2022-06-21 16:18:33 +0000","elevation":1222,"source_type":11,"duration":489742,"distance":1733,"elevation_gain":8,"elevation_loss":25},{"version":1,"timestamp":"2022-06-21 16:18:35 +0000","elevation":1222,"source_type":11,"duration":491493,"distance":1738,"elevation_gain":8,"elevation_loss":25},{"version":1,"timestamp":"2022-06-21 16:18:37 +0000","elevation":1222,"source_type":11,"duration":493244,"distance":1744,"elevation_gain":8,"elevation_loss":25},{"version":1,"timestamp":"2022-06-21 16:18:39 +0000","elevation":1223,"source_type":11,"duration":495494,"distance":1749,"elevation_gain":8,"elevation_loss":25},{"version":1,"timestamp":"2022-06-21 16:18:41 +0000","elevation":1223,"source_type":11,"duration":497744,"distance":1755,"elevation_gain":8,"elevation_loss":25},{"version":1,"timestamp":"2022-06-21 16:18:43 +0000","elevation":1223,"source_type":11,"duration":499994,"distance":1761,"elevation_gain":8,"elevation_loss":25},{"version":1,"timestamp":"2022-06-21 16:18:46 +0000","elevation":1224,"source_type":11,"duration":502245,"distance":1767,"elevation_gain":8,"elevation_loss":25},{"version":1,"timestamp":"2022-06-21 16:18:46 +0000","elevation":1224,"source_type":11,"duration":502995,"distance":1770,"elevation_gain":8,"elevation_loss":25},{"version":1,"timestamp":"2022-06-21 16:18:47 +0000","elevation":1224,"source_type":11,"duration":503746,"distance":1772,"elevation_gain":8,"elevation_loss":25},{"version":1,"timestamp":"2022-06-21 16:18:48 +0000","elevation":1224,"source_type":11,"duration":504496,"distance":1774,"elevation_gain":8,"elevation_loss":25},{"version":1,"timestamp":"2022-06-21 16:18:49 +0000","elevation":1224,"source_type":11,"duration":505247,"distance":1775,"elevation_gain":8,"elevation_loss":25},{"version":1,"timestamp":"2022-06-21 16:18:50 +0000","elevation":1224,"source_type":11,"duration":506245,"distance":1777,"elevation_gain":8,"elevation_loss":25},{"version":1,"timestamp":"2022-06-21 16:18:51 +0000","elevation":1224,"source_type":11,"duration":507244,"distance":1780,"elevation_gain":8,"elevation_loss":25},{"version":1,"timestamp":"2022-06-21 16:18:52 +0000","elevation":1224,"source_type":11,"duration":508243,"distance":1782,"elevation_gain":8,"elevation_loss":25},{"version":1,"timestamp":"2022-06-21 16:18:53 +0000","elevation":1224,"source_type":11,"duration":509242,"distance":1785,"elevation_gain":8,"elevation_loss":25},{"version":1,"timestamp":"2022-06-21 16:18:53 +0000","elevation":1224,"source_type":11,"duration":509742,"distance":1786,"elevation_gain":8,"elevation_loss":25},{"version":1,"timestamp":"2022-06-21 16:18:54 +0000","elevation":1224,"source_type":11,"duration":510242,"distance":1788,"elevation_gain":8,"elevation_loss":25},{"version":1,"timestamp":"2022-06-21 16:18:54 +0000","elevation":1224,"source_type":11,"duration":510742,"distance":1789,"elevation_gain":8,"elevation_loss":25},{"version":1,"timestamp":"2022-06-21 16:18:55 +0000","elevation":1225,"source_type":11,"duration":511242,"distance":1790,"elevation_gain":8,"elevation_loss":25},{"version":1,"timestamp":"2022-06-21 16:19:04 +0000","elevation":1226,"source_type":11,"duration":520233,"distance":1813,"elevation_gain":8,"elevation_loss":25},{"version":1,"timestamp":"2022-06-21 16:19:13 +0000","elevation":1226,"source_type":11,"duration":529246,"distance":1835,"elevation_gain":8,"elevation_loss":25},{"version":1,"timestamp":"2022-06-21 16:19:21 +0000","elevation":1227,"source_type":11,"duration":537236,"distance":1862,"elevation_gain":8,"elevation_loss":25},{"version":1,"timestamp":"2022-06-21 16:19:29 +0000","elevation":1227,"source_type":11,"duration":545237,"distance":1886,"elevation_gain":13,"elevation_loss":25},{"version":1,"timestamp":"2022-06-21 16:19:37 +0000","elevation":1227,"source_type":11,"duration":553229,"distance":1909,"elevation_gain":13,"elevation_loss":25},{"version":1,"timestamp":"2022-06-21 16:19:44 +0000","elevation":1227,"source_type":11,"duration":560243,"distance":1933,"elevation_gain":13,"elevation_loss":25},{"version":1,"timestamp":"2022-06-21 16:19:51 +0000","elevation":1227,"source_type":11,"duration":567228,"distance":1957,"elevation_gain":13,"elevation_loss":25},{"version":1,"timestamp":"2022-06-21 16:19:58 +0000","elevation":1227,"source_type":11,"duration":574229,"distance":1981,"elevation_gain":13,"elevation_loss":25},{"version":1,"timestamp":"2022-06-21 16:20:05 +0000","elevation":1226,"source_type":11,"duration":581229,"distance":2007,"elevation_gain":13,"elevation_loss":25},{"version":1,"timestamp":"2022-06-21 16:20:12 +0000","elevation":1227,"source_type":11,"duration":588215,"distance":2030,"elevation_gain":13,"elevation_loss":25},{"version":1,"timestamp":"2022-06-21 16:20:20 +0000","elevation":1227,"source_type":11,"duration":596229,"distance":2055,"elevation_gain":13,"elevation_loss":25},{"version":1,"timestamp":"2022-06-21 16:20:28 +0000","elevation":1228,"source_type":11,"duration":604223,"distance":2078,"elevation_gain":14,"elevation_loss":25},{"version":1,"timestamp":"2022-06-21 16:20:37 +0000","elevation":1229,"source_type":11,"duration":613244,"distance":2101,"elevation_gain":14,"elevation_loss":25},{"version":1,"timestamp":"2022-06-21 16:20:44 +0000","elevation":1229,"source_type":11,"duration":620241,"distance":2125,"elevation_gain":14,"elevation_loss":25},{"version":1,"timestamp":"2022-06-21 16:20:51 +0000","elevation":1229,"source_type":11,"duration":627234,"distance":2150,"elevation_gain":15,"elevation_loss":25},{"version":1,"timestamp":"2022-06-21 16:20:58 +0000","elevation":1229,"source_type":11,"duration":634234,"distance":2173,"elevation_gain":15,"elevation_loss":25},{"version":1,"timestamp":"2022-06-21 16:21:05 +0000","elevation":1229,"source_type":11,"duration":641248,"distance":2199,"elevation_gain":15,"elevation_loss":25},{"version":1,"timestamp":"2022-06-21 16:21:12 +0000","elevation":1228,"source_type":11,"duration":648223,"distance":2223,"elevation_gain":15,"elevation_loss":25},{"version":1,"timestamp":"2022-06-21 16:21:19 +0000","elevation":1227,"source_type":11,"duration":655278,"distance":2248,"elevation_gain":15,"elevation_loss":25},{"version":1,"timestamp":"2022-06-21 16:21:23 +0000","elevation":1227,"source_type":11,"duration":659237,"distance":2260,"elevation_gain":15,"elevation_loss":25},{"version":1,"timestamp":"2022-06-21 16:21:26 +0000","elevation":1226,"source_type":11,"duration":662226,"distance":2272,"elevation_gain":15,"elevation_loss":25},{"version":1,"timestamp":"2022-06-21 16:21:27 +0000","elevation":1226,"source_type":11,"duration":663234,"distance":2275,"elevation_gain":15,"elevation_loss":25},{"version":1,"timestamp":"2022-06-21 16:21:29 +0000","elevation":1226,"source_type":11,"duration":665243,"distance":2283,"elevation_gain":15,"elevation_loss":25},{"version":1,"timestamp":"2022-06-21 16:21:30 +0000","elevation":1226,"source_type":11,"duration":666264,"distance":2286,"elevation_gain":15,"elevation_loss":25},{"version":1,"timestamp":"2022-06-21 16:21:31 +0000","elevation":1226,"source_type":11,"duration":667256,"distance":2290,"elevation_gain":15,"elevation_loss":25},{"version":1,"timestamp":"2022-06-21 16:21:33 +0000","elevation":1226,"source_type":11,"duration":669238,"distance":2296,"elevation_gain":15,"elevation_loss":25},{"version":1,"timestamp":"2022-06-21 16:21:41 +0000","elevation":1226,"source_type":11,"duration":677234,"distance":2320,"elevation_gain":15,"elevation_loss":25},{"version":1,"timestamp":"2022-06-21 16:21:48 +0000","elevation":1226,"source_type":11,"duration":684230,"distance":2344,"elevation_gain":15,"elevation_loss":25},{"version":1,"timestamp":"2022-06-21 16:21:52 +0000","elevation":1226,"source_type":11,"duration":688250,"distance":2357,"elevation_gain":15,"elevation_loss":25},{"version":1,"timestamp":"2022-06-21 16:21:54 +0000","elevation":1226,"source_type":11,"duration":690234,"distance":2363,"elevation_gain":15,"elevation_loss":25},{"version":1,"timestamp":"2022-06-21 16:21:56 +0000","elevation":1226,"source_type":11,"duration":692219,"distance":2369,"elevation_gain":15,"elevation_loss":25},{"version":1,"timestamp":"2022-06-21 16:21:58 +0000","elevation":1227,"source_type":11,"duration":694222,"distance":2374,"elevation_gain":15,"elevation_loss":25},{"version":1,"timestamp":"2022-06-21 16:22:00 +0000","elevation":1227,"source_type":11,"duration":696225,"distance":2380,"elevation_gain":15,"elevation_loss":25},{"version":1,"timestamp":"2022-06-21 16:22:02 +0000","elevation":1227,"source_type":11,"duration":698228,"distance":2386,"elevation_gain":15,"elevation_loss":25},{"version":1,"timestamp":"2022-06-21 16:22:04 +0000","elevation":1227,"source_type":11,"duration":700231,"distance":2393,"elevation_gain":15,"elevation_loss":25},{"version":1,"timestamp":"2022-06-21 16:22:06 +0000","elevation":1227,"source_type":11,"duration":702481,"distance":2398,"elevation_gain":15,"elevation_loss":25},{"version":1,"timestamp":"2022-06-21 16:22:08 +0000","elevation":1227,"source_type":11,"duration":704731,"distance":2404,"elevation_gain":15,"elevation_loss":25},{"version":1,"timestamp":"2022-06-21 16:22:10 +0000","elevation":1228,"source_type":11,"duration":706981,"distance":2410,"elevation_gain":15,"elevation_loss":25},{"version":1,"timestamp":"2022-06-21 16:22:13 +0000","elevation":1228,"source_type":11,"duration":709231,"distance":2416,"elevation_gain":15,"elevation_loss":25},{"version":1,"timestamp":"2022-06-21 16:22:15 +0000","elevation":1228,"source_type":11,"duration":711238,"distance":2421,"elevation_gain":15,"elevation_loss":25},{"version":1,"timestamp":"2022-06-21 16:22:17 +0000","elevation":1229,"source_type":11,"duration":713245,"distance":2427,"elevation_gain":15,"elevation_loss":25},{"version":1,"timestamp":"2022-06-21 16:22:19 +0000","elevation":1229,"source_type":11,"duration":715252,"distance":2433,"elevation_gain":15,"elevation_loss":25},{"version":1,"timestamp":"2022-06-21 16:22:21 +0000","elevation":1229,"source_type":11,"duration":717259,"distance":2438,"elevation_gain":15,"elevation_loss":25},{"version":1,"timestamp":"2022-06-21 16:22:23 +0000","elevation":1230,"source_type":11,"duration":719259,"distance":2444,"elevation_gain":15,"elevation_loss":25},{"version":1,"timestamp":"2022-06-21 16:22:25 +0000","elevation":1230,"source_type":11,"duration":721259,"distance":2450,"elevation_gain":16,"elevation_loss":25},{"version":1,"timestamp":"2022-06-21 16:22:27 +0000","elevation":1230,"source_type":11,"duration":723259,"distance":2456,"elevation_gain":16,"elevation_loss":25},{"version":1,"timestamp":"2022-06-21 16:22:29 +0000","elevation":1231,"source_type":11,"duration":725260,"distance":2461,"elevation_gain":16,"elevation_loss":25},{"version":1,"timestamp":"2022-06-21 16:22:31 +0000","elevation":1231,"source_type":11,"duration":727506,"distance":2467,"elevation_gain":17,"elevation_loss":25},{"version":1,"timestamp":"2022-06-21 16:22:33 +0000","elevation":1231,"source_type":11,"duration":729752,"distance":2473,"elevation_gain":17,"elevation_loss":25},{"version":1,"timestamp":"2022-06-21 16:22:35 +0000","elevation":1232,"source_type":11,"duration":731998,"distance":2479,"elevation_gain":17,"elevation_loss":25},{"version":1,"timestamp":"2022-06-21 16:22:38 +0000","elevation":1232,"source_type":11,"duration":734244,"distance":2485,"elevation_gain":18,"elevation_loss":25},{"version":1,"timestamp":"2022-06-21 16:22:41 +0000","elevation":1232,"source_type":11,"duration":737305,"distance":2493,"elevation_gain":18,"elevation_loss":25},{"version":1,"timestamp":"2022-06-21 16:22:43 +0000","elevation":1232,"source_type":11,"duration":739034,"distance":2496,"elevation_gain":18,"elevation_loss":25},{"version":1,"timestamp":"2022-06-21 16:22:44 +0000","elevation":1232,"source_type":11,"duration":740764,"distance":2501,"elevation_gain":18,"elevation_loss":25},{"version":1,"timestamp":"2022-06-21 16:22:46 +0000","elevation":1232,"source_type":11,"duration":742494,"distance":2507,"elevation_gain":18,"elevation_loss":25},{"version":1,"timestamp":"2022-06-21 16:22:48 +0000","elevation":1232,"source_type":11,"duration":744224,"distance":2514,"elevation_gain":18,"elevation_loss":25},{"version":1,"timestamp":"2022-06-21 16:22:50 +0000","elevation":1232,"source_type":11,"duration":746223,"distance":2519,"elevation_gain":18,"elevation_loss":25},{"version":1,"timestamp":"2022-06-21 16:22:52 +0000","elevation":1232,"source_type":11,"duration":748223,"distance":2525,"elevation_gain":18,"elevation_loss":25},{"version":1,"timestamp":"2022-06-21 16:22:54 +0000","elevation":1231,"source_type":11,"duration":750222,"distance":2531,"elevation_gain":18,"elevation_loss":25},{"version":1,"timestamp":"2022-06-21 16:22:56 +0000","elevation":1231,"source_type":11,"duration":752222,"distance":2538,"elevation_gain":18,"elevation_loss":25},{"version":1,"timestamp":"2022-06-21 16:22:58 +0000","elevation":1231,"source_type":11,"duration":754230,"distance":2544,"elevation_gain":18,"elevation_loss":25},{"version":1,"timestamp":"2022-06-21 16:23:00 +0000","elevation":1231,"source_type":11,"duration":756238,"distance":2549,"elevation_gain":18,"elevation_loss":25},{"version":1,"timestamp":"2022-06-21 16:23:02 +0000","elevation":1231,"source_type":11,"duration":758246,"distance":2555,"elevation_gain":18,"elevation_loss":25},{"version":1,"timestamp":"2022-06-21 16:23:04 +0000","elevation":1231,"source_type":11,"duration":760255,"distance":2561,"elevation_gain":18,"elevation_loss":25},{"version":1,"timestamp":"2022-06-21 16:23:06 +0000","elevation":1231,"source_type":11,"duration":762251,"distance":2567,"elevation_gain":18,"elevation_loss":25},{"version":1,"timestamp":"2022-06-21 16:23:08 +0000","elevation":1230,"source_type":11,"duration":764247,"distance":2573,"elevation_gain":18,"elevation_loss":25},{"version":1,"timestamp":"2022-06-21 16:23:10 +0000","elevation":1230,"source_type":11,"duration":766243,"distance":2579,"elevation_gain":18,"elevation_loss":25},{"version":1,"timestamp":"2022-06-21 16:23:12 +0000","elevation":1230,"source_type":11,"duration":768239,"distance":2585,"elevation_gain":18,"elevation_loss":25},{"version":1,"timestamp":"2022-06-21 16:23:13 +0000","elevation":1230,"source_type":11,"duration":769998,"distance":2591,"elevation_gain":18,"elevation_loss":25},{"version":1,"timestamp":"2022-06-21 16:23:15 +0000","elevation":1230,"source_type":11,"duration":771758,"distance":2597,"elevation_gain":18,"elevation_loss":25},{"version":1,"timestamp":"2022-06-21 16:23:17 +0000","elevation":1230,"source_type":11,"duration":773517,"distance":2603,"elevation_gain":18,"elevation_loss":25},{"version":1,"timestamp":"2022-06-21 16:23:19 +0000","elevation":1229,"source_type":11,"duration":775277,"distance":2609,"elevation_gain":18,"elevation_loss":25},{"version":1,"timestamp":"2022-06-21 16:23:21 +0000","elevation":1229,"source_type":11,"duration":777271,"distance":2615,"elevation_gain":18,"elevation_loss":25},{"version":1,"timestamp":"2022-06-21 16:23:23 +0000","elevation":1229,"source_type":11,"duration":779265,"distance":2620,"elevation_gain":18,"elevation_loss":25},{"version":1,"timestamp":"2022-06-21 16:23:25 +0000","elevation":1229,"source_type":11,"duration":781259,"distance":2626,"elevation_gain":18,"elevation_loss":25},{"version":1,"timestamp":"2022-06-21 16:23:27 +0000","elevation":1229,"source_type":11,"duration":783254,"distance":2632,"elevation_gain":18,"elevation_loss":25},{"version":1,"timestamp":"2022-06-21 16:23:36 +0000","elevation":1228,"source_type":11,"duration":792245,"distance":2656,"elevation_gain":18,"elevation_loss":25},{"version":1,"timestamp":"2022-06-21 16:23:44 +0000","elevation":1227,"source_type":11,"duration":800257,"distance":2680,"elevation_gain":18,"elevation_loss":30},{"version":1,"timestamp":"2022-06-21 16:23:51 +0000","elevation":1226,"source_type":11,"duration":807246,"distance":2703,"elevation_gain":18,"elevation_loss":31},{"version":1,"timestamp":"2022-06-21 16:23:59 +0000","elevation":1225,"source_type":11,"duration":815230,"distance":2727,"elevation_gain":18,"elevation_loss":33},{"version":1,"timestamp":"2022-06-21 16:24:07 +0000","elevation":1224,"source_type":11,"duration":823225,"distance":2750,"elevation_gain":18,"elevation_loss":34},{"version":1,"timestamp":"2022-06-21 16:24:16 +0000","elevation":1223,"source_type":11,"duration":832246,"distance":2776,"elevation_gain":18,"elevation_loss":34},{"version":1,"timestamp":"2022-06-21 16:24:25 +0000","elevation":1223,"source_type":11,"duration":841245,"distance":2800,"elevation_gain":18,"elevation_loss":34},{"version":1,"timestamp":"2022-06-21 16:24:34 +0000","elevation":1223,"source_type":11,"duration":850237,"distance":2825,"elevation_gain":18,"elevation_loss":34},{"version":1,"timestamp":"2022-06-21 16:24:42 +0000","elevation":1223,"source_type":11,"duration":858260,"distance":2847,"elevation_gain":18,"elevation_loss":34},{"version":1,"timestamp":"2022-06-21 16:24:51 +0000","elevation":1224,"source_type":11,"duration":867258,"distance":2872,"elevation_gain":18,"elevation_loss":34},{"version":1,"timestamp":"2022-06-21 16:25:00 +0000","elevation":1224,"source_type":11,"duration":876231,"distance":2896,"elevation_gain":18,"elevation_loss":34},{"version":1,"timestamp":"2022-06-21 16:25:09 +0000","elevation":1224,"source_type":11,"duration":885231,"distance":2919,"elevation_gain":18,"elevation_loss":34},{"version":1,"timestamp":"2022-06-21 16:25:17 +0000","elevation":1225,"source_type":11,"duration":893245,"distance":2942,"elevation_gain":18,"elevation_loss":34},{"version":1,"timestamp":"2022-06-21 16:25:25 +0000","elevation":1225,"source_type":11,"duration":901228,"distance":2966,"elevation_gain":18,"elevation_loss":34},{"version":1,"timestamp":"2022-06-21 16:25:34 +0000","elevation":1225,"source_type":11,"duration":910228,"distance":2990,"elevation_gain":18,"elevation_loss":34},{"version":1,"timestamp":"2022-06-21 16:25:39 +0000","elevation":1225,"source_type":11,"duration":915274,"distance":3004,"elevation_gain":18,"elevation_loss":34},{"version":1,"timestamp":"2022-06-21 16:25:43 +0000","elevation":1225,"source_type":11,"duration":919239,"distance":3015,"elevation_gain":18,"elevation_loss":34},{"version":1,"timestamp":"2022-06-21 16:25:53 +0000","elevation":1226,"source_type":11,"duration":929236,"distance":3038,"elevation_gain":18,"elevation_loss":34},{"version":1,"timestamp":"2022-06-21 16:26:02 +0000","elevation":1227,"source_type":11,"duration":938235,"distance":3062,"elevation_gain":18,"elevation_loss":34},{"version":1,"timestamp":"2022-06-21 16:26:11 +0000","elevation":1228,"source_type":11,"duration":947240,"distance":3087,"elevation_gain":18,"elevation_loss":34},{"version":1,"timestamp":"2022-06-21 16:26:20 +0000","elevation":1229,"source_type":11,"duration":956224,"distance":3112,"elevation_gain":24,"elevation_loss":34},{"version":1,"timestamp":"2022-06-21 16:26:30 +0000","elevation":1230,"source_type":11,"duration":966239,"distance":3135,"elevation_gain":24,"elevation_loss":34},{"version":1,"timestamp":"2022-06-21 16:26:39 +0000","elevation":1230,"source_type":11,"duration":975222,"distance":3159,"elevation_gain":25,"elevation_loss":34},{"version":1,"timestamp":"2022-06-21 16:26:47 +0000","elevation":1230,"source_type":11,"duration":983240,"distance":3183,"elevation_gain":25,"elevation_loss":34},{"version":1,"timestamp":"2022-06-21 16:26:55 +0000","elevation":1231,"source_type":11,"duration":991245,"distance":3205,"elevation_gain":26,"elevation_loss":34},{"version":1,"timestamp":"2022-06-21 16:27:04 +0000","elevation":1231,"source_type":11,"duration":1000252,"distance":3231,"elevation_gain":26,"elevation_loss":34},{"version":1,"timestamp":"2022-06-21 16:27:12 +0000","elevation":1232,"source_type":11,"duration":1008236,"distance":3255,"elevation_gain":27,"elevation_loss":34},{"version":1,"timestamp":"2022-06-21 16:27:21 +0000","elevation":1233,"source_type":11,"duration":1017231,"distance":3280,"elevation_gain":28,"elevation_loss":34},{"version":1,"timestamp":"2022-06-21 16:27:29 +0000","elevation":1233,"source_type":11,"duration":1025231,"distance":3303,"elevation_gain":28,"elevation_loss":34},{"version":1,"timestamp":"2022-06-21 16:27:32 +0000","elevation":1234,"source_type":11,"duration":1028241,"distance":3311,"elevation_gain":28,"elevation_loss":34},{"version":1,"timestamp":"2022-06-21 16:27:38 +0000","elevation":1234,"source_type":11,"duration":1034240,"distance":3331,"elevation_gain":29,"elevation_loss":34},{"version":1,"timestamp":"2022-06-21 16:27:47 +0000","elevation":1235,"source_type":11,"duration":1043231,"distance":3356,"elevation_gain":30,"elevation_loss":34},{"version":1,"timestamp":"2022-06-21 16:27:56 +0000","elevation":1236,"source_type":11,"duration":1052252,"distance":3380,"elevation_gain":31,"elevation_loss":34},{"version":1,"timestamp":"2022-06-21 16:28:04 +0000","elevation":1237,"source_type":11,"duration":1060248,"distance":3402,"elevation_gain":32,"elevation_loss":34},{"version":1,"timestamp":"2022-06-21 16:28:13 +0000","elevation":1237,"source_type":11,"duration":1069247,"distance":3427,"elevation_gain":32,"elevation_loss":34},{"version":1,"timestamp":"2022-06-21 16:28:23 +0000","elevation":1237,"source_type":11,"duration":1079223,"distance":3452,"elevation_gain":32,"elevation_loss":34},{"version":1,"timestamp":"2022-06-21 16:28:32 +0000","elevation":1237,"source_type":11,"duration":1088237,"distance":3475,"elevation_gain":32,"elevation_loss":34},{"version":1,"timestamp":"2022-06-21 16:28:40 +0000","elevation":1238,"source_type":11,"duration":1096247,"distance":3496,"elevation_gain":32,"elevation_loss":34},{"version":1,"timestamp":"2022-06-21 16:28:48 +0000","elevation":1237,"source_type":11,"duration":1104237,"distance":3518,"elevation_gain":32,"elevation_loss":34},{"version":1,"timestamp":"2022-06-21 16:28:50 +0000","elevation":1238,"source_type":11,"duration":1106742,"distance":3524,"elevation_gain":32,"elevation_loss":34},{"version":1,"timestamp":"2022-06-21 16:28:53 +0000","elevation":1238,"source_type":11,"duration":1109247,"distance":3529,"elevation_gain":32,"elevation_loss":34},{"version":1,"timestamp":"2022-06-21 16:28:55 +0000","elevation":1238,"source_type":11,"duration":1111752,"distance":3535,"elevation_gain":33,"elevation_loss":34},{"version":1,"timestamp":"2022-06-21 16:28:58 +0000","elevation":1238,"source_type":11,"duration":1114257,"distance":3542,"elevation_gain":33,"elevation_loss":34},{"version":1,"timestamp":"2022-06-21 16:29:00 +0000","elevation":1238,"source_type":11,"duration":1116749,"distance":3547,"elevation_gain":33,"elevation_loss":34},{"version":1,"timestamp":"2022-06-21 16:29:03 +0000","elevation":1238,"source_type":11,"duration":1119241,"distance":3552,"elevation_gain":33,"elevation_loss":34},{"version":1,"timestamp":"2022-06-21 16:29:05 +0000","elevation":1239,"source_type":11,"duration":1121733,"distance":3558,"elevation_gain":33,"elevation_loss":34},{"version":1,"timestamp":"2022-06-21 16:29:08 +0000","elevation":1239,"source_type":11,"duration":1124226,"distance":3565,"elevation_gain":34,"elevation_loss":34},{"version":1,"timestamp":"2022-06-21 16:29:12 +0000","elevation":1239,"source_type":11,"duration":1128240,"distance":3577,"elevation_gain":34,"elevation_loss":34},{"version":1,"timestamp":"2022-06-21 16:29:16 +0000","elevation":1239,"source_type":11,"duration":1132255,"distance":3589,"elevation_gain":34,"elevation_loss":34},{"version":1,"timestamp":"2022-06-21 16:29:18 +0000","elevation":1240,"source_type":11,"duration":1134255,"distance":3595,"elevation_gain":34,"elevation_loss":34},{"version":1,"timestamp":"2022-06-21 16:29:20 +0000","elevation":1240,"source_type":11,"duration":1136255,"distance":3601,"elevation_gain":34,"elevation_loss":34},{"version":1,"timestamp":"2022-06-21 16:29:22 +0000","elevation":1240,"source_type":11,"duration":1138255,"distance":3607,"elevation_gain":34,"elevation_loss":34},{"version":1,"timestamp":"2022-06-21 16:29:24 +0000","elevation":1240,"source_type":11,"duration":1140256,"distance":3613,"elevation_gain":34,"elevation_loss":34},{"version":1,"timestamp":"2022-06-21 16:29:26 +0000","elevation":1240,"source_type":11,"duration":1142253,"distance":3619,"elevation_gain":34,"elevation_loss":34},{"version":1,"timestamp":"2022-06-21 16:29:28 +0000","elevation":1240,"source_type":11,"duration":1144250,"distance":3625,"elevation_gain":34,"elevation_loss":34},{"version":1,"timestamp":"2022-06-21 16:29:30 +0000","elevation":1240,"source_type":11,"duration":1146247,"distance":3631,"elevation_gain":34,"elevation_loss":34},{"version":1,"timestamp":"2022-06-21 16:29:32 +0000","elevation":1240,"source_type":11,"duration":1148244,"distance":3637,"elevation_gain":34,"elevation_loss":34},{"version":1,"timestamp":"2022-06-21 16:29:34 +0000","elevation":1240,"source_type":11,"duration":1150493,"distance":3643,"elevation_gain":34,"elevation_loss":34},{"version":1,"timestamp":"2022-06-21 16:29:36 +0000","elevation":1240,"source_type":11,"duration":1152743,"distance":3650,"elevation_gain":35,"elevation_loss":34},{"version":1,"timestamp":"2022-06-21 16:29:38 +0000","elevation":1240,"source_type":11,"duration":1154993,"distance":3656,"elevation_gain":35,"elevation_loss":34},{"version":1,"timestamp":"2022-06-21 16:29:41 +0000","elevation":1240,"source_type":11,"duration":1157243,"distance":3662,"elevation_gain":35,"elevation_loss":34},{"version":1,"timestamp":"2022-06-21 16:29:42 +0000","elevation":1240,"source_type":11,"duration":1158990,"distance":3668,"elevation_gain":35,"elevation_loss":34},{"version":1,"timestamp":"2022-06-21 16:29:44 +0000","elevation":1240,"source_type":11,"duration":1160738,"distance":3674,"elevation_gain":35,"elevation_loss":34},{"version":1,"timestamp":"2022-06-21 16:29:46 +0000","elevation":1240,"source_type":11,"duration":1162485,"distance":3680,"elevation_gain":35,"elevation_loss":34},{"version":1,"timestamp":"2022-06-21 16:29:48 +0000","elevation":1240,"source_type":11,"duration":1164233,"distance":3686,"elevation_gain":35,"elevation_loss":34},{"version":1,"timestamp":"2022-06-21 16:29:49 +0000","elevation":1240,"source_type":11,"duration":1165982,"distance":3692,"elevation_gain":35,"elevation_loss":34},{"version":1,"timestamp":"2022-06-21 16:29:51 +0000","elevation":1240,"source_type":11,"duration":1167732,"distance":3698,"elevation_gain":35,"elevation_loss":34},{"version":1,"timestamp":"2022-06-21 16:29:53 +0000","elevation":1240,"source_type":11,"duration":1169482,"distance":3704,"elevation_gain":35,"elevation_loss":34},{"version":1,"timestamp":"2022-06-21 16:29:55 +0000","elevation":1239,"source_type":11,"duration":1171232,"distance":3710,"elevation_gain":35,"elevation_loss":34},{"version":1,"timestamp":"2022-06-21 16:29:57 +0000","elevation":1239,"source_type":11,"duration":1173255,"distance":3716,"elevation_gain":35,"elevation_loss":34},{"version":1,"timestamp":"2022-06-21 16:30:00 +0000","elevation":1239,"source_type":11,"duration":1176237,"distance":3725,"elevation_gain":35,"elevation_loss":34},{"version":1,"timestamp":"2022-06-21 16:30:03 +0000","elevation":1239,"source_type":11,"duration":1179259,"distance":3735,"elevation_gain":35,"elevation_loss":34},{"version":1,"timestamp":"2022-06-21 16:30:04 +0000","elevation":1239,"source_type":11,"duration":1180233,"distance":3738,"elevation_gain":35,"elevation_loss":34},{"version":1,"timestamp":"2022-06-21 16:30:06 +0000","elevation":1239,"source_type":11,"duration":1182245,"distance":3745,"elevation_gain":35,"elevation_loss":34},{"version":1,"timestamp":"2022-06-21 16:30:08 +0000","elevation":1239,"source_type":11,"duration":1184241,"distance":3752,"elevation_gain":35,"elevation_loss":34},{"version":1,"timestamp":"2022-06-21 16:30:10 +0000","elevation":1239,"source_type":11,"duration":1186235,"distance":3758,"elevation_gain":35,"elevation_loss":34},{"version":1,"timestamp":"2022-06-21 16:30:18 +0000","elevation":1238,"source_type":11,"duration":1194227,"distance":3781,"elevation_gain":35,"elevation_loss":34},{"version":1,"timestamp":"2022-06-21 16:30:26 +0000","elevation":1237,"source_type":11,"duration":1202244,"distance":3805,"elevation_gain":35,"elevation_loss":34},{"version":1,"timestamp":"2022-06-21 16:30:30 +0000","elevation":1237,"source_type":11,"duration":1206230,"distance":3816,"elevation_gain":35,"elevation_loss":34},{"version":1,"timestamp":"2022-06-21 16:30:34 +0000","elevation":1237,"source_type":11,"duration":1210227,"distance":3829,"elevation_gain":35,"elevation_loss":34},{"version":1,"timestamp":"2022-06-21 16:30:42 +0000","elevation":1237,"source_type":11,"duration":1218242,"distance":3853,"elevation_gain":35,"elevation_loss":34},{"version":1,"timestamp":"2022-06-21 16:30:44 +0000","elevation":1237,"source_type":11,"duration":1220236,"distance":3859,"elevation_gain":35,"elevation_loss":34},{"version":1,"timestamp":"2022-06-21 16:30:46 +0000","elevation":1237,"source_type":11,"duration":1222235,"distance":3865,"elevation_gain":35,"elevation_loss":34},{"version":1,"timestamp":"2022-06-21 16:30:50 +0000","elevation":1237,"source_type":11,"duration":1226262,"distance":3877,"elevation_gain":35,"elevation_loss":34},{"version":1,"timestamp":"2022-06-21 16:30:52 +0000","elevation":1237,"source_type":11,"duration":1228259,"distance":3883,"elevation_gain":35,"elevation_loss":34},{"version":1,"timestamp":"2022-06-21 16:30:58 +0000","elevation":1238,"source_type":11,"duration":1234242,"distance":3903,"elevation_gain":35,"elevation_loss":34},{"version":1,"timestamp":"2022-06-21 16:31:06 +0000","elevation":1238,"source_type":11,"duration":1242241,"distance":3926,"elevation_gain":35,"elevation_loss":34},{"version":1,"timestamp":"2022-06-21 16:31:14 +0000","elevation":1237,"source_type":11,"duration":1250233,"distance":3949,"elevation_gain":35,"elevation_loss":34},{"version":1,"timestamp":"2022-06-21 16:31:21 +0000","elevation":1237,"source_type":11,"duration":1257224,"distance":3974,"elevation_gain":35,"elevation_loss":34},{"version":1,"timestamp":"2022-06-21 16:31:28 +0000","elevation":1237,"source_type":11,"duration":1264233,"distance":3997,"elevation_gain":35,"elevation_loss":34},{"version":1,"timestamp":"2022-06-21 16:31:37 +0000","elevation":1236,"source_type":11,"duration":1273246,"distance":4023,"elevation_gain":35,"elevation_loss":34},{"version":1,"timestamp":"2022-06-21 16:31:44 +0000","elevation":1236,"source_type":11,"duration":1280244,"distance":4047,"elevation_gain":35,"elevation_loss":34},{"version":1,"timestamp":"2022-06-21 16:31:52 +0000","elevation":1236,"source_type":11,"duration":1288221,"distance":4071,"elevation_gain":35,"elevation_loss":34},{"version":1,"timestamp":"2022-06-21 16:32:00 +0000","elevation":1235,"source_type":11,"duration":1296232,"distance":4093,"elevation_gain":35,"elevation_loss":34},{"version":1,"timestamp":"2022-06-21 16:32:08 +0000","elevation":1235,"source_type":11,"duration":1304251,"distance":4118,"elevation_gain":35,"elevation_loss":34},{"version":1,"timestamp":"2022-06-21 16:32:16 +0000","elevation":1234,"source_type":11,"duration":1312242,"distance":4143,"elevation_gain":35,"elevation_loss":40},{"version":1,"timestamp":"2022-06-21 16:32:25 +0000","elevation":1233,"source_type":11,"duration":1321241,"distance":4168,"elevation_gain":35,"elevation_loss":41},{"version":1,"timestamp":"2022-06-21 16:32:32 +0000","elevation":1232,"source_type":11,"duration":1328244,"distance":4191,"elevation_gain":35,"elevation_loss":42},{"version":1,"timestamp":"2022-06-21 16:32:39 +0000","elevation":1230,"source_type":11,"duration":1335269,"distance":4216,"elevation_gain":35,"elevation_loss":44},{"version":1,"timestamp":"2022-06-21 16:32:46 +0000","elevation":1230,"source_type":11,"duration":1342234,"distance":4241,"elevation_gain":35,"elevation_loss":45},{"version":1,"timestamp":"2022-06-21 16:32:53 +0000","elevation":1231,"source_type":11,"duration":1349239,"distance":4265,"elevation_gain":35,"elevation_loss":45},{"version":1,"timestamp":"2022-06-21 16:32:58 +0000","elevation":1232,"source_type":11,"duration":1354229,"distance":4284,"elevation_gain":35,"elevation_loss":45},{"version":1,"timestamp":"2022-06-21 16:33:00 +0000","elevation":1233,"source_type":11,"duration":1356222,"distance":4292,"elevation_gain":35,"elevation_loss":45},{"version":1,"timestamp":"2022-06-21 16:33:07 +0000","elevation":1234,"source_type":11,"duration":1363245,"distance":4318,"elevation_gain":35,"elevation_loss":45},{"version":1,"timestamp":"2022-06-21 16:33:11 +0000","elevation":1235,"source_type":11,"duration":1367230,"distance":4331,"elevation_gain":40,"elevation_loss":45},{"version":1,"timestamp":"2022-06-21 16:33:14 +0000","elevation":1235,"source_type":11,"duration":1370241,"distance":4343,"elevation_gain":40,"elevation_loss":45},{"version":1,"timestamp":"2022-06-21 16:33:16 +0000","elevation":1236,"source_type":11,"duration":1372236,"distance":4350,"elevation_gain":41,"elevation_loss":45},{"version":1,"timestamp":"2022-06-21 16:33:17 +0000","elevation":1236,"source_type":11,"duration":1373231,"distance":4353,"elevation_gain":41,"elevation_loss":45},{"version":1,"timestamp":"2022-06-21 16:33:19 +0000","elevation":1236,"source_type":11,"duration":1375229,"distance":4360,"elevation_gain":41,"elevation_loss":45},{"version":1,"timestamp":"2022-06-21 16:33:21 +0000","elevation":1236,"source_type":11,"duration":1377248,"distance":4368,"elevation_gain":41,"elevation_loss":45},{"version":1,"timestamp":"2022-06-21 16:33:28 +0000","elevation":1237,"source_type":11,"duration":1384265,"distance":4391,"elevation_gain":42,"elevation_loss":45},{"version":1,"timestamp":"2022-06-21 16:33:36 +0000","elevation":1238,"source_type":11,"duration":1392229,"distance":4417,"elevation_gain":42,"elevation_loss":45},{"version":1,"timestamp":"2022-06-21 16:33:44 +0000","elevation":1238,"source_type":11,"duration":1400270,"distance":4442,"elevation_gain":43,"elevation_loss":45},{"version":1,"timestamp":"2022-06-21 16:33:53 +0000","elevation":1239,"source_type":11,"duration":1409247,"distance":4467,"elevation_gain":44,"elevation_loss":45},{"version":1,"timestamp":"2022-06-21 16:33:56 +0000","elevation":1239,"source_type":11,"duration":1412240,"distance":4476,"elevation_gain":44,"elevation_loss":45},{"version":1,"timestamp":"2022-06-21 16:33:58 +0000","elevation":1239,"source_type":11,"duration":1414246,"distance":4482,"elevation_gain":44,"elevation_loss":45},{"version":1,"timestamp":"2022-06-21 16:34:02 +0000","elevation":1239,"source_type":11,"duration":1418236,"distance":4490,"elevation_gain":44,"elevation_loss":45},{"version":1,"timestamp":"2022-06-21 16:34:02 +0000","elevation":1239,"source_type":11,"duration":1418735,"distance":4492,"elevation_gain":44,"elevation_loss":45},{"version":1,"timestamp":"2022-06-21 16:34:03 +0000","elevation":1239,"source_type":11,"duration":1419235,"distance":4493,"elevation_gain":44,"elevation_loss":45},{"version":1,"timestamp":"2022-06-21 16:34:03 +0000","elevation":1239,"source_type":11,"duration":1419735,"distance":4494,"elevation_gain":44,"elevation_loss":45},{"version":1,"timestamp":"2022-06-21 16:34:04 +0000","elevation":1239,"source_type":11,"duration":1420235,"distance":4495,"elevation_gain":44,"elevation_loss":45},{"version":1,"timestamp":"2022-06-21 16:34:07 +0000","elevation":1239,"source_type":11,"duration":1423737,"distance":4504,"elevation_gain":44,"elevation_loss":45},{"version":1,"timestamp":"2022-06-21 16:34:11 +0000","elevation":1240,"source_type":11,"duration":1427240,"distance":4516,"elevation_gain":44,"elevation_loss":45},{"version":1,"timestamp":"2022-06-21 16:34:13 +0000","elevation":1240,"source_type":11,"duration":1429236,"distance":4521,"elevation_gain":45,"elevation_loss":45},{"version":1,"timestamp":"2022-06-21 16:34:15 +0000","elevation":1240,"source_type":11,"duration":1431232,"distance":4527,"elevation_gain":45,"elevation_loss":45},{"version":1,"timestamp":"2022-06-21 16:34:17 +0000","elevation":1240,"source_type":11,"duration":1433228,"distance":4533,"elevation_gain":45,"elevation_loss":45},{"version":1,"timestamp":"2022-06-21 16:34:19 +0000","elevation":1240,"source_type":11,"duration":1435225,"distance":4540,"elevation_gain":45,"elevation_loss":45},{"version":1,"timestamp":"2022-06-21 16:34:21 +0000","elevation":1240,"source_type":11,"duration":1437231,"distance":4546,"elevation_gain":45,"elevation_loss":45},{"version":1,"timestamp":"2022-06-21 16:34:23 +0000","elevation":1240,"source_type":11,"duration":1439237,"distance":4552,"elevation_gain":45,"elevation_loss":45},{"version":1,"timestamp":"2022-06-21 16:34:25 +0000","elevation":1240,"source_type":11,"duration":1441243,"distance":4558,"elevation_gain":45,"elevation_loss":45},{"version":1,"timestamp":"2022-06-21 16:34:27 +0000","elevation":1240,"source_type":11,"duration":1443250,"distance":4564,"elevation_gain":45,"elevation_loss":45},{"version":1,"timestamp":"2022-06-21 16:34:29 +0000","elevation":1240,"source_type":11,"duration":1445247,"distance":4570,"elevation_gain":45,"elevation_loss":45},{"version":1,"timestamp":"2022-06-21 16:34:31 +0000","elevation":1240,"source_type":11,"duration":1447245,"distance":4575,"elevation_gain":45,"elevation_loss":45},{"version":1,"timestamp":"2022-06-21 16:34:33 +0000","elevation":1240,"source_type":11,"duration":1449242,"distance":4581,"elevation_gain":45,"elevation_loss":45},{"version":1,"timestamp":"2022-06-21 16:34:35 +0000","elevation":1240,"source_type":11,"duration":1451240,"distance":4587,"elevation_gain":45,"elevation_loss":45},{"version":1,"timestamp":"2022-06-21 16:34:36 +0000","elevation":1240,"source_type":11,"duration":1452995,"distance":4593,"elevation_gain":45,"elevation_loss":45},{"version":1,"timestamp":"2022-06-21 16:34:38 +0000","elevation":1240,"source_type":11,"duration":1454750,"distance":4598,"elevation_gain":45,"elevation_loss":45},{"version":1,"timestamp":"2022-06-21 16:34:40 +0000","elevation":1240,"source_type":11,"duration":1456505,"distance":4604,"elevation_gain":45,"elevation_loss":45},{"version":1,"timestamp":"2022-06-21 16:34:42 +0000","elevation":1240,"source_type":11,"duration":1458260,"distance":4610,"elevation_gain":45,"elevation_loss":45},{"version":1,"timestamp":"2022-06-21 16:34:44 +0000","elevation":1240,"source_type":11,"duration":1460003,"distance":4616,"elevation_gain":45,"elevation_loss":45},{"version":1,"timestamp":"2022-06-21 16:34:45 +0000","elevation":1240,"source_type":11,"duration":1461747,"distance":4622,"elevation_gain":45,"elevation_loss":45},{"version":1,"timestamp":"2022-06-21 16:34:47 +0000","elevation":1240,"source_type":11,"duration":1463491,"distance":4628,"elevation_gain":45,"elevation_loss":45},{"version":1,"timestamp":"2022-06-21 16:34:49 +0000","elevation":1240,"source_type":11,"duration":1465235,"distance":4634,"elevation_gain":45,"elevation_loss":45},{"version":1,"timestamp":"2022-06-21 16:34:56 +0000","elevation":1240,"source_type":11,"duration":1472297,"distance":4657,"elevation_gain":45,"elevation_loss":45},{"version":1,"timestamp":"2022-06-21 16:35:03 +0000","elevation":1240,"source_type":11,"duration":1479236,"distance":4682,"elevation_gain":45,"elevation_loss":45},{"version":1,"timestamp":"2022-06-21 16:35:11 +0000","elevation":1240,"source_type":11,"duration":1487251,"distance":4707,"elevation_gain":45,"elevation_loss":45},{"version":1,"timestamp":"2022-06-21 16:35:19 +0000","elevation":1241,"source_type":11,"duration":1495275,"distance":4730,"elevation_gain":46,"elevation_loss":45},{"version":1,"timestamp":"2022-06-21 16:35:27 +0000","elevation":1240,"source_type":11,"duration":1503239,"distance":4754,"elevation_gain":46,"elevation_loss":45},{"version":1,"timestamp":"2022-06-21 16:35:34 +0000","elevation":1240,"source_type":11,"duration":1510235,"distance":4779,"elevation_gain":46,"elevation_loss":45},{"version":1,"timestamp":"2022-06-21 16:35:42 +0000","elevation":1239,"source_type":11,"duration":1518233,"distance":4804,"elevation_gain":46,"elevation_loss":45},{"version":1,"timestamp":"2022-06-21 16:35:50 +0000","elevation":1239,"source_type":11,"duration":1526236,"distance":4829,"elevation_gain":46,"elevation_loss":45},{"version":1,"timestamp":"2022-06-21 16:35:51 +0000","elevation":1239,"source_type":11,"duration":1527229,"distance":4832,"elevation_gain":46,"elevation_loss":45},{"version":1,"timestamp":"2022-06-21 16:35:56 +0000","elevation":1238,"source_type":11,"duration":1532257,"distance":4845,"elevation_gain":46,"elevation_loss":45},{"version":1,"timestamp":"2022-06-21 16:35:57 +0000","elevation":1238,"source_type":11,"duration":1533236,"distance":4848,"elevation_gain":46,"elevation_loss":45},{"version":1,"timestamp":"2022-06-21 16:35:59 +0000","elevation":1238,"source_type":11,"duration":1535288,"distance":4854,"elevation_gain":46,"elevation_loss":45},{"version":1,"timestamp":"2022-06-21 16:36:00 +0000","elevation":1238,"source_type":11,"duration":1536219,"distance":4857,"elevation_gain":46,"elevation_loss":45},{"version":1,"timestamp":"2022-06-21 16:36:01 +0000","elevation":1238,"source_type":11,"duration":1537240,"distance":4860,"elevation_gain":46,"elevation_loss":45},{"version":1,"timestamp":"2022-06-21 16:36:02 +0000","elevation":1238,"source_type":11,"duration":1538239,"distance":4864,"elevation_gain":46,"elevation_loss":45},{"version":1,"timestamp":"2022-06-21 16:36:04 +0000","elevation":1238,"source_type":11,"duration":1540246,"distance":4870,"elevation_gain":46,"elevation_loss":45},{"version":1,"timestamp":"2022-06-21 16:36:05 +0000","elevation":1238,"source_type":11,"duration":1541229,"distance":4873,"elevation_gain":46,"elevation_loss":45},{"version":1,"timestamp":"2022-06-21 16:36:07 +0000","elevation":1238,"source_type":11,"duration":1543242,"distance":4879,"elevation_gain":46,"elevation_loss":45},{"version":1,"timestamp":"2022-06-21 16:36:15 +0000","elevation":1237,"source_type":11,"duration":1551225,"distance":4902,"elevation_gain":46,"elevation_loss":45},{"version":1,"timestamp":"2022-06-21 16:36:22 +0000","elevation":1237,"source_type":11,"duration":1558251,"distance":4925,"elevation_gain":46,"elevation_loss":45},{"version":1,"timestamp":"2022-06-21 16:36:29 +0000","elevation":1237,"source_type":11,"duration":1565235,"distance":4949,"elevation_gain":46,"elevation_loss":45},{"version":1,"timestamp":"2022-06-21 16:36:37 +0000","elevation":1237,"source_type":11,"duration":1573250,"distance":4976,"elevation_gain":46,"elevation_loss":45}]