[{"version":1,"timestamp":"2019-08-02 14:30:51 +0000","elevation":1241,"source_type":11,"duration":4000,"distance":0,"elevation_gain":0,"elevation_loss":0},{"version":1,"timestamp":"2019-08-02 14:31:05 +0000","elevation":1241,"source_type":11,"duration":18000,"distance":22,"elevation_gain":0,"elevation_loss":0},{"version":1,"timestamp":"2019-08-02 14:31:11 +0000","elevation":1242,"source_type":11,"duration":24000,"distance":50,"elevation_gain":0,"elevation_loss":0},{"version":1,"timestamp":"2019-08-02 14:31:17 +0000","elevation":1242,"source_type":11,"duration":30000,"distance":74,"elevation_gain":0,"elevation_loss":0},{"version":1,"timestamp":"2019-08-02 14:31:19 +0000","elevation":1243,"source_type":11,"duration":32000,"distance":83,"elevation_gain":0,"elevation_loss":0},{"version":1,"timestamp":"2019-08-02 14:31:20 +0000","elevation":1243,"source_type":11,"duration":33000,"distance":88,"elevation_gain":0,"elevation_loss":0},{"version":1,"timestamp":"2019-08-02 14:31:23 +0000","elevation":1243,"source_type":11,"duration":36000,"distance":100,"elevation_gain":0,"elevation_loss":0},{"version":1,"timestamp":"2019-08-02 14:31:29 +0000","elevation":1244,"source_type":11,"duration":42000,"distance":125,"elevation_gain":0,"elevation_loss":0},{"version":1,"timestamp":"2019-08-02 14:31:35 +0000","elevation":1244,"source_type":11,"duration":48000,"distance":151,"elevation_gain":0,"elevation_loss":0},{"version":1,"timestamp":"2019-08-02 14:31:41 +0000","elevation":1244,"source_type":11,"duration":54000,"distance":175,"elevation_gain":0,"elevation_loss":0},{"version":1,"timestamp":"2019-08-02 14:31:47 +0000","elevation":1244,"source_type":11,"duration":60000,"distance":199,"elevation_gain":0,"elevation_loss":0},{"version":1,"timestamp":"2019-08-02 14:31:53 +0000","elevation":1244,"source_type":11,"duration":66000,"distance":224,"elevation_gain":0,"elevation_loss":0},{"version":1,"timestamp":"2019-08-02 14:31:59 +0000","elevation":1244,"source_type":11,"duration":72000,"distance":247,"elevation_gain":0,"elevation_loss":0},{"version":1,"timestamp":"2019-08-02 14:32:05 +0000","elevation":1244,"source_type":11,"duration":78000,"distance":272,"elevation_gain":0,"elevation_loss":0},{"version":1,"timestamp":"2019-08-02 14:32:11 +0000","elevation":1245,"source_type":11,"duration":84000,"distance":296,"elevation_gain":0,"elevation_loss":0},{"version":1,"timestamp":"2019-08-02 14:32:17 +0000","elevation":1246,"source_type":11,"duration":90000,"distance":320,"elevation_gain":5,"elevation_loss":0},{"version":1,"timestamp":"2019-08-02 14:32:24 +0000","elevation":1246,"source_type":11,"duration":97000,"distance":345,"elevation_gain":5,"elevation_loss":0},{"version":1,"timestamp":"2019-08-02 14:32:31 +0000","elevation":1246,"source_type":11,"duration":104000,"distance":369,"elevation_gain":5,"elevation_loss":0},{"version":1,"timestamp":"2019-08-02 14:32:38 +0000","elevation":1247,"source_type":11,"duration":111000,"distance":393,"elevation_gain":6,"elevation_loss":0},{"version":1,"timestamp":"2019-08-02 14:32:41 +0000","elevation":1247,"source_type":11,"duration":114000,"distance":397,"elevation_gain":6,"elevation_loss":0},{"version":1,"timestamp":"2019-08-02 14:32:42 +0000","elevation":1247,"source_type":11,"duration":115500,"distance":399,"elevation_gain":6,"elevation_loss":0},{"version":1,"timestamp":"2019-08-02 14:32:44 +0000","elevation":1247,"source_type":11,"duration":117000,"distance":402,"elevation_gain":6,"elevation_loss":0},{"version":1,"timestamp":"2019-08-02 14:32:45 +0000","elevation":1247,"source_type":11,"duration":118500,"distance":406,"elevation_gain":6,"elevation_loss":0},{"version":1,"timestamp":"2019-08-02 14:32:47 +0000","elevation":1247,"source_type":11,"duration":120000,"distance":409,"elevation_gain":6,"elevation_loss":0},{"version":1,"timestamp":"2019-08-02 14:32:51 +0000","elevation":1247,"source_type":11,"duration":124000,"distance":414,"elevation_gain":6,"elevation_loss":0},{"version":1,"timestamp":"2019-08-02 14:32:55 +0000","elevation":1248,"source_type":11,"duration":128000,"distance":419,"elevation_gain":7,"elevation_loss":0},{"version":1,"timestamp":"2019-08-02 14:32:57 +0000","elevation":1248,"source_type":11,"duration":130000,"distance":424,"elevation_gain":7,"elevation_loss":0},{"version":1,"timestamp":"2019-08-02 14:32:59 +0000","elevation":1248,"source_type":11,"duration":132000,"distance":430,"elevation_gain":7,"elevation_loss":0},{"version":1,"timestamp":"2019-08-02 14:33:01 +0000","elevation":1248,"source_type":11,"duration":134000,"distance":437,"elevation_gain":7,"elevation_loss":0},{"version":1,"timestamp":"2019-08-02 14:33:03 +0000","elevation":1248,"source_type":11,"duration":136000,"distance":443,"elevation_gain":7,"elevation_loss":0},{"version":1,"timestamp":"2019-08-02 14:33:04 +0000","elevation":1249,"source_type":11,"duration":137750,"distance":450,"elevation_gain":8,"elevation_loss":0},{"version":1,"timestamp":"2019-08-02 14:33:06 +0000","elevation":1249,"source_type":11,"duration":139500,"distance":456,"elevation_gain":8,"elevation_loss":0},{"version":1,"timestamp":"2019-08-02 14:33:08 +0000","elevation":1249,"source_type":11,"duration":141250,"distance":463,"elevation_gain":8,"elevation_loss":0},{"version":1,"timestamp":"2019-08-02 14:33:10 +0000","elevation":1249,"source_type":11,"duration":143000,"distance":469,"elevation_gain":8,"elevation_loss":0},{"version":1,"timestamp":"2019-08-02 14:33:11 +0000","elevation":1249,"source_type":11,"duration":144750,"distance":476,"elevation_gain":8,"elevation_loss":0},{"version":1,"timestamp":"2019-08-02 14:33:13 +0000","elevation":1250,"source_type":11,"duration":146500,"distance":482,"elevation_gain":9,"elevation_loss":0},{"version":1,"timestamp":"2019-08-02 14:33:15 +0000","elevation":1250,"source_type":11,"duration":148250,"distance":489,"elevation_gain":9,"elevation_loss":0},{"version":1,"timestamp":"2019-08-02 14:33:17 +0000","elevation":1250,"source_type":11,"duration":150000,"distance":496,"elevation_gain":9,"elevation_loss":0},{"version":1,"timestamp":"2019-08-02 14:33:18 +0000","elevation":1250,"source_type":11,"duration":151500,"distance":502,"elevation_gain":9,"elevation_loss":0},{"version":1,"timestamp":"2019-08-02 14:33:20 +0000","elevation":1250,"source_type":11,"duration":153000,"distance":508,"elevation_gain":9,"elevation_loss":0},{"version":1,"timestamp":"2019-08-02 14:33:21 +0000","elevation":1250,"source_type":11,"duration":154500,"distance":514,"elevation_gain":9,"elevation_loss":0},{"version":1,"timestamp":"2019-08-02 14:33:23 +0000","elevation":1250,"source_type":11,"duration":156000,"distance":520,"elevation_gain":9,"elevation_loss":0},{"version":1,"timestamp":"2019-08-02 14:33:24 +0000","elevation":1250,"source_type":11,"duration":157750,"distance":526,"elevation_gain":9,"elevation_loss":0},{"version":1,"timestamp":"2019-08-02 14:33:26 +0000","elevation":1250,"source_type":11,"duration":159500,"distance":533,"elevation_gain":9,"elevation_loss":0},{"version":1,"timestamp":"2019-08-02 14:33:28 +0000","elevation":1250,"source_type":11,"duration":161250,"distance":539,"elevation_gain":9,"elevation_loss":0},{"version":1,"timestamp":"2019-08-02 14:33:30 +0000","elevation":1250,"source_type":11,"duration":163000,"distance":546,"elevation_gain":9,"elevation_loss":0},{"version":1,"timestamp":"2019-08-02 14:33:37 +0000","elevation":1251,"source_type":11,"duration":170000,"distance":570,"elevation_gain":10,"elevation_loss":0},{"version":1,"timestamp":"2019-08-02 14:33:43 +0000","elevation":1251,"source_type":11,"duration":176000,"distance":594,"elevation_gain":10,"elevation_loss":0},{"version":1,"timestamp":"2019-08-02 14:33:49 +0000","elevation":1251,"source_type":11,"duration":182000,"distance":620,"elevation_gain":10,"elevation_loss":0},{"version":1,"timestamp":"2019-08-02 14:33:55 +0000","elevation":1252,"source_type":11,"duration":188000,"distance":643,"elevation_gain":11,"elevation_loss":0},{"version":1,"timestamp":"2019-08-02 14:34:01 +0000","elevation":1252,"source_type":11,"duration":194000,"distance":667,"elevation_gain":11,"elevation_loss":0},{"version":1,"timestamp":"2019-08-02 14:34:07 +0000","elevation":1253,"source_type":11,"duration":200000,"distance":691,"elevation_gain":12,"elevation_loss":0},{"version":1,"timestamp":"2019-08-02 14:34:14 +0000","elevation":1253,"source_type":11,"duration":207000,"distance":716,"elevation_gain":12,"elevation_loss":0},{"version":1,"timestamp":"2019-08-02 14:57:45 +0000","elevation":1255,"source_type":11,"duration":216672,"distance":716,"elevation_gain":14,"elevation_loss":0},{"version":1,"timestamp":"2019-08-02 14:57:59 +0000","elevation":1256,"source_type":11,"duration":230672,"distance":739,"elevation_gain":15,"elevation_loss":0},{"version":1,"timestamp":"2019-08-02 14:58:06 +0000","elevation":1256,"source_type":11,"duration":237672,"distance":763,"elevation_gain":15,"elevation_loss":0},{"version":1,"timestamp":"2019-08-02 14:58:09 +0000","elevation":1256,"source_type":11,"duration":241172,"distance":776,"elevation_gain":15,"elevation_loss":0},{"version":1,"timestamp":"2019-08-02 14:58:13 +0000","elevation":1256,"source_type":11,"duration":244672,"distance":789,"elevation_gain":15,"elevation_loss":0},{"version":1,"timestamp":"2019-08-02 14:58:14 +0000","elevation":1256,"source_type":11,"duration":246422,"distance":795,"elevation_gain":15,"elevation_loss":0},{"version":1,"timestamp":"2019-08-02 14:58:16 +0000","elevation":1256,"source_type":11,"duration":248172,"distance":801,"elevation_gain":15,"elevation_loss":0},{"version":1,"timestamp":"2019-08-02 14:58:18 +0000","elevation":1256,"source_type":11,"duration":249922,"distance":808,"elevation_gain":15,"elevation_loss":0},{"version":1,"timestamp":"2019-08-02 14:58:20 +0000","elevation":1256,"source_type":11,"duration":251672,"distance":815,"elevation_gain":15,"elevation_loss":0},{"version":1,"timestamp":"2019-08-02 14:58:20 +0000","elevation":1256,"source_type":11,"duration":252422,"distance":819,"elevation_gain":15,"elevation_loss":0},{"version":1,"timestamp":"2019-08-02 14:58:21 +0000","elevation":1256,"source_type":11,"duration":253172,"distance":822,"elevation_gain":15,"elevation_loss":0},{"version":1,"timestamp":"2019-08-02 14:58:22 +0000","elevation":1256,"source_type":11,"duration":253922,"distance":825,"elevation_gain":15,"elevation_loss":0},{"version":1,"timestamp":"2019-08-02 14:58:23 +0000","elevation":1256,"source_type":11,"duration":254672,"distance":827,"elevation_gain":15,"elevation_loss":0},{"version":1,"timestamp":"2019-08-02 14:58:24 +0000","elevation":1256,"source_type":11,"duration":255672,"distance":831,"elevation_gain":15,"elevation_loss":0},{"version":1,"timestamp":"2019-08-02 14:58:25 +0000","elevation":1256,"source_type":11,"duration":256672,"distance":834,"elevation_gain":15,"elevation_loss":0},{"version":1,"timestamp":"2019-08-02 14:58:26 +0000","elevation":1256,"source_type":11,"duration":257672,"distance":838,"elevation_gain":15,"elevation_loss":0},{"version":1,"timestamp":"2019-08-02 14:58:27 +0000","elevation":1256,"source_type":11,"duration":258672,"distance":842,"elevation_gain":15,"elevation_loss":0},{"version":1,"timestamp":"2019-08-02 14:58:27 +0000","elevation":1256,"source_type":11,"duration":259422,"distance":846,"elevation_gain":15,"elevation_loss":0},{"version":1,"timestamp":"2019-08-02 14:58:28 +0000","elevation":1256,"source_type":11,"duration":260172,"distance":849,"elevation_gain":15,"elevation_loss":0},{"version":1,"timestamp":"2019-08-02 14:58:29 +0000","elevation":1256,"source_type":11,"duration":260922,"distance":852,"elevation_gain":15,"elevation_loss":0},{"version":1,"timestamp":"2019-08-02 14:58:30 +0000","elevation":1256,"source_type":11,"duration":261672,"distance":855,"elevation_gain":15,"elevation_loss":0},{"version":1,"timestamp":"2019-08-02 14:58:30 +0000","elevation":1256,"source_type":11,"duration":262422,"distance":858,"elevation_gain":15,"elevation_loss":0},{"version":1,"timestamp":"2019-08-02 14:58:31 +0000","elevation":1256,"source_type":11,"duration":263172,"distance":861,"elevation_gain":15,"elevation_loss":0},{"version":1,"timestamp":"2019-08-02 14:58:32 +0000","elevation":1256,"source_type":11,"duration":263922,"distance":864,"elevation_gain":15,"elevation_loss":0},{"version":1,"timestamp":"2019-08-02 14:58:33 +0000","elevation":1256,"source_type":11,"duration":264672,"distance":867,"elevation_gain":15,"elevation_loss":0},{"version":1,"timestamp":"2019-08-02 14:58:34 +0000","elevation":1256,"source_type":11,"duration":265672,"distance":870,"elevation_gain":15,"elevation_loss":0},{"version":1,"timestamp":"2019-08-02 14:58:35 +0000","elevation":1256,"source_type":11,"duration":266672,"distance":874,"elevation_gain":15,"elevation_loss":0},{"version":1,"timestamp":"2019-08-02 14:58:36 +0000","elevation":1256,"source_type":11,"duration":267672,"distance":878,"elevation_gain":15,"elevation_loss":0},{"version":1,"timestamp":"2019-08-02 14:58:37 +0000","elevation":1256,"source_type":11,"duration":268672,"distance":882,"elevation_gain":15,"elevation_loss":0},{"version":1,"timestamp":"2019-08-02 14:58:40 +0000","elevation":1256,"source_type":11,"duration":271672,"distance":893,"elevation_gain":15,"elevation_loss":0},{"version":1,"timestamp":"2019-08-02 14:58:47 +0000","elevation":1256,"source_type":11,"duration":278672,"distance":917,"elevation_gain":15,"elevation_loss":0},{"version":1,"timestamp":"2019-08-02 14:58:48 +0000","elevation":1256,"source_type":11,"duration":280172,"distance":923,"elevation_gain":15,"elevation_loss":0},{"version":1,"timestamp":"2019-08-02 14:58:50 +0000","elevation":1257,"source_type":11,"duration":281672,"distance":927,"elevation_gain":16,"elevation_loss":0},{"version":1,"timestamp":"2019-08-02 14:58:51 +0000","elevation":1257,"source_type":11,"duration":282672,"distance":930,"elevation_gain":16,"elevation_loss":0},{"version":1,"timestamp":"2019-08-02 14:58:52 +0000","elevation":1257,"source_type":11,"duration":283672,"distance":934,"elevation_gain":16,"elevation_loss":0},{"version":1,"timestamp":"2019-08-02 14:58:53 +0000","elevation":1257,"source_type":11,"duration":284672,"distance":938,"elevation_gain":16,"elevation_loss":0},{"version":1,"timestamp":"2019-08-02 14:58:54 +0000","elevation":1257,"source_type":11,"duration":285672,"distance":943,"elevation_gain":16,"elevation_loss":0},{"version":1,"timestamp":"2019-08-02 14:58:55 +0000","elevation":1258,"source_type":11,"duration":287422,"distance":948,"elevation_gain":17,"elevation_loss":0},{"version":1,"timestamp":"2019-08-02 14:58:57 +0000","elevation":1258,"source_type":11,"duration":289172,"distance":955,"elevation_gain":17,"elevation_loss":0},{"version":1,"timestamp":"2019-08-02 14:58:59 +0000","elevation":1258,"source_type":11,"duration":290922,"distance":962,"elevation_gain":17,"elevation_loss":0},{"version":1,"timestamp":"2019-08-02 14:59:01 +0000","elevation":1258,"source_type":11,"duration":292672,"distance":969,"elevation_gain":17,"elevation_loss":0},{"version":1,"timestamp":"2019-08-02 14:59:02 +0000","elevation":1259,"source_type":11,"duration":294422,"distance":976,"elevation_gain":18,"elevation_loss":0},{"version":1,"timestamp":"2019-08-02 14:59:04 +0000","elevation":1259,"source_type":11,"duration":296172,"distance":983,"elevation_gain":18,"elevation_loss":0},{"version":1,"timestamp":"2019-08-02 14:59:06 +0000","elevation":1259,"source_type":11,"duration":297922,"distance":990,"elevation_gain":18,"elevation_loss":0},{"version":1,"timestamp":"2019-08-02 14:59:08 +0000","elevation":1259,"source_type":11,"duration":299672,"distance":997,"elevation_gain":18,"elevation_loss":0},{"version":1,"timestamp":"2019-08-02 14:59:09 +0000","elevation":1259,"source_type":11,"duration":301172,"distance":1003,"elevation_gain":18,"elevation_loss":0},{"version":1,"timestamp":"2019-08-02 14:59:11 +0000","elevation":1259,"source_type":11,"duration":302672,"distance":1009,"elevation_gain":18,"elevation_loss":0},{"version":1,"timestamp":"2019-08-02 14:59:12 +0000","elevation":1259,"source_type":11,"duration":304172,"distance":1015,"elevation_gain":18,"elevation_loss":0},{"version":1,"timestamp":"2019-08-02 14:59:14 +0000","elevation":1259,"source_type":11,"duration":305672,"distance":1021,"elevation_gain":18,"elevation_loss":0},{"version":1,"timestamp":"2019-08-02 14:59:15 +0000","elevation":1259,"source_type":11,"duration":307422,"distance":1027,"elevation_gain":18,"elevation_loss":0},{"version":1,"timestamp":"2019-08-02 14:59:17 +0000","elevation":1259,"source_type":11,"duration":309172,"distance":1034,"elevation_gain":18,"elevation_loss":0},{"version":1,"timestamp":"2019-08-02 14:59:19 +0000","elevation":1259,"source_type":11,"duration":310922,"distance":1041,"elevation_gain":18,"elevation_loss":0},{"version":1,"timestamp":"2019-08-02 14:59:21 +0000","elevation":1259,"source_type":11,"duration":312672,"distance":1047,"elevation_gain":18,"elevation_loss":0},{"version":1,"timestamp":"2019-08-02 14:59:22 +0000","elevation":1259,"source_type":11,"duration":313672,"distance":1052,"elevation_gain":18,"elevation_loss":0},{"version":1,"timestamp":"2019-08-02 14:59:23 +0000","elevation":1259,"source_type":11,"duration":314672,"distance":1056,"elevation_gain":18,"elevation_loss":0},{"version":1,"timestamp":"2019-08-02 14:59:24 +0000","elevation":1259,"source_type":11,"duration":315672,"distance":1059,"elevation_gain":18,"elevation_loss":0},{"version":1,"timestamp":"2019-08-02 14:59:25 +0000","elevation":1259,"source_type":11,"duration":316672,"distance":1062,"elevation_gain":18,"elevation_loss":0},{"version":1,"timestamp":"2019-08-02 14:59:25 +0000","elevation":1259,"source_type":11,"duration":317422,"distance":1065,"elevation_gain":18,"elevation_loss":0},{"version":1,"timestamp":"2019-08-02 14:59:26 +0000","elevation":1259,"source_type":11,"duration":318172,"distance":1068,"elevation_gain":18,"elevation_loss":0},{"version":1,"timestamp":"2019-08-02 14:59:27 +0000","elevation":1259,"source_type":11,"duration":318922,"distance":1071,"elevation_gain":18,"elevation_loss":0},{"version":1,"timestamp":"2019-08-02 14:59:28 +0000","elevation":1259,"source_type":11,"duration":319672,"distance":1074,"elevation_gain":18,"elevation_loss":0},{"version":1,"timestamp":"2019-08-02 14:59:29 +0000","elevation":1259,"source_type":11,"duration":321172,"distance":1079,"elevation_gain":18,"elevation_loss":0},{"version":1,"timestamp":"2019-08-02 14:59:31 +0000","elevation":1259,"source_type":11,"duration":322672,"distance":1084,"elevation_gain":18,"elevation_loss":0},{"version":1,"timestamp":"2019-08-02 14:59:32 +0000","elevation":1259,"source_type":11,"duration":324172,"distance":1091,"elevation_gain":18,"elevation_loss":0},{"version":1,"timestamp":"2019-08-02 14:59:34 +0000","elevation":1259,"source_type":11,"duration":325672,"distance":1097,"elevation_gain":18,"elevation_loss":0},{"version":1,"timestamp":"2019-08-02 14:59:35 +0000","elevation":1259,"source_type":11,"duration":327422,"distance":1103,"elevation_gain":18,"elevation_loss":0},{"version":1,"timestamp":"2019-08-02 14:59:37 +0000","elevation":1259,"source_type":11,"duration":329172,"distance":1110,"elevation_gain":18,"elevation_loss":0},{"version":1,"timestamp":"2019-08-02 14:59:39 +0000","elevation":1259,"source_type":11,"duration":330922,"distance":1116,"elevation_gain":18,"elevation_loss":0},{"version":1,"timestamp":"2019-08-02 14:59:41 +0000","elevation":1259,"source_type":11,"duration":332672,"distance":1123,"elevation_gain":18,"elevation_loss":0},{"version":1,"timestamp":"2019-08-02 14:59:42 +0000","elevation":1259,"source_type":11,"duration":334422,"distance":1129,"elevation_gain":18,"elevation_loss":0},{"version":1,"timestamp":"2019-08-02 14:59:44 +0000","elevation":1259,"source_type":11,"duration":336172,"distance":1136,"elevation_gain":18,"elevation_loss":0},{"version":1,"timestamp":"2019-08-02 14:59:46 +0000","elevation":1259,"source_type":11,"duration":337922,"distance":1143,"elevation_gain":18,"elevation_loss":0},{"version":1,"timestamp":"2019-08-02 14:59:48 +0000","elevation":1259,"source_type":11,"duration":339672,"distance":1150,"elevation_gain":18,"elevation_loss":0},{"version":1,"timestamp":"2019-08-02 14:59:49 +0000","elevation":1259,"source_type":11,"duration":341172,"distance":1156,"elevation_gain":18,"elevation_loss":0},{"version":1,"timestamp":"2019-08-02 14:59:51 +0000","elevation":1259,"source_type":11,"duration":342672,"distance":1161,"elevation_gain":18,"elevation_loss":0},{"version":1,"timestamp":"2019-08-02 14:59:52 +0000","elevation":1259,"source_type":11,"duration":344172,"distance":1167,"elevation_gain":18,"elevation_loss":0},{"version":1,"timestamp":"2019-08-02 14:59:54 +0000","elevation":1259,"source_type":11,"duration":345672,"distance":1173,"elevation_gain":18,"elevation_loss":0},{"version":1,"timestamp":"2019-08-02 14:59:55 +0000","elevation":1259,"source_type":11,"duration":347422,"distance":1179,"elevation_gain":18,"elevation_loss":0},{"version":1,"timestamp":"2019-08-02 14:59:57 +0000","elevation":1259,"source_type":11,"duration":349172,"distance":1186,"elevation_gain":18,"elevation_loss":0},{"version":1,"timestamp":"2019-08-02 14:59:59 +0000","elevation":1259,"source_type":11,"duration":350922,"distance":1192,"elevation_gain":18,"elevation_loss":0},{"version":1,"timestamp":"2019-08-02 15:00:01 +0000","elevation":1259,"source_type":11,"duration":352672,"distance":1199,"elevation_gain":18,"elevation_loss":0},{"version":1,"timestamp":"2019-08-02 15:00:02 +0000","elevation":1259,"source_type":11,"duration":354422,"distance":1205,"elevation_gain":18,"elevation_loss":0},{"version":1,"timestamp":"2019-08-02 15:00:04 +0000","elevation":1259,"source_type":11,"duration":356172,"distance":1212,"elevation_gain":18,"elevation_loss":0},{"version":1,"timestamp":"2019-08-02 15:00:06 +0000","elevation":1259,"source_type":11,"duration":357922,"distance":1218,"elevation_gain":18,"elevation_loss":0},{"version":1,"timestamp":"2019-08-02 15:00:08 +0000","elevation":1259,"source_type":11,"duration":359672,"distance":1225,"elevation_gain":18,"elevation_loss":0},{"version":1,"timestamp":"2019-08-02 15:00:15 +0000","elevation":1259,"source_type":11,"duration":366672,"distance":1250,"elevation_gain":18,"elevation_loss":0},{"version":1,"timestamp":"2019-08-02 15:00:22 +0000","elevation":1259,"source_type":11,"duration":373672,"distance":1275,"elevation_gain":18,"elevation_loss":0},{"version":1,"timestamp":"2019-08-02 15:00:29 +0000","elevation":1259,"source_type":11,"duration":380672,"distance":1298,"elevation_gain":18,"elevation_loss":0},{"version":1,"timestamp":"2019-08-02 15:00:37 +0000","elevation":1259,"source_type":11,"duration":388672,"distance":1324,"elevation_gain":18,"elevation_loss":0},{"version":1,"timestamp":"2019-08-02 15:00:40 +0000","elevation":1259,"source_type":11,"duration":391672,"distance":1334,"elevation_gain":18,"elevation_loss":0},{"version":1,"timestamp":"2019-08-02 15:00:42 +0000","elevation":1259,"source_type":11,"duration":393672,"distance":1341,"elevation_gain":18,"elevation_loss":0},{"version":1,"timestamp":"2019-08-02 15:00:44 +0000","elevation":1259,"source_type":11,"duration":395672,"distance":1348,"elevation_gain":18,"elevation_loss":0},{"version":1,"timestamp":"2019-08-02 15:00:45 +0000","elevation":1259,"source_type":11,"duration":396672,"distance":1351,"elevation_gain":18,"elevation_loss":0},{"version":1,"timestamp":"2019-08-02 15:00:46 +0000","elevation":1259,"source_type":11,"duration":397672,"distance":1355,"elevation_gain":18,"elevation_loss":0},{"version":1,"timestamp":"2019-08-02 15:00:49 +0000","elevation":1259,"source_type":11,"duration":400672,"distance":1366,"elevation_gain":18,"elevation_loss":0},{"version":1,"timestamp":"2019-08-02 15:00:51 +0000","elevation":1259,"source_type":11,"duration":402672,"distance":1373,"elevation_gain":18,"elevation_loss":0},{"version":1,"timestamp":"2019-08-02 15:00:52 +0000","elevation":1259,"source_type":11,"duration":403672,"distance":1376,"elevation_gain":18,"elevation_loss":0},{"version":1,"timestamp":"2019-08-02 15:00:53 +0000","elevation":1259,"source_type":11,"duration":404672,"distance":1380,"elevation_gain":18,"elevation_loss":0},{"version":1,"timestamp":"2019-08-02 15:00:54 +0000","elevation":1259,"source_type":11,"duration":405672,"distance":1383,"elevation_gain":18,"elevation_loss":0},{"version":1,"timestamp":"2019-08-02 15:00:55 +0000","elevation":1259,"source_type":11,"duration":406672,"distance":1386,"elevation_gain":18,"elevation_loss":0},{"version":1,"timestamp":"2019-08-02 15:00:56 +0000","elevation":1259,"source_type":11,"duration":407672,"distance":1390,"elevation_gain":18,"elevation_loss":0},{"version":1,"timestamp":"2019-08-02 15:01:01 +0000","elevation":1259,"source_type":11,"duration":412672,"distance":1409,"elevation_gain":18,"elevation_loss":0},{"version":1,"timestamp":"2019-08-02 15:01:06 +0000","elevation":1259,"source_type":11,"duration":417672,"distance":1426,"elevation_gain":18,"elevation_loss":0},{"version":1,"timestamp":"2019-08-02 15:01:07 +0000","elevation":1259,"source_type":11,"duration":418672,"distance":1430,"elevation_gain":18,"elevation_loss":0},{"version":1,"timestamp":"2019-08-02 15:01:08 +0000","elevation":1259,"source_type":11,"duration":419672,"distance":1432,"elevation_gain":18,"elevation_loss":0},{"version":1,"timestamp":"2019-08-02 15:01:09 +0000","elevation":1259,"source_type":11,"duration":421172,"distance":1436,"elevation_gain":18,"elevation_loss":0},{"version":1,"timestamp":"2019-08-02 15:01:11 +0000","elevation":1259,"source_type":11,"duration":422672,"distance":1441,"elevation_gain":18,"elevation_loss":0},{"version":1,"timestamp":"2019-08-02 15:01:12 +0000","elevation":1259,"source_type":11,"duration":424172,"distance":1446,"elevation_gain":18,"elevation_loss":0},{"version":1,"timestamp":"2019-08-02 15:01:14 +0000","elevation":1259,"source_type":11,"duration":425672,"distance":1452,"elevation_gain":18,"elevation_loss":0},{"version":1,"timestamp":"2019-08-02 15:01:15 +0000","elevation":1259,"source_type":11,"duration":427422,"distance":1457,"elevation_gain":18,"elevation_loss":0},{"version":1,"timestamp":"2019-08-02 15:01:17 +0000","elevation":1259,"source_type":11,"duration":429172,"distance":1463,"elevation_gain":18,"elevation_loss":0},{"version":1,"timestamp":"2019-08-02 15:01:19 +0000","elevation":1259,"source_type":11,"duration":430922,"distance":1470,"elevation_gain":18,"elevation_loss":0},{"version":1,"timestamp":"2019-08-02 15:01:21 +0000","elevation":1259,"source_type":11,"duration":432672,"distance":1476,"elevation_gain":18,"elevation_loss":0},{"version":1,"timestamp":"2019-08-02 15:01:23 +0000","elevation":1259,"source_type":11,"duration":435422,"distance":1485,"elevation_gain":18,"elevation_loss":0},{"version":1,"timestamp":"2019-08-02 15:01:26 +0000","elevation":1258,"source_type":11,"duration":438172,"distance":1495,"elevation_gain":18,"elevation_loss":0},{"version":1,"timestamp":"2019-08-02 15:01:29 +0000","elevation":1258,"source_type":11,"duration":440922,"distance":1505,"elevation_gain":18,"elevation_loss":0},{"version":1,"timestamp":"2019-08-02 15:01:32 +0000","elevation":1259,"source_type":11,"duration":443672,"distance":1516,"elevation_gain":18,"elevation_loss":0},{"version":1,"timestamp":"2019-08-02 15:01:34 +0000","elevation":1259,"source_type":11,"duration":445922,"distance":1525,"elevation_gain":18,"elevation_loss":0},{"version":1,"timestamp":"2019-08-02 15:01:36 +0000","elevation":1259,"source_type":11,"duration":448172,"distance":1533,"elevation_gain":18,"elevation_loss":0},{"version":1,"timestamp":"2019-08-02 15:01:38 +0000","elevation":1259,"source_type":11,"duration":450422,"distance":1540,"elevation_gain":18,"elevation_loss":0},{"version":1,"timestamp":"2019-08-02 15:01:41 +0000","elevation":1259,"source_type":11,"duration":452672,"distance":1548,"elevation_gain":18,"elevation_loss":0},{"version":1,"timestamp":"2019-08-02 15:01:41 +0000","elevation":1259,"source_type":11,"duration":453422,"distance":1552,"elevation_gain":18,"elevation_loss":0},{"version":1,"timestamp":"2019-08-02 15:01:42 +0000","elevation":1259,"source_type":11,"duration":454172,"distance":1555,"elevation_gain":18,"elevation_loss":0},{"version":1,"timestamp":"2019-08-02 15:01:43 +0000","elevation":1259,"source_type":11,"duration":454922,"distance":1557,"elevation_gain":18,"elevation_loss":0},{"version":1,"timestamp":"2019-08-02 15:01:44 +0000","elevation":1259,"source_type":11,"duration":455672,"distance":1558,"elevation_gain":18,"elevation_loss":0},{"version":1,"timestamp":"2019-08-02 15:01:47 +0000","elevation":1259,"source_type":11,"duration":458672,"distance":1569,"elevation_gain":18,"elevation_loss":0},{"version":1,"timestamp":"2019-08-02 15:01:51 +0000","elevation":1259,"source_type":11,"duration":462672,"distance":1584,"elevation_gain":18,"elevation_loss":0},{"version":1,"timestamp":"2019-08-02 15:01:56 +0000","elevation":1259,"source_type":11,"duration":467672,"distance":1601,"elevation_gain":18,"elevation_loss":0},{"version":1,"timestamp":"2019-08-02 15:02:09 +0000","elevation":1260,"source_type":11,"duration":480672,"distance":1640,"elevation_gain":19,"elevation_loss":0},{"version":1,"timestamp":"2019-08-02 15:02:39 +0000","elevation":1260,"source_type":11,"duration":510672,"distance":1673,"elevation_gain":19,"elevation_loss":0},{"version":1,"timestamp":"2019-08-02 15:02:53 +0000","elevation":1260,"source_type":11,"duration":524672,"distance":1694,"elevation_gain":19,"elevation_loss":0}]