[{"version":1,"timestamp":"2022-06-25 16:07:28 +0000","elevation":1240,"source_type":11,"duration":2518,"distance":0,"elevation_gain":0,"elevation_loss":0},{"version":1,"timestamp":"2022-06-25 16:07:36 +0000","elevation":1240,"source_type":11,"duration":10496,"distance":23,"elevation_gain":0,"elevation_loss":0},{"version":1,"timestamp":"2022-06-25 16:07:43 +0000","elevation":1240,"source_type":11,"duration":17509,"distance":49,"elevation_gain":0,"elevation_loss":0},{"version":1,"timestamp":"2022-06-25 16:07:50 +0000","elevation":1240,"source_type":11,"duration":24526,"distance":75,"elevation_gain":0,"elevation_loss":0},{"version":1,"timestamp":"2022-06-25 16:07:57 +0000","elevation":1240,"source_type":11,"duration":31507,"distance":102,"elevation_gain":0,"elevation_loss":0},{"version":1,"timestamp":"2022-06-25 16:08:03 +0000","elevation":1240,"source_type":11,"duration":37511,"distance":127,"elevation_gain":0,"elevation_loss":0},{"version":1,"timestamp":"2022-06-25 16:08:09 +0000","elevation":1240,"source_type":11,"duration":43509,"distance":152,"elevation_gain":0,"elevation_loss":0},{"version":1,"timestamp":"2022-06-25 16:08:15 +0000","elevation":1240,"source_type":11,"duration":49522,"distance":175,"elevation_gain":0,"elevation_loss":0},{"version":1,"timestamp":"2022-06-25 16:08:22 +0000","elevation":1240,"source_type":11,"duration":56502,"distance":201,"elevation_gain":0,"elevation_loss":0},{"version":1,"timestamp":"2022-06-25 16:08:29 +0000","elevation":1241,"source_type":11,"duration":63512,"distance":225,"elevation_gain":0,"elevation_loss":0},{"version":1,"timestamp":"2022-06-25 16:08:36 +0000","elevation":1240,"source_type":11,"duration":70518,"distance":251,"elevation_gain":0,"elevation_loss":0},{"version":1,"timestamp":"2022-06-25 16:08:41 +0000","elevation":1240,"source_type":11,"duration":75513,"distance":270,"elevation_gain":0,"elevation_loss":0},{"version":1,"timestamp":"2022-06-25 16:08:43 +0000","elevation":1240,"source_type":11,"duration":77511,"distance":278,"elevation_gain":0,"elevation_loss":0},{"version":1,"timestamp":"2022-06-25 16:08:45 +0000","elevation":1240,"source_type":11,"duration":79518,"distance":286,"elevation_gain":0,"elevation_loss":0},{"version":1,"timestamp":"2022-06-25 16:08:47 +0000","elevation":1240,"source_type":11,"duration":81513,"distance":293,"elevation_gain":0,"elevation_loss":0},{"version":1,"timestamp":"2022-06-25 16:08:48 +0000","elevation":1240,"source_type":11,"duration":82503,"distance":297,"elevation_gain":0,"elevation_loss":0},{"version":1,"timestamp":"2022-06-25 16:08:50 +0000","elevation":1240,"source_type":11,"duration":84513,"distance":304,"elevation_gain":0,"elevation_loss":0},{"version":1,"timestamp":"2022-06-25 16:08:51 +0000","elevation":1239,"source_type":11,"duration":85506,"distance":307,"elevation_gain":0,"elevation_loss":0},{"version":1,"timestamp":"2022-06-25 16:08:52 +0000","elevation":1239,"source_type":11,"duration":86510,"distance":311,"elevation_gain":0,"elevation_loss":0},{"version":1,"timestamp":"2022-06-25 16:08:53 +0000","elevation":1239,"source_type":11,"duration":87502,"distance":314,"elevation_gain":0,"elevation_loss":0},{"version":1,"timestamp":"2022-06-25 16:08:54 +0000","elevation":1239,"source_type":11,"duration":88536,"distance":318,"elevation_gain":0,"elevation_loss":0},{"version":1,"timestamp":"2022-06-25 16:08:55 +0000","elevation":1239,"source_type":11,"duration":89514,"distance":322,"elevation_gain":0,"elevation_loss":0},{"version":1,"timestamp":"2022-06-25 16:08:57 +0000","elevation":1239,"source_type":11,"duration":91502,"distance":328,"elevation_gain":0,"elevation_loss":0},{"version":1,"timestamp":"2022-06-25 16:09:05 +0000","elevation":1238,"source_type":11,"duration":99515,"distance":354,"elevation_gain":0,"elevation_loss":0},{"version":1,"timestamp":"2022-06-25 16:09:12 +0000","elevation":1238,"source_type":11,"duration":106533,"distance":378,"elevation_gain":0,"elevation_loss":0},{"version":1,"timestamp":"2022-06-25 16:09:19 +0000","elevation":1238,"source_type":11,"duration":113510,"distance":403,"elevation_gain":0,"elevation_loss":0},{"version":1,"timestamp":"2022-06-25 16:09:26 +0000","elevation":1237,"source_type":11,"duration":120516,"distance":430,"elevation_gain":0,"elevation_loss":0},{"version":1,"timestamp":"2022-06-25 16:09:33 +0000","elevation":1237,"source_type":11,"duration":127512,"distance":458,"elevation_gain":0,"elevation_loss":0},{"version":1,"timestamp":"2022-06-25 16:09:40 +0000","elevation":1237,"source_type":11,"duration":134522,"distance":485,"elevation_gain":0,"elevation_loss":0},{"version":1,"timestamp":"2022-06-25 16:09:43 +0000","elevation":1237,"source_type":11,"duration":137501,"distance":494,"elevation_gain":0,"elevation_loss":0},{"version":1,"timestamp":"2022-06-25 16:09:44 +0000","elevation":1237,"source_type":11,"duration":138014,"distance":496,"elevation_gain":0,"elevation_loss":0},{"version":1,"timestamp":"2022-06-25 16:09:44 +0000","elevation":1237,"source_type":11,"duration":138528,"distance":498,"elevation_gain":0,"elevation_loss":0},{"version":1,"timestamp":"2022-06-25 16:09:45 +0000","elevation":1238,"source_type":11,"duration":139777,"distance":501,"elevation_gain":0,"elevation_loss":0},{"version":1,"timestamp":"2022-06-25 16:09:47 +0000","elevation":1238,"source_type":11,"duration":141026,"distance":505,"elevation_gain":0,"elevation_loss":0},{"version":1,"timestamp":"2022-06-25 16:09:48 +0000","elevation":1238,"source_type":11,"duration":142275,"distance":510,"elevation_gain":0,"elevation_loss":0},{"version":1,"timestamp":"2022-06-25 16:09:49 +0000","elevation":1238,"source_type":11,"duration":143525,"distance":515,"elevation_gain":0,"elevation_loss":0},{"version":1,"timestamp":"2022-06-25 16:09:50 +0000","elevation":1238,"source_type":11,"duration":144024,"distance":518,"elevation_gain":0,"elevation_loss":0},{"version":1,"timestamp":"2022-06-25 16:09:50 +0000","elevation":1238,"source_type":11,"duration":144524,"distance":519,"elevation_gain":0,"elevation_loss":0},{"version":1,"timestamp":"2022-06-25 16:09:51 +0000","elevation":1238,"source_type":11,"duration":145023,"distance":521,"elevation_gain":0,"elevation_loss":0},{"version":1,"timestamp":"2022-06-25 16:09:51 +0000","elevation":1238,"source_type":11,"duration":145523,"distance":522,"elevation_gain":0,"elevation_loss":0},{"version":1,"timestamp":"2022-06-25 16:09:53 +0000","elevation":1238,"source_type":11,"duration":147021,"distance":525,"elevation_gain":0,"elevation_loss":0},{"version":1,"timestamp":"2022-06-25 16:09:54 +0000","elevation":1239,"source_type":11,"duration":148519,"distance":530,"elevation_gain":0,"elevation_loss":0},{"version":1,"timestamp":"2022-06-25 16:09:56 +0000","elevation":1239,"source_type":11,"duration":150017,"distance":535,"elevation_gain":0,"elevation_loss":0},{"version":1,"timestamp":"2022-06-25 16:09:57 +0000","elevation":1239,"source_type":11,"duration":151515,"distance":541,"elevation_gain":0,"elevation_loss":0},{"version":1,"timestamp":"2022-06-25 16:09:59 +0000","elevation":1239,"source_type":11,"duration":153266,"distance":546,"elevation_gain":0,"elevation_loss":0},{"version":1,"timestamp":"2022-06-25 16:10:01 +0000","elevation":1239,"source_type":11,"duration":155017,"distance":552,"elevation_gain":0,"elevation_loss":0},{"version":1,"timestamp":"2022-06-25 16:10:02 +0000","elevation":1239,"source_type":11,"duration":156768,"distance":558,"elevation_gain":0,"elevation_loss":0},{"version":1,"timestamp":"2022-06-25 16:10:04 +0000","elevation":1239,"source_type":11,"duration":158519,"distance":563,"elevation_gain":0,"elevation_loss":0},{"version":1,"timestamp":"2022-06-25 16:10:06 +0000","elevation":1239,"source_type":11,"duration":160515,"distance":569,"elevation_gain":0,"elevation_loss":0},{"version":1,"timestamp":"2022-06-25 16:10:08 +0000","elevation":1239,"source_type":11,"duration":162511,"distance":575,"elevation_gain":0,"elevation_loss":0},{"version":1,"timestamp":"2022-06-25 16:10:10 +0000","elevation":1239,"source_type":11,"duration":164507,"distance":582,"elevation_gain":0,"elevation_loss":0},{"version":1,"timestamp":"2022-06-25 16:10:12 +0000","elevation":1240,"source_type":11,"duration":166504,"distance":588,"elevation_gain":0,"elevation_loss":0},{"version":1,"timestamp":"2022-06-25 16:10:20 +0000","elevation":1240,"source_type":11,"duration":174531,"distance":612,"elevation_gain":0,"elevation_loss":0},{"version":1,"timestamp":"2022-06-25 16:10:29 +0000","elevation":1241,"source_type":11,"duration":183521,"distance":638,"elevation_gain":0,"elevation_loss":0},{"version":1,"timestamp":"2022-06-25 16:10:37 +0000","elevation":1241,"source_type":11,"duration":191523,"distance":663,"elevation_gain":0,"elevation_loss":0},{"version":1,"timestamp":"2022-06-25 16:10:44 +0000","elevation":1242,"source_type":11,"duration":198517,"distance":686,"elevation_gain":0,"elevation_loss":0},{"version":1,"timestamp":"2022-06-25 16:10:52 +0000","elevation":1243,"source_type":11,"duration":206506,"distance":711,"elevation_gain":0,"elevation_loss":0},{"version":1,"timestamp":"2022-06-25 16:11:00 +0000","elevation":1243,"source_type":11,"duration":214512,"distance":735,"elevation_gain":0,"elevation_loss":0},{"version":1,"timestamp":"2022-06-25 16:11:08 +0000","elevation":1244,"source_type":11,"duration":222528,"distance":760,"elevation_gain":0,"elevation_loss":0},{"version":1,"timestamp":"2022-06-25 16:11:16 +0000","elevation":1245,"source_type":11,"duration":230516,"distance":786,"elevation_gain":5,"elevation_loss":0},{"version":1,"timestamp":"2022-06-25 16:11:23 +0000","elevation":1247,"source_type":11,"duration":237522,"distance":811,"elevation_gain":7,"elevation_loss":0},{"version":1,"timestamp":"2022-06-25 16:11:30 +0000","elevation":1248,"source_type":11,"duration":244520,"distance":833,"elevation_gain":8,"elevation_loss":0},{"version":1,"timestamp":"2022-06-25 16:11:37 +0000","elevation":1247,"source_type":11,"duration":251512,"distance":856,"elevation_gain":8,"elevation_loss":0},{"version":1,"timestamp":"2022-06-25 16:11:42 +0000","elevation":1247,"source_type":11,"duration":256013,"distance":868,"elevation_gain":8,"elevation_loss":0},{"version":1,"timestamp":"2022-06-25 16:11:46 +0000","elevation":1247,"source_type":11,"duration":260515,"distance":880,"elevation_gain":8,"elevation_loss":0},{"version":1,"timestamp":"2022-06-25 16:11:48 +0000","elevation":1247,"source_type":11,"duration":262764,"distance":885,"elevation_gain":8,"elevation_loss":0},{"version":1,"timestamp":"2022-06-25 16:11:51 +0000","elevation":1247,"source_type":11,"duration":265013,"distance":891,"elevation_gain":8,"elevation_loss":0},{"version":1,"timestamp":"2022-06-25 16:11:53 +0000","elevation":1246,"source_type":11,"duration":267262,"distance":897,"elevation_gain":8,"elevation_loss":0},{"version":1,"timestamp":"2022-06-25 16:11:55 +0000","elevation":1246,"source_type":11,"duration":269511,"distance":903,"elevation_gain":8,"elevation_loss":0},{"version":1,"timestamp":"2022-06-25 16:11:57 +0000","elevation":1246,"source_type":11,"duration":271264,"distance":909,"elevation_gain":8,"elevation_loss":0},{"version":1,"timestamp":"2022-06-25 16:11:59 +0000","elevation":1245,"source_type":11,"duration":273017,"distance":915,"elevation_gain":8,"elevation_loss":0},{"version":1,"timestamp":"2022-06-25 16:12:00 +0000","elevation":1245,"source_type":11,"duration":274770,"distance":921,"elevation_gain":8,"elevation_loss":0},{"version":1,"timestamp":"2022-06-25 16:12:02 +0000","elevation":1245,"source_type":11,"duration":276524,"distance":927,"elevation_gain":8,"elevation_loss":0},{"version":1,"timestamp":"2022-06-25 16:12:04 +0000","elevation":1244,"source_type":11,"duration":278522,"distance":933,"elevation_gain":8,"elevation_loss":0},{"version":1,"timestamp":"2022-06-25 16:12:06 +0000","elevation":1244,"source_type":11,"duration":280521,"distance":939,"elevation_gain":8,"elevation_loss":0},{"version":1,"timestamp":"2022-06-25 16:12:08 +0000","elevation":1244,"source_type":11,"duration":282519,"distance":945,"elevation_gain":8,"elevation_loss":0},{"version":1,"timestamp":"2022-06-25 16:12:10 +0000","elevation":1243,"source_type":11,"duration":284518,"distance":951,"elevation_gain":8,"elevation_loss":0},{"version":1,"timestamp":"2022-06-25 16:12:12 +0000","elevation":1243,"source_type":11,"duration":286266,"distance":957,"elevation_gain":8,"elevation_loss":0},{"version":1,"timestamp":"2022-06-25 16:12:14 +0000","elevation":1243,"source_type":11,"duration":288014,"distance":963,"elevation_gain":8,"elevation_loss":0},{"version":1,"timestamp":"2022-06-25 16:12:15 +0000","elevation":1243,"source_type":11,"duration":289762,"distance":969,"elevation_gain":8,"elevation_loss":0},{"version":1,"timestamp":"2022-06-25 16:12:17 +0000","elevation":1243,"source_type":11,"duration":291511,"distance":975,"elevation_gain":8,"elevation_loss":0},{"version":1,"timestamp":"2022-06-25 16:12:19 +0000","elevation":1243,"source_type":11,"duration":293264,"distance":981,"elevation_gain":8,"elevation_loss":0},{"version":1,"timestamp":"2022-06-25 16:12:21 +0000","elevation":1243,"source_type":11,"duration":295018,"distance":987,"elevation_gain":8,"elevation_loss":0},{"version":1,"timestamp":"2022-06-25 16:12:22 +0000","elevation":1243,"source_type":11,"duration":296772,"distance":993,"elevation_gain":8,"elevation_loss":0},{"version":1,"timestamp":"2022-06-25 16:12:24 +0000","elevation":1243,"source_type":11,"duration":298526,"distance":1000,"elevation_gain":8,"elevation_loss":0},{"version":1,"timestamp":"2022-06-25 16:12:26 +0000","elevation":1243,"source_type":11,"duration":300275,"distance":1006,"elevation_gain":8,"elevation_loss":0},{"version":1,"timestamp":"2022-06-25 16:12:28 +0000","elevation":1243,"source_type":11,"duration":302025,"distance":1012,"elevation_gain":8,"elevation_loss":0},{"version":1,"timestamp":"2022-06-25 16:12:29 +0000","elevation":1243,"source_type":11,"duration":303775,"distance":1018,"elevation_gain":8,"elevation_loss":0},{"version":1,"timestamp":"2022-06-25 16:12:31 +0000","elevation":1243,"source_type":11,"duration":305525,"distance":1024,"elevation_gain":8,"elevation_loss":0},{"version":1,"timestamp":"2022-06-25 16:12:39 +0000","elevation":1243,"source_type":11,"duration":313518,"distance":1047,"elevation_gain":8,"elevation_loss":0},{"version":1,"timestamp":"2022-06-25 16:12:47 +0000","elevation":1243,"source_type":11,"duration":321529,"distance":1073,"elevation_gain":8,"elevation_loss":0},{"version":1,"timestamp":"2022-06-25 16:12:54 +0000","elevation":1242,"source_type":11,"duration":328528,"distance":1097,"elevation_gain":8,"elevation_loss":5},{"version":1,"timestamp":"2022-06-25 16:13:01 +0000","elevation":1242,"source_type":11,"duration":335501,"distance":1123,"elevation_gain":8,"elevation_loss":5},{"version":1,"timestamp":"2022-06-25 16:13:08 +0000","elevation":1241,"source_type":11,"duration":342530,"distance":1148,"elevation_gain":8,"elevation_loss":6},{"version":1,"timestamp":"2022-06-25 16:13:14 +0000","elevation":1240,"source_type":11,"duration":348509,"distance":1171,"elevation_gain":8,"elevation_loss":7},{"version":1,"timestamp":"2022-06-25 16:13:22 +0000","elevation":1240,"source_type":11,"duration":356507,"distance":1198,"elevation_gain":8,"elevation_loss":7},{"version":1,"timestamp":"2022-06-25 16:13:29 +0000","elevation":1239,"source_type":11,"duration":363518,"distance":1223,"elevation_gain":8,"elevation_loss":8},{"version":1,"timestamp":"2022-06-25 16:13:35 +0000","elevation":1238,"source_type":11,"duration":369514,"distance":1247,"elevation_gain":8,"elevation_loss":9},{"version":1,"timestamp":"2022-06-25 16:13:42 +0000","elevation":1238,"source_type":11,"duration":376507,"distance":1270,"elevation_gain":8,"elevation_loss":9},{"version":1,"timestamp":"2022-06-25 16:13:45 +0000","elevation":1238,"source_type":11,"duration":379532,"distance":1281,"elevation_gain":8,"elevation_loss":9},{"version":1,"timestamp":"2022-06-25 16:13:47 +0000","elevation":1238,"source_type":11,"duration":381035,"distance":1284,"elevation_gain":8,"elevation_loss":9},{"version":1,"timestamp":"2022-06-25 16:13:48 +0000","elevation":1238,"source_type":11,"duration":382539,"distance":1288,"elevation_gain":8,"elevation_loss":9},{"version":1,"timestamp":"2022-06-25 16:13:50 +0000","elevation":1238,"source_type":11,"duration":384042,"distance":1292,"elevation_gain":8,"elevation_loss":9},{"version":1,"timestamp":"2022-06-25 16:13:51 +0000","elevation":1238,"source_type":11,"duration":385546,"distance":1296,"elevation_gain":8,"elevation_loss":9},{"version":1,"timestamp":"2022-06-25 16:13:53 +0000","elevation":1238,"source_type":11,"duration":387538,"distance":1301,"elevation_gain":8,"elevation_loss":10},{"version":1,"timestamp":"2022-06-25 16:13:55 +0000","elevation":1237,"source_type":11,"duration":389530,"distance":1307,"elevation_gain":8,"elevation_loss":10},{"version":1,"timestamp":"2022-06-25 16:13:57 +0000","elevation":1237,"source_type":11,"duration":391522,"distance":1313,"elevation_gain":8,"elevation_loss":10},{"version":1,"timestamp":"2022-06-25 16:13:59 +0000","elevation":1237,"source_type":11,"duration":393515,"distance":1319,"elevation_gain":8,"elevation_loss":10},{"version":1,"timestamp":"2022-06-25 16:14:01 +0000","elevation":1237,"source_type":11,"duration":395265,"distance":1325,"elevation_gain":8,"elevation_loss":10},{"version":1,"timestamp":"2022-06-25 16:14:03 +0000","elevation":1237,"source_type":11,"duration":397016,"distance":1330,"elevation_gain":8,"elevation_loss":10},{"version":1,"timestamp":"2022-06-25 16:14:04 +0000","elevation":1237,"source_type":11,"duration":398767,"distance":1336,"elevation_gain":8,"elevation_loss":10},{"version":1,"timestamp":"2022-06-25 16:14:06 +0000","elevation":1237,"source_type":11,"duration":400518,"distance":1342,"elevation_gain":8,"elevation_loss":11},{"version":1,"timestamp":"2022-06-25 16:14:08 +0000","elevation":1236,"source_type":11,"duration":402266,"distance":1348,"elevation_gain":8,"elevation_loss":11},{"version":1,"timestamp":"2022-06-25 16:14:10 +0000","elevation":1236,"source_type":11,"duration":404014,"distance":1355,"elevation_gain":8,"elevation_loss":11},{"version":1,"timestamp":"2022-06-25 16:14:11 +0000","elevation":1236,"source_type":11,"duration":405762,"distance":1361,"elevation_gain":8,"elevation_loss":11},{"version":1,"timestamp":"2022-06-25 16:14:13 +0000","elevation":1236,"source_type":11,"duration":407510,"distance":1368,"elevation_gain":8,"elevation_loss":11},{"version":1,"timestamp":"2022-06-25 16:14:15 +0000","elevation":1236,"source_type":11,"duration":409011,"distance":1375,"elevation_gain":8,"elevation_loss":11},{"version":1,"timestamp":"2022-06-25 16:14:16 +0000","elevation":1236,"source_type":11,"duration":410512,"distance":1381,"elevation_gain":8,"elevation_loss":11},{"version":1,"timestamp":"2022-06-25 16:14:18 +0000","elevation":1236,"source_type":11,"duration":412013,"distance":1387,"elevation_gain":8,"elevation_loss":11},{"version":1,"timestamp":"2022-06-25 16:14:19 +0000","elevation":1236,"source_type":11,"duration":413515,"distance":1394,"elevation_gain":8,"elevation_loss":12},{"version":1,"timestamp":"2022-06-25 16:14:21 +0000","elevation":1236,"source_type":11,"duration":415015,"distance":1400,"elevation_gain":8,"elevation_loss":12},{"version":1,"timestamp":"2022-06-25 16:14:22 +0000","elevation":1236,"source_type":11,"duration":416516,"distance":1406,"elevation_gain":8,"elevation_loss":12},{"version":1,"timestamp":"2022-06-25 16:14:24 +0000","elevation":1235,"source_type":11,"duration":418017,"distance":1412,"elevation_gain":8,"elevation_loss":12},{"version":1,"timestamp":"2022-06-25 16:14:25 +0000","elevation":1235,"source_type":11,"duration":419518,"distance":1418,"elevation_gain":8,"elevation_loss":12},{"version":1,"timestamp":"2022-06-25 16:14:31 +0000","elevation":1235,"source_type":11,"duration":425514,"distance":1444,"elevation_gain":8,"elevation_loss":12},{"version":1,"timestamp":"2022-06-25 16:14:37 +0000","elevation":1235,"source_type":11,"duration":431503,"distance":1470,"elevation_gain":8,"elevation_loss":12},{"version":1,"timestamp":"2022-06-25 16:14:43 +0000","elevation":1233,"source_type":11,"duration":437514,"distance":1495,"elevation_gain":8,"elevation_loss":14},{"version":1,"timestamp":"2022-06-25 16:14:50 +0000","elevation":1231,"source_type":11,"duration":444520,"distance":1522,"elevation_gain":8,"elevation_loss":16},{"version":1,"timestamp":"2022-06-25 16:14:57 +0000","elevation":1230,"source_type":11,"duration":451515,"distance":1549,"elevation_gain":8,"elevation_loss":18},{"version":1,"timestamp":"2022-06-25 16:15:03 +0000","elevation":1228,"source_type":11,"duration":457504,"distance":1574,"elevation_gain":8,"elevation_loss":19},{"version":1,"timestamp":"2022-06-25 16:15:09 +0000","elevation":1226,"source_type":11,"duration":463520,"distance":1600,"elevation_gain":8,"elevation_loss":21},{"version":1,"timestamp":"2022-06-25 16:15:12 +0000","elevation":1225,"source_type":11,"duration":466507,"distance":1611,"elevation_gain":8,"elevation_loss":22},{"version":1,"timestamp":"2022-06-25 16:15:16 +0000","elevation":1224,"source_type":11,"duration":470517,"distance":1627,"elevation_gain":8,"elevation_loss":23},{"version":1,"timestamp":"2022-06-25 16:15:23 +0000","elevation":1222,"source_type":11,"duration":477519,"distance":1655,"elevation_gain":8,"elevation_loss":25},{"version":1,"timestamp":"2022-06-25 16:15:29 +0000","elevation":1222,"source_type":11,"duration":483526,"distance":1680,"elevation_gain":8,"elevation_loss":25},{"version":1,"timestamp":"2022-06-25 16:15:36 +0000","elevation":1222,"source_type":11,"duration":490520,"distance":1705,"elevation_gain":8,"elevation_loss":25},{"version":1,"timestamp":"2022-06-25 16:15:38 +0000","elevation":1222,"source_type":11,"duration":492521,"distance":1710,"elevation_gain":8,"elevation_loss":25},{"version":1,"timestamp":"2022-06-25 16:15:40 +0000","elevation":1222,"source_type":11,"duration":494522,"distance":1716,"elevation_gain":8,"elevation_loss":25},{"version":1,"timestamp":"2022-06-25 16:15:42 +0000","elevation":1222,"source_type":11,"duration":496523,"distance":1722,"elevation_gain":8,"elevation_loss":25},{"version":1,"timestamp":"2022-06-25 16:15:44 +0000","elevation":1222,"source_type":11,"duration":498524,"distance":1729,"elevation_gain":8,"elevation_loss":25},{"version":1,"timestamp":"2022-06-25 16:15:46 +0000","elevation":1222,"source_type":11,"duration":500519,"distance":1735,"elevation_gain":8,"elevation_loss":25},{"version":1,"timestamp":"2022-06-25 16:15:48 +0000","elevation":1222,"source_type":11,"duration":502515,"distance":1740,"elevation_gain":8,"elevation_loss":25},{"version":1,"timestamp":"2022-06-25 16:15:50 +0000","elevation":1222,"source_type":11,"duration":504510,"distance":1746,"elevation_gain":8,"elevation_loss":25},{"version":1,"timestamp":"2022-06-25 16:15:52 +0000","elevation":1223,"source_type":11,"duration":506506,"distance":1751,"elevation_gain":8,"elevation_loss":25},{"version":1,"timestamp":"2022-06-25 16:15:54 +0000","elevation":1223,"source_type":11,"duration":508760,"distance":1757,"elevation_gain":8,"elevation_loss":25},{"version":1,"timestamp":"2022-06-25 16:15:57 +0000","elevation":1223,"source_type":11,"duration":511014,"distance":1763,"elevation_gain":8,"elevation_loss":25},{"version":1,"timestamp":"2022-06-25 16:15:59 +0000","elevation":1223,"source_type":11,"duration":513268,"distance":1768,"elevation_gain":8,"elevation_loss":25},{"version":1,"timestamp":"2022-06-25 16:16:01 +0000","elevation":1224,"source_type":11,"duration":515523,"distance":1774,"elevation_gain":8,"elevation_loss":25},{"version":1,"timestamp":"2022-06-25 16:16:04 +0000","elevation":1224,"source_type":11,"duration":518019,"distance":1779,"elevation_gain":8,"elevation_loss":25},{"version":1,"timestamp":"2022-06-25 16:16:06 +0000","elevation":1224,"source_type":11,"duration":520516,"distance":1785,"elevation_gain":8,"elevation_loss":25},{"version":1,"timestamp":"2022-06-25 16:16:09 +0000","elevation":1224,"source_type":11,"duration":523013,"distance":1790,"elevation_gain":8,"elevation_loss":25},{"version":1,"timestamp":"2022-06-25 16:16:11 +0000","elevation":1225,"source_type":11,"duration":525510,"distance":1796,"elevation_gain":8,"elevation_loss":25},{"version":1,"timestamp":"2022-06-25 16:16:13 +0000","elevation":1225,"source_type":11,"duration":527763,"distance":1802,"elevation_gain":8,"elevation_loss":25},{"version":1,"timestamp":"2022-06-25 16:16:16 +0000","elevation":1225,"source_type":11,"duration":530016,"distance":1808,"elevation_gain":8,"elevation_loss":25},{"version":1,"timestamp":"2022-06-25 16:16:18 +0000","elevation":1225,"source_type":11,"duration":532269,"distance":1814,"elevation_gain":8,"elevation_loss":25},{"version":1,"timestamp":"2022-06-25 16:16:20 +0000","elevation":1226,"source_type":11,"duration":534523,"distance":1820,"elevation_gain":8,"elevation_loss":25},{"version":1,"timestamp":"2022-06-25 16:16:22 +0000","elevation":1226,"source_type":11,"duration":536520,"distance":1825,"elevation_gain":8,"elevation_loss":25},{"version":1,"timestamp":"2022-06-25 16:16:24 +0000","elevation":1226,"source_type":11,"duration":538517,"distance":1831,"elevation_gain":8,"elevation_loss":25},{"version":1,"timestamp":"2022-06-25 16:16:26 +0000","elevation":1226,"source_type":11,"duration":540514,"distance":1836,"elevation_gain":8,"elevation_loss":25},{"version":1,"timestamp":"2022-06-25 16:16:28 +0000","elevation":1226,"source_type":11,"duration":542511,"distance":1842,"elevation_gain":8,"elevation_loss":25},{"version":1,"timestamp":"2022-06-25 16:16:37 +0000","elevation":1227,"source_type":11,"duration":551513,"distance":1866,"elevation_gain":8,"elevation_loss":25},{"version":1,"timestamp":"2022-06-25 16:16:45 +0000","elevation":1227,"source_type":11,"duration":559520,"distance":1891,"elevation_gain":13,"elevation_loss":25},{"version":1,"timestamp":"2022-06-25 16:16:53 +0000","elevation":1227,"source_type":11,"duration":567505,"distance":1915,"elevation_gain":13,"elevation_loss":25},{"version":1,"timestamp":"2022-06-25 16:17:00 +0000","elevation":1227,"source_type":11,"duration":574508,"distance":1937,"elevation_gain":13,"elevation_loss":25},{"version":1,"timestamp":"2022-06-25 16:17:07 +0000","elevation":1227,"source_type":11,"duration":581508,"distance":1963,"elevation_gain":13,"elevation_loss":25},{"version":1,"timestamp":"2022-06-25 16:17:14 +0000","elevation":1227,"source_type":11,"duration":588517,"distance":1986,"elevation_gain":13,"elevation_loss":25},{"version":1,"timestamp":"2022-06-25 16:17:16 +0000","elevation":1227,"source_type":11,"duration":590518,"distance":1993,"elevation_gain":13,"elevation_loss":25},{"version":1,"timestamp":"2022-06-25 16:17:20 +0000","elevation":1227,"source_type":11,"duration":594517,"distance":2005,"elevation_gain":13,"elevation_loss":25},{"version":1,"timestamp":"2022-06-25 16:17:22 +0000","elevation":1227,"source_type":11,"duration":596505,"distance":2012,"elevation_gain":13,"elevation_loss":25},{"version":1,"timestamp":"2022-06-25 16:17:30 +0000","elevation":1227,"source_type":11,"duration":604510,"distance":2036,"elevation_gain":13,"elevation_loss":25},{"version":1,"timestamp":"2022-06-25 16:17:38 +0000","elevation":1228,"source_type":11,"duration":612527,"distance":2061,"elevation_gain":13,"elevation_loss":25},{"version":1,"timestamp":"2022-06-25 16:17:45 +0000","elevation":1228,"source_type":11,"duration":619523,"distance":2085,"elevation_gain":14,"elevation_loss":25},{"version":1,"timestamp":"2022-06-25 16:17:52 +0000","elevation":1229,"source_type":11,"duration":626529,"distance":2108,"elevation_gain":14,"elevation_loss":25},{"version":1,"timestamp":"2022-06-25 16:17:57 +0000","elevation":1229,"source_type":11,"duration":631516,"distance":2125,"elevation_gain":14,"elevation_loss":25},{"version":1,"timestamp":"2022-06-25 16:17:59 +0000","elevation":1229,"source_type":11,"duration":633514,"distance":2131,"elevation_gain":14,"elevation_loss":25},{"version":1,"timestamp":"2022-06-25 16:18:06 +0000","elevation":1229,"source_type":11,"duration":640531,"distance":2154,"elevation_gain":15,"elevation_loss":25},{"version":1,"timestamp":"2022-06-25 16:18:13 +0000","elevation":1229,"source_type":11,"duration":647513,"distance":2179,"elevation_gain":15,"elevation_loss":25},{"version":1,"timestamp":"2022-06-25 16:18:20 +0000","elevation":1229,"source_type":11,"duration":654512,"distance":2202,"elevation_gain":15,"elevation_loss":25},{"version":1,"timestamp":"2022-06-25 16:18:27 +0000","elevation":1228,"source_type":11,"duration":661502,"distance":2226,"elevation_gain":15,"elevation_loss":25},{"version":1,"timestamp":"2022-06-25 16:18:34 +0000","elevation":1227,"source_type":11,"duration":668503,"distance":2250,"elevation_gain":15,"elevation_loss":25},{"version":1,"timestamp":"2022-06-25 16:18:41 +0000","elevation":1226,"source_type":11,"duration":675514,"distance":2275,"elevation_gain":15,"elevation_loss":25},{"version":1,"timestamp":"2022-06-25 16:18:48 +0000","elevation":1226,"source_type":11,"duration":682519,"distance":2298,"elevation_gain":15,"elevation_loss":25},{"version":1,"timestamp":"2022-06-25 16:18:55 +0000","elevation":1226,"source_type":11,"duration":689513,"distance":2322,"elevation_gain":15,"elevation_loss":25},{"version":1,"timestamp":"2022-06-25 16:19:02 +0000","elevation":1226,"source_type":11,"duration":696523,"distance":2346,"elevation_gain":15,"elevation_loss":25},{"version":1,"timestamp":"2022-06-25 16:19:06 +0000","elevation":1226,"source_type":11,"duration":700515,"distance":2358,"elevation_gain":15,"elevation_loss":25},{"version":1,"timestamp":"2022-06-25 16:19:10 +0000","elevation":1226,"source_type":11,"duration":704508,"distance":2371,"elevation_gain":15,"elevation_loss":25},{"version":1,"timestamp":"2022-06-25 16:19:14 +0000","elevation":1227,"source_type":11,"duration":708506,"distance":2383,"elevation_gain":15,"elevation_loss":25},{"version":1,"timestamp":"2022-06-25 16:19:18 +0000","elevation":1227,"source_type":11,"duration":712505,"distance":2396,"elevation_gain":15,"elevation_loss":25},{"version":1,"timestamp":"2022-06-25 16:19:21 +0000","elevation":1227,"source_type":11,"duration":715006,"distance":2402,"elevation_gain":15,"elevation_loss":25},{"version":1,"timestamp":"2022-06-25 16:19:23 +0000","elevation":1227,"source_type":11,"duration":717508,"distance":2408,"elevation_gain":15,"elevation_loss":25},{"version":1,"timestamp":"2022-06-25 16:19:26 +0000","elevation":1228,"source_type":11,"duration":720009,"distance":2414,"elevation_gain":15,"elevation_loss":25},{"version":1,"timestamp":"2022-06-25 16:19:28 +0000","elevation":1228,"source_type":11,"duration":722511,"distance":2420,"elevation_gain":15,"elevation_loss":25},{"version":1,"timestamp":"2022-06-25 16:19:30 +0000","elevation":1228,"source_type":11,"duration":724511,"distance":2426,"elevation_gain":15,"elevation_loss":25},{"version":1,"timestamp":"2022-06-25 16:19:32 +0000","elevation":1229,"source_type":11,"duration":726512,"distance":2431,"elevation_gain":15,"elevation_loss":25},{"version":1,"timestamp":"2022-06-25 16:19:34 +0000","elevation":1229,"source_type":11,"duration":728513,"distance":2437,"elevation_gain":15,"elevation_loss":25},{"version":1,"timestamp":"2022-06-25 16:19:36 +0000","elevation":1229,"source_type":11,"duration":730514,"distance":2443,"elevation_gain":15,"elevation_loss":25},{"version":1,"timestamp":"2022-06-25 16:19:37 +0000","elevation":1229,"source_type":11,"duration":731762,"distance":2447,"elevation_gain":15,"elevation_loss":25},{"version":1,"timestamp":"2022-06-25 16:19:39 +0000","elevation":1230,"source_type":11,"duration":733011,"distance":2451,"elevation_gain":15,"elevation_loss":25},{"version":1,"timestamp":"2022-06-25 16:19:40 +0000","elevation":1230,"source_type":11,"duration":734259,"distance":2455,"elevation_gain":16,"elevation_loss":25},{"version":1,"timestamp":"2022-06-25 16:19:41 +0000","elevation":1230,"source_type":11,"duration":735508,"distance":2459,"elevation_gain":16,"elevation_loss":25},{"version":1,"timestamp":"2022-06-25 16:19:42 +0000","elevation":1230,"source_type":11,"duration":736261,"distance":2461,"elevation_gain":16,"elevation_loss":25},{"version":1,"timestamp":"2022-06-25 16:19:43 +0000","elevation":1230,"source_type":11,"duration":737014,"distance":2463,"elevation_gain":16,"elevation_loss":25},{"version":1,"timestamp":"2022-06-25 16:19:43 +0000","elevation":1230,"source_type":11,"duration":737767,"distance":2465,"elevation_gain":16,"elevation_loss":25},{"version":1,"timestamp":"2022-06-25 16:19:44 +0000","elevation":1230,"source_type":11,"duration":738520,"distance":2466,"elevation_gain":16,"elevation_loss":25},{"version":1,"timestamp":"2022-06-25 16:19:45 +0000","elevation":1231,"source_type":11,"duration":739519,"distance":2469,"elevation_gain":16,"elevation_loss":25},{"version":1,"timestamp":"2022-06-25 16:19:46 +0000","elevation":1231,"source_type":11,"duration":740519,"distance":2472,"elevation_gain":16,"elevation_loss":25},{"version":1,"timestamp":"2022-06-25 16:19:47 +0000","elevation":1231,"source_type":11,"duration":741519,"distance":2475,"elevation_gain":17,"elevation_loss":25},{"version":1,"timestamp":"2022-06-25 16:19:48 +0000","elevation":1231,"source_type":11,"duration":742519,"distance":2478,"elevation_gain":17,"elevation_loss":25},{"version":1,"timestamp":"2022-06-25 16:19:53 +0000","elevation":1232,"source_type":11,"duration":747513,"distance":2490,"elevation_gain":18,"elevation_loss":25},{"version":1,"timestamp":"2022-06-25 16:19:55 +0000","elevation":1232,"source_type":11,"duration":749009,"distance":2494,"elevation_gain":18,"elevation_loss":25},{"version":1,"timestamp":"2022-06-25 16:19:56 +0000","elevation":1232,"source_type":11,"duration":750505,"distance":2496,"elevation_gain":18,"elevation_loss":25},{"version":1,"timestamp":"2022-06-25 16:19:58 +0000","elevation":1232,"source_type":11,"duration":752256,"distance":2500,"elevation_gain":18,"elevation_loss":25},{"version":1,"timestamp":"2022-06-25 16:20:00 +0000","elevation":1232,"source_type":11,"duration":754008,"distance":2505,"elevation_gain":18,"elevation_loss":25},{"version":1,"timestamp":"2022-06-25 16:20:01 +0000","elevation":1232,"source_type":11,"duration":755760,"distance":2510,"elevation_gain":18,"elevation_loss":25},{"version":1,"timestamp":"2022-06-25 16:20:03 +0000","elevation":1232,"source_type":11,"duration":757512,"distance":2516,"elevation_gain":18,"elevation_loss":25},{"version":1,"timestamp":"2022-06-25 16:20:05 +0000","elevation":1231,"source_type":11,"duration":759511,"distance":2522,"elevation_gain":18,"elevation_loss":25},{"version":1,"timestamp":"2022-06-25 16:20:07 +0000","elevation":1231,"source_type":11,"duration":761510,"distance":2528,"elevation_gain":18,"elevation_loss":25},{"version":1,"timestamp":"2022-06-25 16:20:09 +0000","elevation":1231,"source_type":11,"duration":763509,"distance":2535,"elevation_gain":18,"elevation_loss":25},{"version":1,"timestamp":"2022-06-25 16:20:11 +0000","elevation":1231,"source_type":11,"duration":765508,"distance":2541,"elevation_gain":18,"elevation_loss":25},{"version":1,"timestamp":"2022-06-25 16:20:13 +0000","elevation":1231,"source_type":11,"duration":767506,"distance":2548,"elevation_gain":18,"elevation_loss":25},{"version":1,"timestamp":"2022-06-25 16:20:15 +0000","elevation":1231,"source_type":11,"duration":769505,"distance":2554,"elevation_gain":18,"elevation_loss":25},{"version":1,"timestamp":"2022-06-25 16:20:17 +0000","elevation":1231,"source_type":11,"duration":771504,"distance":2560,"elevation_gain":18,"elevation_loss":25},{"version":1,"timestamp":"2022-06-25 16:20:19 +0000","elevation":1230,"source_type":11,"duration":773503,"distance":2567,"elevation_gain":18,"elevation_loss":25},{"version":1,"timestamp":"2022-06-25 16:20:21 +0000","elevation":1230,"source_type":11,"duration":775502,"distance":2573,"elevation_gain":18,"elevation_loss":25},{"version":1,"timestamp":"2022-06-25 16:20:23 +0000","elevation":1230,"source_type":11,"duration":777501,"distance":2580,"elevation_gain":18,"elevation_loss":25},{"version":1,"timestamp":"2022-06-25 16:20:25 +0000","elevation":1230,"source_type":11,"duration":779500,"distance":2586,"elevation_gain":18,"elevation_loss":25},{"version":1,"timestamp":"2022-06-25 16:20:27 +0000","elevation":1230,"source_type":11,"duration":781500,"distance":2593,"elevation_gain":18,"elevation_loss":25},{"version":1,"timestamp":"2022-06-25 16:20:29 +0000","elevation":1230,"source_type":11,"duration":783504,"distance":2599,"elevation_gain":18,"elevation_loss":25},{"version":1,"timestamp":"2022-06-25 16:20:31 +0000","elevation":1229,"source_type":11,"duration":785508,"distance":2604,"elevation_gain":18,"elevation_loss":25},{"version":1,"timestamp":"2022-06-25 16:20:33 +0000","elevation":1229,"source_type":11,"duration":787512,"distance":2610,"elevation_gain":18,"elevation_loss":25},{"version":1,"timestamp":"2022-06-25 16:20:35 +0000","elevation":1229,"source_type":11,"duration":789516,"distance":2616,"elevation_gain":18,"elevation_loss":25},{"version":1,"timestamp":"2022-06-25 16:20:37 +0000","elevation":1229,"source_type":11,"duration":791521,"distance":2622,"elevation_gain":18,"elevation_loss":25},{"version":1,"timestamp":"2022-06-25 16:20:39 +0000","elevation":1229,"source_type":11,"duration":793527,"distance":2628,"elevation_gain":18,"elevation_loss":25},{"version":1,"timestamp":"2022-06-25 16:20:41 +0000","elevation":1229,"source_type":11,"duration":795532,"distance":2634,"elevation_gain":18,"elevation_loss":25},{"version":1,"timestamp":"2022-06-25 16:20:43 +0000","elevation":1228,"source_type":11,"duration":797538,"distance":2640,"elevation_gain":18,"elevation_loss":25},{"version":1,"timestamp":"2022-06-25 16:20:51 +0000","elevation":1228,"source_type":11,"duration":805514,"distance":2665,"elevation_gain":18,"elevation_loss":25},{"version":1,"timestamp":"2022-06-25 16:20:59 +0000","elevation":1226,"source_type":11,"duration":813504,"distance":2690,"elevation_gain":18,"elevation_loss":31},{"version":1,"timestamp":"2022-06-25 16:21:07 +0000","elevation":1225,"source_type":11,"duration":821508,"distance":2714,"elevation_gain":18,"elevation_loss":32},{"version":1,"timestamp":"2022-06-25 16:21:16 +0000","elevation":1224,"source_type":11,"duration":830517,"distance":2738,"elevation_gain":18,"elevation_loss":33},{"version":1,"timestamp":"2022-06-25 16:21:24 +0000","elevation":1223,"source_type":11,"duration":838514,"distance":2762,"elevation_gain":18,"elevation_loss":34},{"version":1,"timestamp":"2022-06-25 16:21:32 +0000","elevation":1223,"source_type":11,"duration":846524,"distance":2787,"elevation_gain":18,"elevation_loss":34},{"version":1,"timestamp":"2022-06-25 16:21:41 +0000","elevation":1223,"source_type":11,"duration":855525,"distance":2809,"elevation_gain":18,"elevation_loss":34},{"version":1,"timestamp":"2022-06-25 16:21:51 +0000","elevation":1223,"source_type":11,"duration":865521,"distance":2834,"elevation_gain":18,"elevation_loss":34},{"version":1,"timestamp":"2022-06-25 16:21:59 +0000","elevation":1224,"source_type":11,"duration":873508,"distance":2859,"elevation_gain":18,"elevation_loss":34},{"version":1,"timestamp":"2022-06-25 16:22:07 +0000","elevation":1224,"source_type":11,"duration":881509,"distance":2885,"elevation_gain":18,"elevation_loss":34},{"version":1,"timestamp":"2022-06-25 16:22:15 +0000","elevation":1224,"source_type":11,"duration":889501,"distance":2907,"elevation_gain":18,"elevation_loss":34},{"version":1,"timestamp":"2022-06-25 16:22:21 +0000","elevation":1225,"source_type":11,"duration":895501,"distance":2924,"elevation_gain":18,"elevation_loss":34},{"version":1,"timestamp":"2022-06-25 16:22:23 +0000","elevation":1225,"source_type":11,"duration":897526,"distance":2931,"elevation_gain":18,"elevation_loss":34},{"version":1,"timestamp":"2022-06-25 16:22:25 +0000","elevation":1225,"source_type":11,"duration":899499,"distance":2937,"elevation_gain":18,"elevation_loss":34},{"version":1,"timestamp":"2022-06-25 16:22:27 +0000","elevation":1225,"source_type":11,"duration":901519,"distance":2942,"elevation_gain":18,"elevation_loss":34},{"version":1,"timestamp":"2022-06-25 16:22:28 +0000","elevation":1225,"source_type":11,"duration":902508,"distance":2945,"elevation_gain":18,"elevation_loss":34},{"version":1,"timestamp":"2022-06-25 16:22:29 +0000","elevation":1225,"source_type":11,"duration":903505,"distance":2948,"elevation_gain":18,"elevation_loss":34},{"version":1,"timestamp":"2022-06-25 16:22:31 +0000","elevation":1225,"source_type":11,"duration":905521,"distance":2955,"elevation_gain":18,"elevation_loss":34},{"version":1,"timestamp":"2022-06-25 16:22:40 +0000","elevation":1225,"source_type":11,"duration":914525,"distance":2980,"elevation_gain":18,"elevation_loss":34},{"version":1,"timestamp":"2022-06-25 16:22:48 +0000","elevation":1225,"source_type":11,"duration":922520,"distance":3003,"elevation_gain":18,"elevation_loss":34},{"version":1,"timestamp":"2022-06-25 16:22:57 +0000","elevation":1226,"source_type":11,"duration":931501,"distance":3028,"elevation_gain":18,"elevation_loss":34},{"version":1,"timestamp":"2022-06-25 16:23:06 +0000","elevation":1227,"source_type":11,"duration":940557,"distance":3051,"elevation_gain":18,"elevation_loss":34},{"version":1,"timestamp":"2022-06-25 16:23:15 +0000","elevation":1228,"source_type":11,"duration":949501,"distance":3075,"elevation_gain":18,"elevation_loss":34},{"version":1,"timestamp":"2022-06-25 16:23:23 +0000","elevation":1229,"source_type":11,"duration":957519,"distance":3098,"elevation_gain":23,"elevation_loss":34},{"version":1,"timestamp":"2022-06-25 16:23:27 +0000","elevation":1229,"source_type":11,"duration":961515,"distance":3110,"elevation_gain":24,"elevation_loss":34},{"version":1,"timestamp":"2022-06-25 16:23:31 +0000","elevation":1230,"source_type":11,"duration":965512,"distance":3121,"elevation_gain":24,"elevation_loss":34},{"version":1,"timestamp":"2022-06-25 16:23:33 +0000","elevation":1230,"source_type":11,"duration":967762,"distance":3127,"elevation_gain":24,"elevation_loss":34},{"version":1,"timestamp":"2022-06-25 16:23:36 +0000","elevation":1230,"source_type":11,"duration":970012,"distance":3134,"elevation_gain":24,"elevation_loss":34},{"version":1,"timestamp":"2022-06-25 16:23:38 +0000","elevation":1230,"source_type":11,"duration":972262,"distance":3140,"elevation_gain":24,"elevation_loss":34},{"version":1,"timestamp":"2022-06-25 16:23:40 +0000","elevation":1230,"source_type":11,"duration":974513,"distance":3147,"elevation_gain":24,"elevation_loss":34},{"version":1,"timestamp":"2022-06-25 16:23:42 +0000","elevation":1230,"source_type":11,"duration":976512,"distance":3153,"elevation_gain":24,"elevation_loss":34},{"version":1,"timestamp":"2022-06-25 16:23:44 +0000","elevation":1230,"source_type":11,"duration":978511,"distance":3158,"elevation_gain":24,"elevation_loss":34},{"version":1,"timestamp":"2022-06-25 16:23:46 +0000","elevation":1230,"source_type":11,"duration":980510,"distance":3164,"elevation_gain":25,"elevation_loss":34},{"version":1,"timestamp":"2022-06-25 16:23:48 +0000","elevation":1230,"source_type":11,"duration":982509,"distance":3170,"elevation_gain":25,"elevation_loss":34},{"version":1,"timestamp":"2022-06-25 16:23:50 +0000","elevation":1230,"source_type":11,"duration":984761,"distance":3176,"elevation_gain":25,"elevation_loss":34},{"version":1,"timestamp":"2022-06-25 16:23:53 +0000","elevation":1230,"source_type":11,"duration":987013,"distance":3181,"elevation_gain":25,"elevation_loss":34},{"version":1,"timestamp":"2022-06-25 16:23:55 +0000","elevation":1230,"source_type":11,"duration":989265,"distance":3187,"elevation_gain":25,"elevation_loss":34},{"version":1,"timestamp":"2022-06-25 16:23:57 +0000","elevation":1231,"source_type":11,"duration":991518,"distance":3193,"elevation_gain":25,"elevation_loss":34},{"version":1,"timestamp":"2022-06-25 16:23:59 +0000","elevation":1231,"source_type":11,"duration":993517,"distance":3199,"elevation_gain":25,"elevation_loss":34},{"version":1,"timestamp":"2022-06-25 16:24:01 +0000","elevation":1231,"source_type":11,"duration":995517,"distance":3205,"elevation_gain":25,"elevation_loss":34},{"version":1,"timestamp":"2022-06-25 16:24:03 +0000","elevation":1231,"source_type":11,"duration":997517,"distance":3211,"elevation_gain":25,"elevation_loss":34},{"version":1,"timestamp":"2022-06-25 16:24:05 +0000","elevation":1231,"source_type":11,"duration":999517,"distance":3216,"elevation_gain":26,"elevation_loss":34},{"version":1,"timestamp":"2022-06-25 16:24:08 +0000","elevation":1231,"source_type":11,"duration":1002014,"distance":3222,"elevation_gain":26,"elevation_loss":34},{"version":1,"timestamp":"2022-06-25 16:24:10 +0000","elevation":1231,"source_type":11,"duration":1004512,"distance":3228,"elevation_gain":26,"elevation_loss":34},{"version":1,"timestamp":"2022-06-25 16:24:13 +0000","elevation":1232,"source_type":11,"duration":1007009,"distance":3234,"elevation_gain":26,"elevation_loss":34},{"version":1,"timestamp":"2022-06-25 16:24:15 +0000","elevation":1232,"source_type":11,"duration":1009507,"distance":3240,"elevation_gain":26,"elevation_loss":34},{"version":1,"timestamp":"2022-06-25 16:24:24 +0000","elevation":1232,"source_type":11,"duration":1018505,"distance":3263,"elevation_gain":27,"elevation_loss":34},{"version":1,"timestamp":"2022-06-25 16:24:32 +0000","elevation":1233,"source_type":11,"duration":1026506,"distance":3286,"elevation_gain":27,"elevation_loss":34},{"version":1,"timestamp":"2022-06-25 16:24:40 +0000","elevation":1234,"source_type":11,"duration":1034511,"distance":3311,"elevation_gain":28,"elevation_loss":34},{"version":1,"timestamp":"2022-06-25 16:24:49 +0000","elevation":1235,"source_type":11,"duration":1043508,"distance":3335,"elevation_gain":29,"elevation_loss":34},{"version":1,"timestamp":"2022-06-25 16:24:57 +0000","elevation":1236,"source_type":11,"duration":1051507,"distance":3360,"elevation_gain":30,"elevation_loss":34},{"version":1,"timestamp":"2022-06-25 16:25:05 +0000","elevation":1237,"source_type":11,"duration":1059495,"distance":3385,"elevation_gain":31,"elevation_loss":34},{"version":1,"timestamp":"2022-06-25 16:25:13 +0000","elevation":1237,"source_type":11,"duration":1067507,"distance":3408,"elevation_gain":32,"elevation_loss":34},{"version":1,"timestamp":"2022-06-25 16:25:22 +0000","elevation":1237,"source_type":11,"duration":1076495,"distance":3432,"elevation_gain":32,"elevation_loss":34},{"version":1,"timestamp":"2022-06-25 16:25:30 +0000","elevation":1237,"source_type":11,"duration":1084494,"distance":3455,"elevation_gain":32,"elevation_loss":34},{"version":1,"timestamp":"2022-06-25 16:25:40 +0000","elevation":1238,"source_type":11,"duration":1094495,"distance":3480,"elevation_gain":32,"elevation_loss":34},{"version":1,"timestamp":"2022-06-25 16:25:49 +0000","elevation":1238,"source_type":11,"duration":1103510,"distance":3504,"elevation_gain":32,"elevation_loss":34},{"version":1,"timestamp":"2022-06-25 16:25:58 +0000","elevation":1238,"source_type":11,"duration":1112495,"distance":3528,"elevation_gain":32,"elevation_loss":34},{"version":1,"timestamp":"2022-06-25 16:26:01 +0000","elevation":1238,"source_type":11,"duration":1115496,"distance":3536,"elevation_gain":32,"elevation_loss":34},{"version":1,"timestamp":"2022-06-25 16:26:04 +0000","elevation":1238,"source_type":11,"duration":1118498,"distance":3543,"elevation_gain":33,"elevation_loss":34},{"version":1,"timestamp":"2022-06-25 16:26:05 +0000","elevation":1238,"source_type":11,"duration":1119748,"distance":3546,"elevation_gain":33,"elevation_loss":34},{"version":1,"timestamp":"2022-06-25 16:26:06 +0000","elevation":1238,"source_type":11,"duration":1120999,"distance":3548,"elevation_gain":33,"elevation_loss":34},{"version":1,"timestamp":"2022-06-25 16:26:08 +0000","elevation":1238,"source_type":11,"duration":1122249,"distance":3551,"elevation_gain":33,"elevation_loss":34},{"version":1,"timestamp":"2022-06-25 16:26:09 +0000","elevation":1238,"source_type":11,"duration":1123500,"distance":3554,"elevation_gain":33,"elevation_loss":34},{"version":1,"timestamp":"2022-06-25 16:26:11 +0000","elevation":1239,"source_type":11,"duration":1125748,"distance":3559,"elevation_gain":33,"elevation_loss":34},{"version":1,"timestamp":"2022-06-25 16:26:13 +0000","elevation":1239,"source_type":11,"duration":1127997,"distance":3565,"elevation_gain":33,"elevation_loss":34},{"version":1,"timestamp":"2022-06-25 16:26:16 +0000","elevation":1239,"source_type":11,"duration":1130245,"distance":3572,"elevation_gain":33,"elevation_loss":34},{"version":1,"timestamp":"2022-06-25 16:26:18 +0000","elevation":1239,"source_type":11,"duration":1132494,"distance":3578,"elevation_gain":34,"elevation_loss":34},{"version":1,"timestamp":"2022-06-25 16:26:20 +0000","elevation":1239,"source_type":11,"duration":1134496,"distance":3584,"elevation_gain":34,"elevation_loss":34},{"version":1,"timestamp":"2022-06-25 16:26:22 +0000","elevation":1240,"source_type":11,"duration":1136498,"distance":3590,"elevation_gain":34,"elevation_loss":34},{"version":1,"timestamp":"2022-06-25 16:26:24 +0000","elevation":1240,"source_type":11,"duration":1138500,"distance":3596,"elevation_gain":34,"elevation_loss":34},{"version":1,"timestamp":"2022-06-25 16:26:26 +0000","elevation":1240,"source_type":11,"duration":1140503,"distance":3603,"elevation_gain":34,"elevation_loss":34},{"version":1,"timestamp":"2022-06-25 16:26:28 +0000","elevation":1240,"source_type":11,"duration":1142758,"distance":3609,"elevation_gain":34,"elevation_loss":34},{"version":1,"timestamp":"2022-06-25 16:26:31 +0000","elevation":1240,"source_type":11,"duration":1145013,"distance":3615,"elevation_gain":34,"elevation_loss":34},{"version":1,"timestamp":"2022-06-25 16:26:33 +0000","elevation":1240,"source_type":11,"duration":1147268,"distance":3622,"elevation_gain":34,"elevation_loss":34},{"version":1,"timestamp":"2022-06-25 16:26:35 +0000","elevation":1240,"source_type":11,"duration":1149523,"distance":3628,"elevation_gain":34,"elevation_loss":34},{"version":1,"timestamp":"2022-06-25 16:26:37 +0000","elevation":1240,"source_type":11,"duration":1151769,"distance":3634,"elevation_gain":34,"elevation_loss":34},{"version":1,"timestamp":"2022-06-25 16:26:40 +0000","elevation":1240,"source_type":11,"duration":1154015,"distance":3640,"elevation_gain":34,"elevation_loss":34},{"version":1,"timestamp":"2022-06-25 16:26:42 +0000","elevation":1240,"source_type":11,"duration":1156261,"distance":3646,"elevation_gain":34,"elevation_loss":34},{"version":1,"timestamp":"2022-06-25 16:26:44 +0000","elevation":1240,"source_type":11,"duration":1158508,"distance":3651,"elevation_gain":34,"elevation_loss":34},{"version":1,"timestamp":"2022-06-25 16:26:46 +0000","elevation":1240,"source_type":11,"duration":1160506,"distance":3657,"elevation_gain":34,"elevation_loss":34},{"version":1,"timestamp":"2022-06-25 16:26:48 +0000","elevation":1240,"source_type":11,"duration":1162504,"distance":3663,"elevation_gain":34,"elevation_loss":34},{"version":1,"timestamp":"2022-06-25 16:26:50 +0000","elevation":1240,"source_type":11,"duration":1164502,"distance":3669,"elevation_gain":34,"elevation_loss":34},{"version":1,"timestamp":"2022-06-25 16:26:52 +0000","elevation":1240,"source_type":11,"duration":1166500,"distance":3674,"elevation_gain":34,"elevation_loss":34},{"version":1,"timestamp":"2022-06-25 16:27:00 +0000","elevation":1240,"source_type":11,"duration":1174496,"distance":3697,"elevation_gain":34,"elevation_loss":34},{"version":1,"timestamp":"2022-06-25 16:27:08 +0000","elevation":1239,"source_type":11,"duration":1182516,"distance":3720,"elevation_gain":34,"elevation_loss":34},{"version":1,"timestamp":"2022-06-25 16:27:16 +0000","elevation":1239,"source_type":11,"duration":1190502,"distance":3744,"elevation_gain":34,"elevation_loss":34},{"version":1,"timestamp":"2022-06-25 16:27:24 +0000","elevation":1239,"source_type":11,"duration":1198497,"distance":3767,"elevation_gain":34,"elevation_loss":34},{"version":1,"timestamp":"2022-06-25 16:27:32 +0000","elevation":1238,"source_type":11,"duration":1206497,"distance":3794,"elevation_gain":34,"elevation_loss":34},{"version":1,"timestamp":"2022-06-25 16:27:39 +0000","elevation":1237,"source_type":11,"duration":1213500,"distance":3817,"elevation_gain":34,"elevation_loss":34},{"version":1,"timestamp":"2022-06-25 16:27:47 +0000","elevation":1237,"source_type":11,"duration":1221493,"distance":3841,"elevation_gain":34,"elevation_loss":34},{"version":1,"timestamp":"2022-06-25 16:27:54 +0000","elevation":1237,"source_type":11,"duration":1228519,"distance":3863,"elevation_gain":34,"elevation_loss":34},{"version":1,"timestamp":"2022-06-25 16:28:02 +0000","elevation":1237,"source_type":11,"duration":1236498,"distance":3888,"elevation_gain":34,"elevation_loss":34},{"version":1,"timestamp":"2022-06-25 16:28:10 +0000","elevation":1238,"source_type":11,"duration":1244500,"distance":3911,"elevation_gain":34,"elevation_loss":34},{"version":1,"timestamp":"2022-06-25 16:28:18 +0000","elevation":1238,"source_type":11,"duration":1252510,"distance":3935,"elevation_gain":34,"elevation_loss":34},{"version":1,"timestamp":"2022-06-25 16:28:26 +0000","elevation":1237,"source_type":11,"duration":1260515,"distance":3959,"elevation_gain":34,"elevation_loss":34},{"version":1,"timestamp":"2022-06-25 16:28:35 +0000","elevation":1237,"source_type":11,"duration":1269500,"distance":3981,"elevation_gain":34,"elevation_loss":34},{"version":1,"timestamp":"2022-06-25 16:28:44 +0000","elevation":1237,"source_type":11,"duration":1278515,"distance":4005,"elevation_gain":34,"elevation_loss":34},{"version":1,"timestamp":"2022-06-25 16:28:51 +0000","elevation":1236,"source_type":11,"duration":1285514,"distance":4027,"elevation_gain":34,"elevation_loss":34},{"version":1,"timestamp":"2022-06-25 16:28:59 +0000","elevation":1236,"source_type":11,"duration":1293500,"distance":4050,"elevation_gain":34,"elevation_loss":34},{"version":1,"timestamp":"2022-06-25 16:29:07 +0000","elevation":1236,"source_type":11,"duration":1301496,"distance":4076,"elevation_gain":34,"elevation_loss":34},{"version":1,"timestamp":"2022-06-25 16:29:14 +0000","elevation":1235,"source_type":11,"duration":1308526,"distance":4101,"elevation_gain":34,"elevation_loss":34},{"version":1,"timestamp":"2022-06-25 16:29:21 +0000","elevation":1235,"source_type":11,"duration":1315508,"distance":4126,"elevation_gain":34,"elevation_loss":39},{"version":1,"timestamp":"2022-06-25 16:29:29 +0000","elevation":1234,"source_type":11,"duration":1323512,"distance":4152,"elevation_gain":34,"elevation_loss":40},{"version":1,"timestamp":"2022-06-25 16:29:36 +0000","elevation":1233,"source_type":11,"duration":1330527,"distance":4178,"elevation_gain":34,"elevation_loss":41},{"version":1,"timestamp":"2022-06-25 16:29:43 +0000","elevation":1231,"source_type":11,"duration":1337499,"distance":4202,"elevation_gain":34,"elevation_loss":43},{"version":1,"timestamp":"2022-06-25 16:29:50 +0000","elevation":1230,"source_type":11,"duration":1344532,"distance":4227,"elevation_gain":34,"elevation_loss":44},{"version":1,"timestamp":"2022-06-25 16:29:57 +0000","elevation":1230,"source_type":11,"duration":1351503,"distance":4253,"elevation_gain":34,"elevation_loss":44},{"version":1,"timestamp":"2022-06-25 16:30:03 +0000","elevation":1232,"source_type":11,"duration":1357515,"distance":4282,"elevation_gain":34,"elevation_loss":44},{"version":1,"timestamp":"2022-06-25 16:30:08 +0000","elevation":1233,"source_type":11,"duration":1362520,"distance":4310,"elevation_gain":34,"elevation_loss":44},{"version":1,"timestamp":"2022-06-25 16:30:15 +0000","elevation":1235,"source_type":11,"duration":1369510,"distance":4336,"elevation_gain":34,"elevation_loss":44},{"version":1,"timestamp":"2022-06-25 16:30:22 +0000","elevation":1236,"source_type":11,"duration":1376499,"distance":4361,"elevation_gain":40,"elevation_loss":44},{"version":1,"timestamp":"2022-06-25 16:30:30 +0000","elevation":1236,"source_type":11,"duration":1384500,"distance":4387,"elevation_gain":41,"elevation_loss":44},{"version":1,"timestamp":"2022-06-25 16:30:37 +0000","elevation":1237,"source_type":11,"duration":1391506,"distance":4410,"elevation_gain":42,"elevation_loss":44},{"version":1,"timestamp":"2022-06-25 16:30:45 +0000","elevation":1238,"source_type":11,"duration":1399514,"distance":4435,"elevation_gain":42,"elevation_loss":44},{"version":1,"timestamp":"2022-06-25 16:30:54 +0000","elevation":1239,"source_type":11,"duration":1408522,"distance":4459,"elevation_gain":43,"elevation_loss":44},{"version":1,"timestamp":"2022-06-25 16:31:03 +0000","elevation":1239,"source_type":11,"duration":1417509,"distance":4482,"elevation_gain":44,"elevation_loss":44},{"version":1,"timestamp":"2022-06-25 16:31:05 +0000","elevation":1239,"source_type":11,"duration":1419758,"distance":4487,"elevation_gain":44,"elevation_loss":44},{"version":1,"timestamp":"2022-06-25 16:31:08 +0000","elevation":1239,"source_type":11,"duration":1422007,"distance":4492,"elevation_gain":44,"elevation_loss":44},{"version":1,"timestamp":"2022-06-25 16:31:10 +0000","elevation":1239,"source_type":11,"duration":1424256,"distance":4499,"elevation_gain":44,"elevation_loss":44},{"version":1,"timestamp":"2022-06-25 16:31:12 +0000","elevation":1239,"source_type":11,"duration":1426505,"distance":4506,"elevation_gain":44,"elevation_loss":44},{"version":1,"timestamp":"2022-06-25 16:31:14 +0000","elevation":1239,"source_type":11,"duration":1428508,"distance":4512,"elevation_gain":44,"elevation_loss":44},{"version":1,"timestamp":"2022-06-25 16:31:16 +0000","elevation":1239,"source_type":11,"duration":1430511,"distance":4518,"elevation_gain":44,"elevation_loss":44},{"version":1,"timestamp":"2022-06-25 16:31:18 +0000","elevation":1239,"source_type":11,"duration":1432514,"distance":4524,"elevation_gain":44,"elevation_loss":44},{"version":1,"timestamp":"2022-06-25 16:31:20 +0000","elevation":1239,"source_type":11,"duration":1434517,"distance":4530,"elevation_gain":44,"elevation_loss":44},{"version":1,"timestamp":"2022-06-25 16:31:22 +0000","elevation":1239,"source_type":11,"duration":1436512,"distance":4536,"elevation_gain":44,"elevation_loss":44},{"version":1,"timestamp":"2022-06-25 16:31:24 +0000","elevation":1239,"source_type":11,"duration":1438508,"distance":4541,"elevation_gain":44,"elevation_loss":44},{"version":1,"timestamp":"2022-06-25 16:31:26 +0000","elevation":1239,"source_type":11,"duration":1440503,"distance":4547,"elevation_gain":44,"elevation_loss":44},{"version":1,"timestamp":"2022-06-25 16:31:28 +0000","elevation":1239,"source_type":11,"duration":1442499,"distance":4552,"elevation_gain":44,"elevation_loss":44},{"version":1,"timestamp":"2022-06-25 16:31:30 +0000","elevation":1239,"source_type":11,"duration":1444498,"distance":4558,"elevation_gain":44,"elevation_loss":44},{"version":1,"timestamp":"2022-06-25 16:31:32 +0000","elevation":1239,"source_type":11,"duration":1446497,"distance":4564,"elevation_gain":44,"elevation_loss":44},{"version":1,"timestamp":"2022-06-25 16:31:34 +0000","elevation":1240,"source_type":11,"duration":1448496,"distance":4570,"elevation_gain":44,"elevation_loss":44},{"version":1,"timestamp":"2022-06-25 16:31:36 +0000","elevation":1240,"source_type":11,"duration":1450495,"distance":4576,"elevation_gain":44,"elevation_loss":44},{"version":1,"timestamp":"2022-06-25 16:31:38 +0000","elevation":1240,"source_type":11,"duration":1452499,"distance":4582,"elevation_gain":44,"elevation_loss":44},{"version":1,"timestamp":"2022-06-25 16:31:40 +0000","elevation":1240,"source_type":11,"duration":1454504,"distance":4588,"elevation_gain":44,"elevation_loss":44},{"version":1,"timestamp":"2022-06-25 16:31:42 +0000","elevation":1239,"source_type":11,"duration":1456509,"distance":4593,"elevation_gain":44,"elevation_loss":44},{"version":1,"timestamp":"2022-06-25 16:31:44 +0000","elevation":1239,"source_type":11,"duration":1458514,"distance":4599,"elevation_gain":44,"elevation_loss":44},{"version":1,"timestamp":"2022-06-25 16:31:46 +0000","elevation":1239,"source_type":11,"duration":1460512,"distance":4605,"elevation_gain":44,"elevation_loss":44},{"version":1,"timestamp":"2022-06-25 16:31:48 +0000","elevation":1239,"source_type":11,"duration":1462510,"distance":4611,"elevation_gain":44,"elevation_loss":44},{"version":1,"timestamp":"2022-06-25 16:31:50 +0000","elevation":1239,"source_type":11,"duration":1464508,"distance":4618,"elevation_gain":44,"elevation_loss":44},{"version":1,"timestamp":"2022-06-25 16:31:52 +0000","elevation":1240,"source_type":11,"duration":1466506,"distance":4624,"elevation_gain":44,"elevation_loss":44},{"version":1,"timestamp":"2022-06-25 16:32:00 +0000","elevation":1240,"source_type":11,"duration":1474497,"distance":4649,"elevation_gain":44,"elevation_loss":44},{"version":1,"timestamp":"2022-06-25 16:32:08 +0000","elevation":1240,"source_type":11,"duration":1482512,"distance":4676,"elevation_gain":45,"elevation_loss":44},{"version":1,"timestamp":"2022-06-25 16:32:15 +0000","elevation":1240,"source_type":11,"duration":1489497,"distance":4698,"elevation_gain":45,"elevation_loss":44},{"version":1,"timestamp":"2022-06-25 16:32:24 +0000","elevation":1241,"source_type":11,"duration":1498494,"distance":4722,"elevation_gain":45,"elevation_loss":44},{"version":1,"timestamp":"2022-06-25 16:32:32 +0000","elevation":1240,"source_type":11,"duration":1506498,"distance":4745,"elevation_gain":45,"elevation_loss":44},{"version":1,"timestamp":"2022-06-25 16:32:41 +0000","elevation":1239,"source_type":11,"duration":1515510,"distance":4771,"elevation_gain":45,"elevation_loss":44},{"version":1,"timestamp":"2022-06-25 16:32:49 +0000","elevation":1239,"source_type":11,"duration":1523497,"distance":4794,"elevation_gain":45,"elevation_loss":44},{"version":1,"timestamp":"2022-06-25 16:32:58 +0000","elevation":1239,"source_type":11,"duration":1532493,"distance":4819,"elevation_gain":45,"elevation_loss":44},{"version":1,"timestamp":"2022-06-25 16:33:06 +0000","elevation":1238,"source_type":11,"duration":1540504,"distance":4844,"elevation_gain":45,"elevation_loss":44},{"version":1,"timestamp":"2022-06-25 16:33:14 +0000","elevation":1238,"source_type":11,"duration":1548527,"distance":4867,"elevation_gain":45,"elevation_loss":44},{"version":1,"timestamp":"2022-06-25 16:33:23 +0000","elevation":1237,"source_type":11,"duration":1557497,"distance":4892,"elevation_gain":45,"elevation_loss":44},{"version":1,"timestamp":"2022-06-25 16:33:32 +0000","elevation":1237,"source_type":11,"duration":1566533,"distance":4919,"elevation_gain":45,"elevation_loss":44},{"version":1,"timestamp":"2022-06-25 16:33:40 +0000","elevation":1237,"source_type":11,"duration":1574516,"distance":4943,"elevation_gain":45,"elevation_loss":44},{"version":1,"timestamp":"2022-06-25 16:33:48 +0000","elevation":1237,"source_type":11,"duration":1582514,"distance":4968,"elevation_gain":45,"elevation_loss":44},{"version":1,"timestamp":"2022-06-25 16:33:55 +0000","elevation":1237,"source_type":11,"duration":1589528,"distance":4992,"elevation_gain":45,"elevation_loss":44},{"version":1,"timestamp":"2022-06-25 16:33:57 +0000","elevation":1237,"source_type":11,"duration":1591525,"distance":4997,"elevation_gain":45,"elevation_loss":44},{"version":1,"timestamp":"2022-06-25 16:33:59 +0000","elevation":1236,"source_type":11,"duration":1593523,"distance":5003,"elevation_gain":45,"elevation_loss":44},{"version":1,"timestamp":"2022-06-25 16:34:01 +0000","elevation":1236,"source_type":11,"duration":1595520,"distance":5009,"elevation_gain":45,"elevation_loss":44},{"version":1,"timestamp":"2022-06-25 16:34:03 +0000","elevation":1236,"source_type":11,"duration":1597518,"distance":5016,"elevation_gain":45,"elevation_loss":44}]