[{"version":1,"timestamp":"2022-06-13 15:13:29 +0000","elevation":1240,"source_type":11,"duration":2875,"distance":0,"elevation_gain":0,"elevation_loss":0},{"version":1,"timestamp":"2022-06-13 15:13:41 +0000","elevation":1240,"source_type":11,"duration":14869,"distance":26,"elevation_gain":0,"elevation_loss":0},{"version":1,"timestamp":"2022-06-13 15:13:47 +0000","elevation":1240,"source_type":11,"duration":20874,"distance":54,"elevation_gain":0,"elevation_loss":0},{"version":1,"timestamp":"2022-06-13 15:13:53 +0000","elevation":1240,"source_type":11,"duration":26875,"distance":79,"elevation_gain":0,"elevation_loss":0},{"version":1,"timestamp":"2022-06-13 15:14:00 +0000","elevation":1240,"source_type":11,"duration":33878,"distance":104,"elevation_gain":0,"elevation_loss":0},{"version":1,"timestamp":"2022-06-13 15:14:06 +0000","elevation":1240,"source_type":11,"duration":39874,"distance":131,"elevation_gain":0,"elevation_loss":0},{"version":1,"timestamp":"2022-06-13 15:14:13 +0000","elevation":1240,"source_type":11,"duration":46877,"distance":158,"elevation_gain":0,"elevation_loss":0},{"version":1,"timestamp":"2022-06-13 15:14:19 +0000","elevation":1240,"source_type":11,"duration":52882,"distance":182,"elevation_gain":0,"elevation_loss":0},{"version":1,"timestamp":"2022-06-13 15:14:26 +0000","elevation":1240,"source_type":11,"duration":59879,"distance":209,"elevation_gain":0,"elevation_loss":0},{"version":1,"timestamp":"2022-06-13 15:14:33 +0000","elevation":1241,"source_type":11,"duration":66884,"distance":235,"elevation_gain":0,"elevation_loss":0},{"version":1,"timestamp":"2022-06-13 15:14:40 +0000","elevation":1241,"source_type":11,"duration":73881,"distance":263,"elevation_gain":0,"elevation_loss":0},{"version":1,"timestamp":"2022-06-13 15:14:46 +0000","elevation":1240,"source_type":11,"duration":79885,"distance":288,"elevation_gain":0,"elevation_loss":0},{"version":1,"timestamp":"2022-06-13 15:14:53 +0000","elevation":1240,"source_type":11,"duration":86883,"distance":314,"elevation_gain":0,"elevation_loss":0},{"version":1,"timestamp":"2022-06-13 15:15:00 +0000","elevation":1239,"source_type":11,"duration":93891,"distance":339,"elevation_gain":0,"elevation_loss":0},{"version":1,"timestamp":"2022-06-13 15:15:07 +0000","elevation":1238,"source_type":11,"duration":100879,"distance":366,"elevation_gain":0,"elevation_loss":0},{"version":1,"timestamp":"2022-06-13 15:15:14 +0000","elevation":1238,"source_type":11,"duration":107888,"distance":391,"elevation_gain":0,"elevation_loss":0},{"version":1,"timestamp":"2022-06-13 15:15:15 +0000","elevation":1238,"source_type":11,"duration":108886,"distance":395,"elevation_gain":0,"elevation_loss":0},{"version":1,"timestamp":"2022-06-13 15:15:21 +0000","elevation":1238,"source_type":11,"duration":114887,"distance":417,"elevation_gain":0,"elevation_loss":0},{"version":1,"timestamp":"2022-06-13 15:15:22 +0000","elevation":1238,"source_type":11,"duration":115884,"distance":421,"elevation_gain":0,"elevation_loss":0},{"version":1,"timestamp":"2022-06-13 15:15:23 +0000","elevation":1237,"source_type":11,"duration":116887,"distance":424,"elevation_gain":0,"elevation_loss":0},{"version":1,"timestamp":"2022-06-13 15:15:24 +0000","elevation":1237,"source_type":11,"duration":117889,"distance":428,"elevation_gain":0,"elevation_loss":0},{"version":1,"timestamp":"2022-06-13 15:15:25 +0000","elevation":1237,"source_type":11,"duration":118882,"distance":432,"elevation_gain":0,"elevation_loss":0},{"version":1,"timestamp":"2022-06-13 15:15:26 +0000","elevation":1237,"source_type":11,"duration":119895,"distance":435,"elevation_gain":0,"elevation_loss":0},{"version":1,"timestamp":"2022-06-13 15:15:28 +0000","elevation":1237,"source_type":11,"duration":121889,"distance":443,"elevation_gain":0,"elevation_loss":0},{"version":1,"timestamp":"2022-06-13 15:15:35 +0000","elevation":1237,"source_type":11,"duration":128890,"distance":469,"elevation_gain":0,"elevation_loss":0},{"version":1,"timestamp":"2022-06-13 15:15:37 +0000","elevation":1237,"source_type":11,"duration":130878,"distance":476,"elevation_gain":0,"elevation_loss":0},{"version":1,"timestamp":"2022-06-13 15:15:42 +0000","elevation":1237,"source_type":11,"duration":135892,"distance":495,"elevation_gain":0,"elevation_loss":0},{"version":1,"timestamp":"2022-06-13 15:15:46 +0000","elevation":1238,"source_type":11,"duration":139883,"distance":508,"elevation_gain":0,"elevation_loss":0},{"version":1,"timestamp":"2022-06-13 15:15:47 +0000","elevation":1238,"source_type":11,"duration":140883,"distance":511,"elevation_gain":0,"elevation_loss":0},{"version":1,"timestamp":"2022-06-13 15:15:48 +0000","elevation":1238,"source_type":11,"duration":141884,"distance":514,"elevation_gain":0,"elevation_loss":0},{"version":1,"timestamp":"2022-06-13 15:15:49 +0000","elevation":1238,"source_type":11,"duration":142885,"distance":517,"elevation_gain":0,"elevation_loss":0},{"version":1,"timestamp":"2022-06-13 15:15:50 +0000","elevation":1238,"source_type":11,"duration":143886,"distance":521,"elevation_gain":0,"elevation_loss":0},{"version":1,"timestamp":"2022-06-13 15:15:52 +0000","elevation":1238,"source_type":11,"duration":145635,"distance":526,"elevation_gain":0,"elevation_loss":0},{"version":1,"timestamp":"2022-06-13 15:15:54 +0000","elevation":1238,"source_type":11,"duration":147384,"distance":532,"elevation_gain":0,"elevation_loss":0},{"version":1,"timestamp":"2022-06-13 15:15:56 +0000","elevation":1239,"source_type":11,"duration":149133,"distance":538,"elevation_gain":0,"elevation_loss":0},{"version":1,"timestamp":"2022-06-13 15:15:57 +0000","elevation":1239,"source_type":11,"duration":150882,"distance":544,"elevation_gain":0,"elevation_loss":0},{"version":1,"timestamp":"2022-06-13 15:15:59 +0000","elevation":1239,"source_type":11,"duration":152631,"distance":550,"elevation_gain":0,"elevation_loss":0},{"version":1,"timestamp":"2022-06-13 15:16:01 +0000","elevation":1239,"source_type":11,"duration":154380,"distance":556,"elevation_gain":0,"elevation_loss":0},{"version":1,"timestamp":"2022-06-13 15:16:03 +0000","elevation":1239,"source_type":11,"duration":156129,"distance":562,"elevation_gain":0,"elevation_loss":0},{"version":1,"timestamp":"2022-06-13 15:16:04 +0000","elevation":1239,"source_type":11,"duration":157878,"distance":568,"elevation_gain":0,"elevation_loss":0},{"version":1,"timestamp":"2022-06-13 15:16:06 +0000","elevation":1239,"source_type":11,"duration":159629,"distance":574,"elevation_gain":0,"elevation_loss":0},{"version":1,"timestamp":"2022-06-13 15:16:08 +0000","elevation":1239,"source_type":11,"duration":161381,"distance":580,"elevation_gain":0,"elevation_loss":0},{"version":1,"timestamp":"2022-06-13 15:16:10 +0000","elevation":1239,"source_type":11,"duration":163133,"distance":586,"elevation_gain":0,"elevation_loss":0},{"version":1,"timestamp":"2022-06-13 15:16:11 +0000","elevation":1240,"source_type":11,"duration":164885,"distance":592,"elevation_gain":0,"elevation_loss":0},{"version":1,"timestamp":"2022-06-13 15:16:13 +0000","elevation":1240,"source_type":11,"duration":166885,"distance":598,"elevation_gain":0,"elevation_loss":0},{"version":1,"timestamp":"2022-06-13 15:16:15 +0000","elevation":1240,"source_type":11,"duration":168886,"distance":605,"elevation_gain":0,"elevation_loss":0},{"version":1,"timestamp":"2022-06-13 15:16:17 +0000","elevation":1240,"source_type":11,"duration":170886,"distance":612,"elevation_gain":0,"elevation_loss":0},{"version":1,"timestamp":"2022-06-13 15:16:19 +0000","elevation":1240,"source_type":11,"duration":172887,"distance":619,"elevation_gain":0,"elevation_loss":0},{"version":1,"timestamp":"2022-06-13 15:16:21 +0000","elevation":1240,"source_type":11,"duration":174887,"distance":625,"elevation_gain":0,"elevation_loss":0},{"version":1,"timestamp":"2022-06-13 15:16:23 +0000","elevation":1240,"source_type":11,"duration":176888,"distance":631,"elevation_gain":0,"elevation_loss":0},{"version":1,"timestamp":"2022-06-13 15:16:25 +0000","elevation":1240,"source_type":11,"duration":178889,"distance":637,"elevation_gain":0,"elevation_loss":0},{"version":1,"timestamp":"2022-06-13 15:16:27 +0000","elevation":1240,"source_type":11,"duration":180890,"distance":643,"elevation_gain":0,"elevation_loss":0},{"version":1,"timestamp":"2022-06-13 15:16:34 +0000","elevation":1241,"source_type":11,"duration":187875,"distance":667,"elevation_gain":0,"elevation_loss":0},{"version":1,"timestamp":"2022-06-13 15:16:42 +0000","elevation":1242,"source_type":11,"duration":195892,"distance":691,"elevation_gain":0,"elevation_loss":0},{"version":1,"timestamp":"2022-06-13 15:16:50 +0000","elevation":1242,"source_type":11,"duration":203899,"distance":716,"elevation_gain":0,"elevation_loss":0},{"version":1,"timestamp":"2022-06-13 15:16:58 +0000","elevation":1243,"source_type":11,"duration":211890,"distance":741,"elevation_gain":0,"elevation_loss":0},{"version":1,"timestamp":"2022-06-13 15:17:05 +0000","elevation":1244,"source_type":11,"duration":218883,"distance":763,"elevation_gain":0,"elevation_loss":0},{"version":1,"timestamp":"2022-06-13 15:17:12 +0000","elevation":1245,"source_type":11,"duration":225872,"distance":787,"elevation_gain":5,"elevation_loss":0},{"version":1,"timestamp":"2022-06-13 15:17:20 +0000","elevation":1246,"source_type":11,"duration":233883,"distance":812,"elevation_gain":6,"elevation_loss":0},{"version":1,"timestamp":"2022-06-13 15:17:28 +0000","elevation":1248,"source_type":11,"duration":241884,"distance":838,"elevation_gain":7,"elevation_loss":0},{"version":1,"timestamp":"2022-06-13 15:17:36 +0000","elevation":1247,"source_type":11,"duration":249874,"distance":865,"elevation_gain":7,"elevation_loss":0},{"version":1,"timestamp":"2022-06-13 15:17:38 +0000","elevation":1247,"source_type":11,"duration":251899,"distance":871,"elevation_gain":7,"elevation_loss":0},{"version":1,"timestamp":"2022-06-13 15:17:39 +0000","elevation":1247,"source_type":11,"duration":252887,"distance":874,"elevation_gain":7,"elevation_loss":0},{"version":1,"timestamp":"2022-06-13 15:17:40 +0000","elevation":1247,"source_type":11,"duration":253884,"distance":878,"elevation_gain":7,"elevation_loss":0},{"version":1,"timestamp":"2022-06-13 15:17:43 +0000","elevation":1247,"source_type":11,"duration":256887,"distance":889,"elevation_gain":7,"elevation_loss":0},{"version":1,"timestamp":"2022-06-13 15:17:45 +0000","elevation":1247,"source_type":11,"duration":258900,"distance":895,"elevation_gain":7,"elevation_loss":0},{"version":1,"timestamp":"2022-06-13 15:17:47 +0000","elevation":1246,"source_type":11,"duration":260881,"distance":900,"elevation_gain":7,"elevation_loss":0},{"version":1,"timestamp":"2022-06-13 15:17:52 +0000","elevation":1246,"source_type":11,"duration":265875,"distance":915,"elevation_gain":7,"elevation_loss":0},{"version":1,"timestamp":"2022-06-13 15:17:56 +0000","elevation":1245,"source_type":11,"duration":269883,"distance":928,"elevation_gain":7,"elevation_loss":0},{"version":1,"timestamp":"2022-06-13 15:18:00 +0000","elevation":1244,"source_type":11,"duration":273892,"distance":941,"elevation_gain":7,"elevation_loss":0},{"version":1,"timestamp":"2022-06-13 15:18:03 +0000","elevation":1244,"source_type":11,"duration":276882,"distance":953,"elevation_gain":7,"elevation_loss":0},{"version":1,"timestamp":"2022-06-13 15:18:06 +0000","elevation":1243,"source_type":11,"duration":279896,"distance":964,"elevation_gain":7,"elevation_loss":0},{"version":1,"timestamp":"2022-06-13 15:18:07 +0000","elevation":1243,"source_type":11,"duration":280869,"distance":967,"elevation_gain":7,"elevation_loss":0},{"version":1,"timestamp":"2022-06-13 15:18:08 +0000","elevation":1243,"source_type":11,"duration":281877,"distance":971,"elevation_gain":7,"elevation_loss":0},{"version":1,"timestamp":"2022-06-13 15:18:09 +0000","elevation":1243,"source_type":11,"duration":282870,"distance":974,"elevation_gain":7,"elevation_loss":0},{"version":1,"timestamp":"2022-06-13 15:18:10 +0000","elevation":1243,"source_type":11,"duration":283873,"distance":978,"elevation_gain":7,"elevation_loss":0},{"version":1,"timestamp":"2022-06-13 15:18:11 +0000","elevation":1243,"source_type":11,"duration":284889,"distance":981,"elevation_gain":7,"elevation_loss":0},{"version":1,"timestamp":"2022-06-13 15:18:12 +0000","elevation":1243,"source_type":11,"duration":285879,"distance":984,"elevation_gain":7,"elevation_loss":0},{"version":1,"timestamp":"2022-06-13 15:18:14 +0000","elevation":1243,"source_type":11,"duration":287876,"distance":990,"elevation_gain":7,"elevation_loss":0},{"version":1,"timestamp":"2022-06-13 15:18:22 +0000","elevation":1243,"source_type":11,"duration":295889,"distance":1015,"elevation_gain":7,"elevation_loss":0},{"version":1,"timestamp":"2022-06-13 15:18:29 +0000","elevation":1243,"source_type":11,"duration":302895,"distance":1037,"elevation_gain":7,"elevation_loss":0},{"version":1,"timestamp":"2022-06-13 15:18:36 +0000","elevation":1243,"source_type":11,"duration":309893,"distance":1062,"elevation_gain":7,"elevation_loss":0},{"version":1,"timestamp":"2022-06-13 15:18:43 +0000","elevation":1243,"source_type":11,"duration":316881,"distance":1086,"elevation_gain":7,"elevation_loss":0},{"version":1,"timestamp":"2022-06-13 15:18:50 +0000","elevation":1243,"source_type":11,"duration":323884,"distance":1113,"elevation_gain":7,"elevation_loss":0},{"version":1,"timestamp":"2022-06-13 15:18:57 +0000","elevation":1242,"source_type":11,"duration":330877,"distance":1137,"elevation_gain":7,"elevation_loss":5},{"version":1,"timestamp":"2022-06-13 15:19:04 +0000","elevation":1241,"source_type":11,"duration":337878,"distance":1160,"elevation_gain":7,"elevation_loss":6},{"version":1,"timestamp":"2022-06-13 15:19:12 +0000","elevation":1240,"source_type":11,"duration":345887,"distance":1185,"elevation_gain":7,"elevation_loss":7},{"version":1,"timestamp":"2022-06-13 15:19:15 +0000","elevation":1240,"source_type":11,"duration":348883,"distance":1195,"elevation_gain":7,"elevation_loss":7},{"version":1,"timestamp":"2022-06-13 15:19:21 +0000","elevation":1239,"source_type":11,"duration":354878,"distance":1215,"elevation_gain":7,"elevation_loss":8},{"version":1,"timestamp":"2022-06-13 15:19:29 +0000","elevation":1239,"source_type":11,"duration":362884,"distance":1240,"elevation_gain":7,"elevation_loss":8},{"version":1,"timestamp":"2022-06-13 15:19:36 +0000","elevation":1238,"source_type":11,"duration":369880,"distance":1264,"elevation_gain":7,"elevation_loss":9},{"version":1,"timestamp":"2022-06-13 15:19:44 +0000","elevation":1238,"source_type":11,"duration":377889,"distance":1288,"elevation_gain":7,"elevation_loss":9},{"version":1,"timestamp":"2022-06-13 15:19:47 +0000","elevation":1238,"source_type":11,"duration":380386,"distance":1293,"elevation_gain":7,"elevation_loss":9},{"version":1,"timestamp":"2022-06-13 15:19:49 +0000","elevation":1238,"source_type":11,"duration":382884,"distance":1299,"elevation_gain":7,"elevation_loss":9},{"version":1,"timestamp":"2022-06-13 15:19:52 +0000","elevation":1238,"source_type":11,"duration":385381,"distance":1305,"elevation_gain":7,"elevation_loss":9},{"version":1,"timestamp":"2022-06-13 15:19:54 +0000","elevation":1238,"source_type":11,"duration":387879,"distance":1311,"elevation_gain":7,"elevation_loss":9},{"version":1,"timestamp":"2022-06-13 15:19:58 +0000","elevation":1237,"source_type":11,"duration":391882,"distance":1323,"elevation_gain":7,"elevation_loss":10},{"version":1,"timestamp":"2022-06-13 15:20:02 +0000","elevation":1237,"source_type":11,"duration":395886,"distance":1336,"elevation_gain":7,"elevation_loss":10},{"version":1,"timestamp":"2022-06-13 15:20:04 +0000","elevation":1237,"source_type":11,"duration":397885,"distance":1342,"elevation_gain":7,"elevation_loss":10},{"version":1,"timestamp":"2022-06-13 15:20:06 +0000","elevation":1237,"source_type":11,"duration":399884,"distance":1348,"elevation_gain":7,"elevation_loss":10},{"version":1,"timestamp":"2022-06-13 15:20:08 +0000","elevation":1236,"source_type":11,"duration":401883,"distance":1354,"elevation_gain":7,"elevation_loss":11},{"version":1,"timestamp":"2022-06-13 15:20:10 +0000","elevation":1236,"source_type":11,"duration":403882,"distance":1360,"elevation_gain":7,"elevation_loss":11},{"version":1,"timestamp":"2022-06-13 15:20:12 +0000","elevation":1236,"source_type":11,"duration":405631,"distance":1366,"elevation_gain":7,"elevation_loss":11},{"version":1,"timestamp":"2022-06-13 15:20:14 +0000","elevation":1236,"source_type":11,"duration":407381,"distance":1372,"elevation_gain":7,"elevation_loss":11},{"version":1,"timestamp":"2022-06-13 15:20:16 +0000","elevation":1236,"source_type":11,"duration":409131,"distance":1377,"elevation_gain":7,"elevation_loss":11},{"version":1,"timestamp":"2022-06-13 15:20:17 +0000","elevation":1236,"source_type":11,"duration":410881,"distance":1383,"elevation_gain":7,"elevation_loss":11},{"version":1,"timestamp":"2022-06-13 15:20:19 +0000","elevation":1236,"source_type":11,"duration":412383,"distance":1389,"elevation_gain":7,"elevation_loss":11},{"version":1,"timestamp":"2022-06-13 15:20:20 +0000","elevation":1236,"source_type":11,"duration":413885,"distance":1394,"elevation_gain":7,"elevation_loss":12},{"version":1,"timestamp":"2022-06-13 15:20:22 +0000","elevation":1235,"source_type":11,"duration":415387,"distance":1400,"elevation_gain":7,"elevation_loss":12},{"version":1,"timestamp":"2022-06-13 15:20:23 +0000","elevation":1235,"source_type":11,"duration":416889,"distance":1406,"elevation_gain":7,"elevation_loss":12},{"version":1,"timestamp":"2022-06-13 15:20:25 +0000","elevation":1235,"source_type":11,"duration":418388,"distance":1412,"elevation_gain":7,"elevation_loss":12},{"version":1,"timestamp":"2022-06-13 15:20:26 +0000","elevation":1235,"source_type":11,"duration":419888,"distance":1419,"elevation_gain":7,"elevation_loss":12},{"version":1,"timestamp":"2022-06-13 15:20:28 +0000","elevation":1235,"source_type":11,"duration":421388,"distance":1425,"elevation_gain":7,"elevation_loss":12},{"version":1,"timestamp":"2022-06-13 15:20:29 +0000","elevation":1235,"source_type":11,"duration":422888,"distance":1432,"elevation_gain":7,"elevation_loss":12},{"version":1,"timestamp":"2022-06-13 15:20:31 +0000","elevation":1235,"source_type":11,"duration":424384,"distance":1439,"elevation_gain":7,"elevation_loss":12},{"version":1,"timestamp":"2022-06-13 15:20:32 +0000","elevation":1235,"source_type":11,"duration":425880,"distance":1446,"elevation_gain":7,"elevation_loss":12},{"version":1,"timestamp":"2022-06-13 15:20:34 +0000","elevation":1235,"source_type":11,"duration":427376,"distance":1453,"elevation_gain":7,"elevation_loss":12},{"version":1,"timestamp":"2022-06-13 15:20:35 +0000","elevation":1235,"source_type":11,"duration":428873,"distance":1460,"elevation_gain":7,"elevation_loss":12},{"version":1,"timestamp":"2022-06-13 15:20:41 +0000","elevation":1235,"source_type":11,"duration":434887,"distance":1483,"elevation_gain":7,"elevation_loss":12},{"version":1,"timestamp":"2022-06-13 15:20:48 +0000","elevation":1233,"source_type":11,"duration":441889,"distance":1510,"elevation_gain":7,"elevation_loss":14},{"version":1,"timestamp":"2022-06-13 15:20:54 +0000","elevation":1231,"source_type":11,"duration":447891,"distance":1536,"elevation_gain":7,"elevation_loss":16},{"version":1,"timestamp":"2022-06-13 15:21:01 +0000","elevation":1229,"source_type":11,"duration":454892,"distance":1561,"elevation_gain":7,"elevation_loss":18},{"version":1,"timestamp":"2022-06-13 15:21:08 +0000","elevation":1228,"source_type":11,"duration":461893,"distance":1586,"elevation_gain":7,"elevation_loss":19},{"version":1,"timestamp":"2022-06-13 15:21:15 +0000","elevation":1226,"source_type":11,"duration":468888,"distance":1611,"elevation_gain":7,"elevation_loss":21},{"version":1,"timestamp":"2022-06-13 15:21:23 +0000","elevation":1224,"source_type":11,"duration":476890,"distance":1637,"elevation_gain":7,"elevation_loss":23},{"version":1,"timestamp":"2022-06-13 15:21:30 +0000","elevation":1223,"source_type":11,"duration":483895,"distance":1660,"elevation_gain":7,"elevation_loss":24},{"version":1,"timestamp":"2022-06-13 15:21:37 +0000","elevation":1222,"source_type":11,"duration":490883,"distance":1685,"elevation_gain":7,"elevation_loss":25},{"version":1,"timestamp":"2022-06-13 15:21:44 +0000","elevation":1222,"source_type":11,"duration":497886,"distance":1710,"elevation_gain":7,"elevation_loss":25},{"version":1,"timestamp":"2022-06-13 15:21:48 +0000","elevation":1222,"source_type":11,"duration":501892,"distance":1721,"elevation_gain":7,"elevation_loss":25},{"version":1,"timestamp":"2022-06-13 15:21:50 +0000","elevation":1222,"source_type":11,"duration":503390,"distance":1724,"elevation_gain":7,"elevation_loss":25},{"version":1,"timestamp":"2022-06-13 15:21:51 +0000","elevation":1222,"source_type":11,"duration":504888,"distance":1728,"elevation_gain":7,"elevation_loss":25},{"version":1,"timestamp":"2022-06-13 15:21:53 +0000","elevation":1222,"source_type":11,"duration":506386,"distance":1732,"elevation_gain":7,"elevation_loss":25},{"version":1,"timestamp":"2022-06-13 15:21:54 +0000","elevation":1222,"source_type":11,"duration":507885,"distance":1737,"elevation_gain":7,"elevation_loss":25},{"version":1,"timestamp":"2022-06-13 15:21:56 +0000","elevation":1222,"source_type":11,"duration":509884,"distance":1743,"elevation_gain":7,"elevation_loss":25},{"version":1,"timestamp":"2022-06-13 15:21:58 +0000","elevation":1222,"source_type":11,"duration":511883,"distance":1748,"elevation_gain":7,"elevation_loss":25},{"version":1,"timestamp":"2022-06-13 15:22:00 +0000","elevation":1222,"source_type":11,"duration":513882,"distance":1754,"elevation_gain":7,"elevation_loss":25},{"version":1,"timestamp":"2022-06-13 15:22:02 +0000","elevation":1223,"source_type":11,"duration":515881,"distance":1760,"elevation_gain":7,"elevation_loss":25},{"version":1,"timestamp":"2022-06-13 15:22:04 +0000","elevation":1223,"source_type":11,"duration":517881,"distance":1766,"elevation_gain":7,"elevation_loss":25},{"version":1,"timestamp":"2022-06-13 15:22:06 +0000","elevation":1223,"source_type":11,"duration":519882,"distance":1772,"elevation_gain":7,"elevation_loss":25},{"version":1,"timestamp":"2022-06-13 15:22:08 +0000","elevation":1223,"source_type":11,"duration":521883,"distance":1777,"elevation_gain":7,"elevation_loss":25},{"version":1,"timestamp":"2022-06-13 15:22:10 +0000","elevation":1224,"source_type":11,"duration":523884,"distance":1783,"elevation_gain":7,"elevation_loss":25},{"version":1,"timestamp":"2022-06-13 15:22:13 +0000","elevation":1224,"source_type":11,"duration":526130,"distance":1789,"elevation_gain":7,"elevation_loss":25},{"version":1,"timestamp":"2022-06-13 15:22:15 +0000","elevation":1224,"source_type":11,"duration":528377,"distance":1795,"elevation_gain":7,"elevation_loss":25},{"version":1,"timestamp":"2022-06-13 15:22:17 +0000","elevation":1224,"source_type":11,"duration":530623,"distance":1802,"elevation_gain":7,"elevation_loss":25},{"version":1,"timestamp":"2022-06-13 15:22:19 +0000","elevation":1225,"source_type":11,"duration":532870,"distance":1808,"elevation_gain":7,"elevation_loss":25},{"version":1,"timestamp":"2022-06-13 15:22:21 +0000","elevation":1225,"source_type":11,"duration":534870,"distance":1814,"elevation_gain":7,"elevation_loss":25},{"version":1,"timestamp":"2022-06-13 15:22:23 +0000","elevation":1225,"source_type":11,"duration":536871,"distance":1821,"elevation_gain":7,"elevation_loss":25},{"version":1,"timestamp":"2022-06-13 15:22:25 +0000","elevation":1225,"source_type":11,"duration":538872,"distance":1827,"elevation_gain":7,"elevation_loss":25},{"version":1,"timestamp":"2022-06-13 15:22:27 +0000","elevation":1226,"source_type":11,"duration":540873,"distance":1833,"elevation_gain":7,"elevation_loss":25},{"version":1,"timestamp":"2022-06-13 15:22:29 +0000","elevation":1226,"source_type":11,"duration":542871,"distance":1839,"elevation_gain":7,"elevation_loss":25},{"version":1,"timestamp":"2022-06-13 15:22:31 +0000","elevation":1226,"source_type":11,"duration":544870,"distance":1845,"elevation_gain":7,"elevation_loss":25},{"version":1,"timestamp":"2022-06-13 15:22:33 +0000","elevation":1226,"source_type":11,"duration":546869,"distance":1851,"elevation_gain":7,"elevation_loss":25},{"version":1,"timestamp":"2022-06-13 15:22:35 +0000","elevation":1226,"source_type":11,"duration":548868,"distance":1856,"elevation_gain":7,"elevation_loss":25},{"version":1,"timestamp":"2022-06-13 15:22:44 +0000","elevation":1227,"source_type":11,"duration":557878,"distance":1880,"elevation_gain":7,"elevation_loss":25},{"version":1,"timestamp":"2022-06-13 15:22:52 +0000","elevation":1227,"source_type":11,"duration":565879,"distance":1903,"elevation_gain":13,"elevation_loss":25},{"version":1,"timestamp":"2022-06-13 15:23:00 +0000","elevation":1227,"source_type":11,"duration":573887,"distance":1927,"elevation_gain":13,"elevation_loss":25},{"version":1,"timestamp":"2022-06-13 15:23:01 +0000","elevation":1227,"source_type":11,"duration":574886,"distance":1930,"elevation_gain":13,"elevation_loss":25},{"version":1,"timestamp":"2022-06-13 15:23:03 +0000","elevation":1227,"source_type":11,"duration":576875,"distance":1937,"elevation_gain":13,"elevation_loss":25},{"version":1,"timestamp":"2022-06-13 15:23:04 +0000","elevation":1227,"source_type":11,"duration":577879,"distance":1940,"elevation_gain":13,"elevation_loss":25},{"version":1,"timestamp":"2022-06-13 15:23:07 +0000","elevation":1227,"source_type":11,"duration":580871,"distance":1950,"elevation_gain":13,"elevation_loss":25},{"version":1,"timestamp":"2022-06-13 15:23:08 +0000","elevation":1227,"source_type":11,"duration":581877,"distance":1954,"elevation_gain":13,"elevation_loss":25},{"version":1,"timestamp":"2022-06-13 15:23:09 +0000","elevation":1227,"source_type":11,"duration":582880,"distance":1957,"elevation_gain":13,"elevation_loss":25},{"version":1,"timestamp":"2022-06-13 15:23:10 +0000","elevation":1227,"source_type":11,"duration":583880,"distance":1960,"elevation_gain":13,"elevation_loss":25},{"version":1,"timestamp":"2022-06-13 15:23:12 +0000","elevation":1227,"source_type":11,"duration":585890,"distance":1966,"elevation_gain":13,"elevation_loss":25},{"version":1,"timestamp":"2022-06-13 15:23:13 +0000","elevation":1227,"source_type":11,"duration":586880,"distance":1969,"elevation_gain":13,"elevation_loss":25},{"version":1,"timestamp":"2022-06-13 15:23:15 +0000","elevation":1227,"source_type":11,"duration":588881,"distance":1976,"elevation_gain":13,"elevation_loss":25},{"version":1,"timestamp":"2022-06-13 15:23:18 +0000","elevation":1227,"source_type":11,"duration":591884,"distance":1985,"elevation_gain":13,"elevation_loss":25},{"version":1,"timestamp":"2022-06-13 15:23:21 +0000","elevation":1227,"source_type":11,"duration":594879,"distance":1995,"elevation_gain":13,"elevation_loss":25},{"version":1,"timestamp":"2022-06-13 15:23:23 +0000","elevation":1227,"source_type":11,"duration":596877,"distance":2002,"elevation_gain":13,"elevation_loss":25},{"version":1,"timestamp":"2022-06-13 15:23:30 +0000","elevation":1227,"source_type":11,"duration":603883,"distance":2025,"elevation_gain":13,"elevation_loss":25},{"version":1,"timestamp":"2022-06-13 15:23:38 +0000","elevation":1227,"source_type":11,"duration":611873,"distance":2051,"elevation_gain":13,"elevation_loss":25},{"version":1,"timestamp":"2022-06-13 15:23:46 +0000","elevation":1228,"source_type":11,"duration":619885,"distance":2074,"elevation_gain":13,"elevation_loss":25},{"version":1,"timestamp":"2022-06-13 15:23:54 +0000","elevation":1228,"source_type":11,"duration":627888,"distance":2099,"elevation_gain":14,"elevation_loss":25},{"version":1,"timestamp":"2022-06-13 15:24:02 +0000","elevation":1229,"source_type":11,"duration":635884,"distance":2123,"elevation_gain":14,"elevation_loss":25},{"version":1,"timestamp":"2022-06-13 15:24:10 +0000","elevation":1229,"source_type":11,"duration":643882,"distance":2150,"elevation_gain":14,"elevation_loss":25},{"version":1,"timestamp":"2022-06-13 15:24:17 +0000","elevation":1229,"source_type":11,"duration":650885,"distance":2175,"elevation_gain":15,"elevation_loss":25},{"version":1,"timestamp":"2022-06-13 15:24:25 +0000","elevation":1229,"source_type":11,"duration":658879,"distance":2199,"elevation_gain":15,"elevation_loss":25},{"version":1,"timestamp":"2022-06-13 15:24:33 +0000","elevation":1229,"source_type":11,"duration":666884,"distance":2224,"elevation_gain":15,"elevation_loss":25},{"version":1,"timestamp":"2022-06-13 15:24:41 +0000","elevation":1228,"source_type":11,"duration":674898,"distance":2248,"elevation_gain":15,"elevation_loss":25},{"version":1,"timestamp":"2022-06-13 15:24:49 +0000","elevation":1227,"source_type":11,"duration":682881,"distance":2272,"elevation_gain":15,"elevation_loss":25},{"version":1,"timestamp":"2022-06-13 15:24:57 +0000","elevation":1226,"source_type":11,"duration":690894,"distance":2296,"elevation_gain":15,"elevation_loss":25},{"version":1,"timestamp":"2022-06-13 15:25:05 +0000","elevation":1226,"source_type":11,"duration":698884,"distance":2320,"elevation_gain":15,"elevation_loss":25},{"version":1,"timestamp":"2022-06-13 15:25:13 +0000","elevation":1226,"source_type":11,"duration":706882,"distance":2346,"elevation_gain":15,"elevation_loss":25},{"version":1,"timestamp":"2022-06-13 15:25:21 +0000","elevation":1226,"source_type":11,"duration":714891,"distance":2369,"elevation_gain":15,"elevation_loss":25},{"version":1,"timestamp":"2022-06-13 15:25:23 +0000","elevation":1226,"source_type":11,"duration":716881,"distance":2375,"elevation_gain":15,"elevation_loss":25},{"version":1,"timestamp":"2022-06-13 15:25:26 +0000","elevation":1226,"source_type":11,"duration":719883,"distance":2383,"elevation_gain":15,"elevation_loss":25},{"version":1,"timestamp":"2022-06-13 15:25:29 +0000","elevation":1227,"source_type":11,"duration":722885,"distance":2393,"elevation_gain":15,"elevation_loss":25},{"version":1,"timestamp":"2022-06-13 15:25:32 +0000","elevation":1227,"source_type":11,"duration":725135,"distance":2398,"elevation_gain":15,"elevation_loss":25},{"version":1,"timestamp":"2022-06-13 15:25:34 +0000","elevation":1227,"source_type":11,"duration":727385,"distance":2404,"elevation_gain":15,"elevation_loss":25},{"version":1,"timestamp":"2022-06-13 15:25:36 +0000","elevation":1227,"source_type":11,"duration":729635,"distance":2411,"elevation_gain":15,"elevation_loss":25},{"version":1,"timestamp":"2022-06-13 15:25:38 +0000","elevation":1227,"source_type":11,"duration":731886,"distance":2417,"elevation_gain":15,"elevation_loss":25},{"version":1,"timestamp":"2022-06-13 15:25:41 +0000","elevation":1228,"source_type":11,"duration":734135,"distance":2423,"elevation_gain":15,"elevation_loss":25},{"version":1,"timestamp":"2022-06-13 15:25:43 +0000","elevation":1228,"source_type":11,"duration":736384,"distance":2429,"elevation_gain":15,"elevation_loss":25},{"version":1,"timestamp":"2022-06-13 15:25:45 +0000","elevation":1228,"source_type":11,"duration":738633,"distance":2435,"elevation_gain":15,"elevation_loss":25},{"version":1,"timestamp":"2022-06-13 15:25:47 +0000","elevation":1229,"source_type":11,"duration":740882,"distance":2440,"elevation_gain":15,"elevation_loss":25},{"version":1,"timestamp":"2022-06-13 15:25:50 +0000","elevation":1229,"source_type":11,"duration":743133,"distance":2446,"elevation_gain":15,"elevation_loss":25},{"version":1,"timestamp":"2022-06-13 15:25:52 +0000","elevation":1229,"source_type":11,"duration":745384,"distance":2453,"elevation_gain":15,"elevation_loss":25},{"version":1,"timestamp":"2022-06-13 15:25:54 +0000","elevation":1230,"source_type":11,"duration":747635,"distance":2459,"elevation_gain":15,"elevation_loss":25},{"version":1,"timestamp":"2022-06-13 15:25:56 +0000","elevation":1230,"source_type":11,"duration":749887,"distance":2466,"elevation_gain":16,"elevation_loss":25},{"version":1,"timestamp":"2022-06-13 15:25:59 +0000","elevation":1231,"source_type":11,"duration":752138,"distance":2472,"elevation_gain":16,"elevation_loss":25},{"version":1,"timestamp":"2022-06-13 15:26:01 +0000","elevation":1231,"source_type":11,"duration":754390,"distance":2478,"elevation_gain":17,"elevation_loss":25},{"version":1,"timestamp":"2022-06-13 15:26:03 +0000","elevation":1231,"source_type":11,"duration":756642,"distance":2484,"elevation_gain":17,"elevation_loss":25},{"version":1,"timestamp":"2022-06-13 15:26:05 +0000","elevation":1232,"source_type":11,"duration":758894,"distance":2490,"elevation_gain":17,"elevation_loss":25},{"version":1,"timestamp":"2022-06-13 15:26:08 +0000","elevation":1232,"source_type":11,"duration":761392,"distance":2496,"elevation_gain":18,"elevation_loss":25},{"version":1,"timestamp":"2022-06-13 15:26:10 +0000","elevation":1232,"source_type":11,"duration":763890,"distance":2502,"elevation_gain":18,"elevation_loss":25},{"version":1,"timestamp":"2022-06-13 15:26:13 +0000","elevation":1232,"source_type":11,"duration":766388,"distance":2508,"elevation_gain":18,"elevation_loss":25},{"version":1,"timestamp":"2022-06-13 15:26:15 +0000","elevation":1232,"source_type":11,"duration":768886,"distance":2514,"elevation_gain":18,"elevation_loss":25},{"version":1,"timestamp":"2022-06-13 15:26:18 +0000","elevation":1232,"source_type":11,"duration":771132,"distance":2520,"elevation_gain":18,"elevation_loss":25},{"version":1,"timestamp":"2022-06-13 15:26:20 +0000","elevation":1232,"source_type":11,"duration":773379,"distance":2526,"elevation_gain":18,"elevation_loss":25},{"version":1,"timestamp":"2022-06-13 15:26:22 +0000","elevation":1232,"source_type":11,"duration":775626,"distance":2532,"elevation_gain":18,"elevation_loss":25},{"version":1,"timestamp":"2022-06-13 15:26:24 +0000","elevation":1232,"source_type":11,"duration":777873,"distance":2539,"elevation_gain":18,"elevation_loss":25},{"version":1,"timestamp":"2022-06-13 15:26:27 +0000","elevation":1232,"source_type":11,"duration":780125,"distance":2545,"elevation_gain":18,"elevation_loss":25},{"version":1,"timestamp":"2022-06-13 15:26:29 +0000","elevation":1231,"source_type":11,"duration":782377,"distance":2551,"elevation_gain":18,"elevation_loss":25},{"version":1,"timestamp":"2022-06-13 15:26:31 +0000","elevation":1231,"source_type":11,"duration":784629,"distance":2557,"elevation_gain":18,"elevation_loss":25},{"version":1,"timestamp":"2022-06-13 15:26:33 +0000","elevation":1231,"source_type":11,"duration":786882,"distance":2563,"elevation_gain":18,"elevation_loss":25},{"version":1,"timestamp":"2022-06-13 15:26:35 +0000","elevation":1231,"source_type":11,"duration":788883,"distance":2569,"elevation_gain":18,"elevation_loss":25},{"version":1,"timestamp":"2022-06-13 15:26:37 +0000","elevation":1231,"source_type":11,"duration":790885,"distance":2575,"elevation_gain":18,"elevation_loss":25},{"version":1,"timestamp":"2022-06-13 15:26:39 +0000","elevation":1231,"source_type":11,"duration":792886,"distance":2580,"elevation_gain":18,"elevation_loss":25},{"version":1,"timestamp":"2022-06-13 15:26:41 +0000","elevation":1231,"source_type":11,"duration":794888,"distance":2586,"elevation_gain":18,"elevation_loss":25},{"version":1,"timestamp":"2022-06-13 15:26:43 +0000","elevation":1231,"source_type":11,"duration":796887,"distance":2592,"elevation_gain":18,"elevation_loss":25},{"version":1,"timestamp":"2022-06-13 15:26:45 +0000","elevation":1230,"source_type":11,"duration":798887,"distance":2598,"elevation_gain":18,"elevation_loss":25},{"version":1,"timestamp":"2022-06-13 15:26:47 +0000","elevation":1230,"source_type":11,"duration":800886,"distance":2604,"elevation_gain":18,"elevation_loss":25},{"version":1,"timestamp":"2022-06-13 15:26:49 +0000","elevation":1230,"source_type":11,"duration":802886,"distance":2610,"elevation_gain":18,"elevation_loss":25},{"version":1,"timestamp":"2022-06-13 15:26:51 +0000","elevation":1230,"source_type":11,"duration":804887,"distance":2616,"elevation_gain":18,"elevation_loss":25},{"version":1,"timestamp":"2022-06-13 15:26:53 +0000","elevation":1230,"source_type":11,"duration":806888,"distance":2622,"elevation_gain":18,"elevation_loss":25},{"version":1,"timestamp":"2022-06-13 15:26:55 +0000","elevation":1230,"source_type":11,"duration":808889,"distance":2628,"elevation_gain":18,"elevation_loss":25},{"version":1,"timestamp":"2022-06-13 15:26:57 +0000","elevation":1229,"source_type":11,"duration":810890,"distance":2634,"elevation_gain":18,"elevation_loss":25},{"version":1,"timestamp":"2022-06-13 15:26:59 +0000","elevation":1229,"source_type":11,"duration":812886,"distance":2639,"elevation_gain":18,"elevation_loss":25},{"version":1,"timestamp":"2022-06-13 15:27:01 +0000","elevation":1229,"source_type":11,"duration":814882,"distance":2645,"elevation_gain":18,"elevation_loss":25},{"version":1,"timestamp":"2022-06-13 15:27:03 +0000","elevation":1229,"source_type":11,"duration":816878,"distance":2650,"elevation_gain":18,"elevation_loss":25},{"version":1,"timestamp":"2022-06-13 15:27:05 +0000","elevation":1229,"source_type":11,"duration":818875,"distance":2656,"elevation_gain":18,"elevation_loss":25},{"version":1,"timestamp":"2022-06-13 15:27:13 +0000","elevation":1228,"source_type":11,"duration":826888,"distance":2680,"elevation_gain":18,"elevation_loss":25},{"version":1,"timestamp":"2022-06-13 15:27:22 +0000","elevation":1227,"source_type":11,"duration":835879,"distance":2704,"elevation_gain":18,"elevation_loss":30},{"version":1,"timestamp":"2022-06-13 15:27:31 +0000","elevation":1226,"source_type":11,"duration":844873,"distance":2728,"elevation_gain":18,"elevation_loss":32},{"version":1,"timestamp":"2022-06-13 15:27:39 +0000","elevation":1225,"source_type":11,"duration":852881,"distance":2752,"elevation_gain":18,"elevation_loss":33},{"version":1,"timestamp":"2022-06-13 15:27:47 +0000","elevation":1224,"source_type":11,"duration":860880,"distance":2777,"elevation_gain":18,"elevation_loss":33},{"version":1,"timestamp":"2022-06-13 15:27:55 +0000","elevation":1224,"source_type":11,"duration":868884,"distance":2801,"elevation_gain":18,"elevation_loss":34},{"version":1,"timestamp":"2022-06-13 15:28:03 +0000","elevation":1224,"source_type":11,"duration":876884,"distance":2825,"elevation_gain":18,"elevation_loss":34},{"version":1,"timestamp":"2022-06-13 15:28:12 +0000","elevation":1223,"source_type":11,"duration":885878,"distance":2849,"elevation_gain":18,"elevation_loss":34},{"version":1,"timestamp":"2022-06-13 15:28:21 +0000","elevation":1224,"source_type":11,"duration":894873,"distance":2873,"elevation_gain":18,"elevation_loss":34},{"version":1,"timestamp":"2022-06-13 15:28:30 +0000","elevation":1224,"source_type":11,"duration":903874,"distance":2898,"elevation_gain":18,"elevation_loss":34},{"version":1,"timestamp":"2022-06-13 15:28:39 +0000","elevation":1224,"source_type":11,"duration":912885,"distance":2920,"elevation_gain":18,"elevation_loss":34},{"version":1,"timestamp":"2022-06-13 15:28:41 +0000","elevation":1225,"source_type":11,"duration":914882,"distance":2925,"elevation_gain":18,"elevation_loss":34},{"version":1,"timestamp":"2022-06-13 15:28:43 +0000","elevation":1225,"source_type":11,"duration":916880,"distance":2929,"elevation_gain":18,"elevation_loss":34},{"version":1,"timestamp":"2022-06-13 15:28:46 +0000","elevation":1225,"source_type":11,"duration":919888,"distance":2937,"elevation_gain":18,"elevation_loss":34},{"version":1,"timestamp":"2022-06-13 15:28:47 +0000","elevation":1225,"source_type":11,"duration":920884,"distance":2940,"elevation_gain":18,"elevation_loss":34},{"version":1,"timestamp":"2022-06-13 15:28:49 +0000","elevation":1225,"source_type":11,"duration":922892,"distance":2945,"elevation_gain":18,"elevation_loss":34},{"version":1,"timestamp":"2022-06-13 15:28:59 +0000","elevation":1225,"source_type":11,"duration":932887,"distance":2969,"elevation_gain":18,"elevation_loss":34},{"version":1,"timestamp":"2022-06-13 15:29:07 +0000","elevation":1225,"source_type":11,"duration":940873,"distance":2992,"elevation_gain":18,"elevation_loss":34},{"version":1,"timestamp":"2022-06-13 15:29:09 +0000","elevation":1225,"source_type":11,"duration":942902,"distance":2997,"elevation_gain":18,"elevation_loss":34},{"version":1,"timestamp":"2022-06-13 15:29:12 +0000","elevation":1225,"source_type":11,"duration":945878,"distance":3005,"elevation_gain":18,"elevation_loss":34},{"version":1,"timestamp":"2022-06-13 15:29:16 +0000","elevation":1225,"source_type":11,"duration":949870,"distance":3015,"elevation_gain":18,"elevation_loss":34},{"version":1,"timestamp":"2022-06-13 15:29:26 +0000","elevation":1226,"source_type":11,"duration":959870,"distance":3039,"elevation_gain":18,"elevation_loss":34},{"version":1,"timestamp":"2022-06-13 15:29:35 +0000","elevation":1226,"source_type":11,"duration":968869,"distance":3062,"elevation_gain":18,"elevation_loss":34},{"version":1,"timestamp":"2022-06-13 15:29:44 +0000","elevation":1228,"source_type":11,"duration":977871,"distance":3086,"elevation_gain":18,"elevation_loss":34},{"version":1,"timestamp":"2022-06-13 15:29:52 +0000","elevation":1228,"source_type":11,"duration":985869,"distance":3109,"elevation_gain":23,"elevation_loss":34},{"version":1,"timestamp":"2022-06-13 15:30:02 +0000","elevation":1229,"source_type":11,"duration":995876,"distance":3131,"elevation_gain":23,"elevation_loss":34},{"version":1,"timestamp":"2022-06-13 15:30:12 +0000","elevation":1229,"source_type":11,"duration":1005877,"distance":3153,"elevation_gain":24,"elevation_loss":34},{"version":1,"timestamp":"2022-06-13 15:30:22 +0000","elevation":1230,"source_type":11,"duration":1015875,"distance":3177,"elevation_gain":24,"elevation_loss":34},{"version":1,"timestamp":"2022-06-13 15:30:30 +0000","elevation":1230,"source_type":11,"duration":1023872,"distance":3199,"elevation_gain":24,"elevation_loss":34},{"version":1,"timestamp":"2022-06-13 15:30:39 +0000","elevation":1231,"source_type":11,"duration":1032873,"distance":3222,"elevation_gain":25,"elevation_loss":34},{"version":1,"timestamp":"2022-06-13 15:30:49 +0000","elevation":1231,"source_type":11,"duration":1042869,"distance":3246,"elevation_gain":26,"elevation_loss":34},{"version":1,"timestamp":"2022-06-13 15:30:53 +0000","elevation":1232,"source_type":11,"duration":1046875,"distance":3257,"elevation_gain":26,"elevation_loss":34},{"version":1,"timestamp":"2022-06-13 15:30:58 +0000","elevation":1232,"source_type":11,"duration":1051872,"distance":3270,"elevation_gain":26,"elevation_loss":34},{"version":1,"timestamp":"2022-06-13 15:31:00 +0000","elevation":1232,"source_type":11,"duration":1053876,"distance":3276,"elevation_gain":26,"elevation_loss":34},{"version":1,"timestamp":"2022-06-13 15:31:04 +0000","elevation":1232,"source_type":11,"duration":1057875,"distance":3285,"elevation_gain":27,"elevation_loss":34},{"version":1,"timestamp":"2022-06-13 15:31:05 +0000","elevation":1232,"source_type":11,"duration":1058872,"distance":3288,"elevation_gain":27,"elevation_loss":34},{"version":1,"timestamp":"2022-06-13 15:31:08 +0000","elevation":1233,"source_type":11,"duration":1061889,"distance":3295,"elevation_gain":27,"elevation_loss":34},{"version":1,"timestamp":"2022-06-13 15:31:18 +0000","elevation":1233,"source_type":11,"duration":1071893,"distance":3320,"elevation_gain":28,"elevation_loss":34},{"version":1,"timestamp":"2022-06-13 15:31:27 +0000","elevation":1234,"source_type":11,"duration":1080873,"distance":3344,"elevation_gain":29,"elevation_loss":34},{"version":1,"timestamp":"2022-06-13 15:31:36 +0000","elevation":1235,"source_type":11,"duration":1089881,"distance":3368,"elevation_gain":30,"elevation_loss":34},{"version":1,"timestamp":"2022-06-13 15:31:45 +0000","elevation":1236,"source_type":11,"duration":1098875,"distance":3391,"elevation_gain":31,"elevation_loss":34},{"version":1,"timestamp":"2022-06-13 15:31:55 +0000","elevation":1237,"source_type":11,"duration":1108873,"distance":3415,"elevation_gain":32,"elevation_loss":34},{"version":1,"timestamp":"2022-06-13 15:32:04 +0000","elevation":1237,"source_type":11,"duration":1117875,"distance":3438,"elevation_gain":32,"elevation_loss":34},{"version":1,"timestamp":"2022-06-13 15:32:14 +0000","elevation":1237,"source_type":11,"duration":1127875,"distance":3464,"elevation_gain":32,"elevation_loss":34},{"version":1,"timestamp":"2022-06-13 15:32:23 +0000","elevation":1238,"source_type":11,"duration":1136868,"distance":3487,"elevation_gain":32,"elevation_loss":34},{"version":1,"timestamp":"2022-06-13 15:32:32 +0000","elevation":1238,"source_type":11,"duration":1145868,"distance":3511,"elevation_gain":32,"elevation_loss":34},{"version":1,"timestamp":"2022-06-13 15:32:41 +0000","elevation":1238,"source_type":11,"duration":1154870,"distance":3535,"elevation_gain":32,"elevation_loss":34},{"version":1,"timestamp":"2022-06-13 15:32:44 +0000","elevation":1238,"source_type":11,"duration":1157369,"distance":3540,"elevation_gain":32,"elevation_loss":34},{"version":1,"timestamp":"2022-06-13 15:32:46 +0000","elevation":1238,"source_type":11,"duration":1159869,"distance":3546,"elevation_gain":32,"elevation_loss":34},{"version":1,"timestamp":"2022-06-13 15:32:49 +0000","elevation":1238,"source_type":11,"duration":1162369,"distance":3552,"elevation_gain":32,"elevation_loss":34},{"version":1,"timestamp":"2022-06-13 15:32:51 +0000","elevation":1238,"source_type":11,"duration":1164869,"distance":3558,"elevation_gain":32,"elevation_loss":34},{"version":1,"timestamp":"2022-06-13 15:32:54 +0000","elevation":1238,"source_type":11,"duration":1167370,"distance":3562,"elevation_gain":33,"elevation_loss":34},{"version":1,"timestamp":"2022-06-13 15:32:56 +0000","elevation":1238,"source_type":11,"duration":1169872,"distance":3568,"elevation_gain":33,"elevation_loss":34},{"version":1,"timestamp":"2022-06-13 15:32:59 +0000","elevation":1239,"source_type":11,"duration":1172374,"distance":3574,"elevation_gain":33,"elevation_loss":34},{"version":1,"timestamp":"2022-06-13 15:33:01 +0000","elevation":1239,"source_type":11,"duration":1174876,"distance":3582,"elevation_gain":33,"elevation_loss":34},{"version":1,"timestamp":"2022-06-13 15:33:04 +0000","elevation":1239,"source_type":11,"duration":1177125,"distance":3588,"elevation_gain":33,"elevation_loss":34},{"version":1,"timestamp":"2022-06-13 15:33:06 +0000","elevation":1239,"source_type":11,"duration":1179374,"distance":3594,"elevation_gain":34,"elevation_loss":34},{"version":1,"timestamp":"2022-06-13 15:33:08 +0000","elevation":1239,"source_type":11,"duration":1181623,"distance":3601,"elevation_gain":34,"elevation_loss":34},{"version":1,"timestamp":"2022-06-13 15:33:10 +0000","elevation":1240,"source_type":11,"duration":1183873,"distance":3607,"elevation_gain":34,"elevation_loss":34},{"version":1,"timestamp":"2022-06-13 15:33:13 +0000","elevation":1240,"source_type":11,"duration":1186123,"distance":3613,"elevation_gain":34,"elevation_loss":34},{"version":1,"timestamp":"2022-06-13 15:33:15 +0000","elevation":1240,"source_type":11,"duration":1188373,"distance":3619,"elevation_gain":34,"elevation_loss":34},{"version":1,"timestamp":"2022-06-13 15:33:17 +0000","elevation":1240,"source_type":11,"duration":1190623,"distance":3625,"elevation_gain":34,"elevation_loss":34},{"version":1,"timestamp":"2022-06-13 15:33:19 +0000","elevation":1240,"source_type":11,"duration":1192873,"distance":3631,"elevation_gain":34,"elevation_loss":34},{"version":1,"timestamp":"2022-06-13 15:33:21 +0000","elevation":1240,"source_type":11,"duration":1194875,"distance":3637,"elevation_gain":34,"elevation_loss":34},{"version":1,"timestamp":"2022-06-13 15:33:23 +0000","elevation":1240,"source_type":11,"duration":1196877,"distance":3643,"elevation_gain":34,"elevation_loss":34},{"version":1,"timestamp":"2022-06-13 15:33:25 +0000","elevation":1240,"source_type":11,"duration":1198879,"distance":3649,"elevation_gain":34,"elevation_loss":34},{"version":1,"timestamp":"2022-06-13 15:33:27 +0000","elevation":1240,"source_type":11,"duration":1200882,"distance":3655,"elevation_gain":34,"elevation_loss":34},{"version":1,"timestamp":"2022-06-13 15:33:30 +0000","elevation":1240,"source_type":11,"duration":1203381,"distance":3661,"elevation_gain":34,"elevation_loss":34},{"version":1,"timestamp":"2022-06-13 15:33:32 +0000","elevation":1240,"source_type":11,"duration":1205880,"distance":3667,"elevation_gain":34,"elevation_loss":34},{"version":1,"timestamp":"2022-06-13 15:33:35 +0000","elevation":1240,"source_type":11,"duration":1208379,"distance":3673,"elevation_gain":34,"elevation_loss":34},{"version":1,"timestamp":"2022-06-13 15:33:37 +0000","elevation":1240,"source_type":11,"duration":1210878,"distance":3679,"elevation_gain":34,"elevation_loss":34},{"version":1,"timestamp":"2022-06-13 15:33:39 +0000","elevation":1240,"source_type":11,"duration":1212877,"distance":3685,"elevation_gain":34,"elevation_loss":34},{"version":1,"timestamp":"2022-06-13 15:33:41 +0000","elevation":1240,"source_type":11,"duration":1214876,"distance":3691,"elevation_gain":34,"elevation_loss":34},{"version":1,"timestamp":"2022-06-13 15:33:43 +0000","elevation":1240,"source_type":11,"duration":1216875,"distance":3697,"elevation_gain":34,"elevation_loss":34},{"version":1,"timestamp":"2022-06-13 15:33:45 +0000","elevation":1240,"source_type":11,"duration":1218874,"distance":3703,"elevation_gain":34,"elevation_loss":34},{"version":1,"timestamp":"2022-06-13 15:33:53 +0000","elevation":1239,"source_type":11,"duration":1226882,"distance":3726,"elevation_gain":34,"elevation_loss":34},{"version":1,"timestamp":"2022-06-13 15:34:02 +0000","elevation":1239,"source_type":11,"duration":1235868,"distance":3749,"elevation_gain":34,"elevation_loss":34},{"version":1,"timestamp":"2022-06-13 15:34:11 +0000","elevation":1239,"source_type":11,"duration":1244872,"distance":3773,"elevation_gain":34,"elevation_loss":34},{"version":1,"timestamp":"2022-06-13 15:34:21 +0000","elevation":1238,"source_type":11,"duration":1254877,"distance":3797,"elevation_gain":34,"elevation_loss":34},{"version":1,"timestamp":"2022-06-13 15:34:30 +0000","elevation":1237,"source_type":11,"duration":1263887,"distance":3820,"elevation_gain":34,"elevation_loss":34},{"version":1,"timestamp":"2022-06-13 15:34:39 +0000","elevation":1237,"source_type":11,"duration":1272881,"distance":3844,"elevation_gain":34,"elevation_loss":34},{"version":1,"timestamp":"2022-06-13 15:34:48 +0000","elevation":1237,"source_type":11,"duration":1281871,"distance":3868,"elevation_gain":34,"elevation_loss":34},{"version":1,"timestamp":"2022-06-13 15:34:57 +0000","elevation":1237,"source_type":11,"duration":1290872,"distance":3893,"elevation_gain":34,"elevation_loss":34},{"version":1,"timestamp":"2022-06-13 15:35:06 +0000","elevation":1237,"source_type":11,"duration":1299870,"distance":3917,"elevation_gain":34,"elevation_loss":34},{"version":1,"timestamp":"2022-06-13 15:35:15 +0000","elevation":1238,"source_type":11,"duration":1308872,"distance":3941,"elevation_gain":34,"elevation_loss":34},{"version":1,"timestamp":"2022-06-13 15:35:23 +0000","elevation":1237,"source_type":11,"duration":1316873,"distance":3965,"elevation_gain":34,"elevation_loss":34},{"version":1,"timestamp":"2022-06-13 15:35:33 +0000","elevation":1237,"source_type":11,"duration":1326871,"distance":3990,"elevation_gain":34,"elevation_loss":34},{"version":1,"timestamp":"2022-06-13 15:35:42 +0000","elevation":1237,"source_type":11,"duration":1335873,"distance":4014,"elevation_gain":34,"elevation_loss":34},{"version":1,"timestamp":"2022-06-13 15:35:50 +0000","elevation":1236,"source_type":11,"duration":1343879,"distance":4037,"elevation_gain":34,"elevation_loss":34},{"version":1,"timestamp":"2022-06-13 15:35:59 +0000","elevation":1236,"source_type":11,"duration":1352871,"distance":4060,"elevation_gain":34,"elevation_loss":34},{"version":1,"timestamp":"2022-06-13 15:36:08 +0000","elevation":1236,"source_type":11,"duration":1361878,"distance":4085,"elevation_gain":34,"elevation_loss":34},{"version":1,"timestamp":"2022-06-13 15:36:17 +0000","elevation":1235,"source_type":11,"duration":1370868,"distance":4109,"elevation_gain":34,"elevation_loss":34},{"version":1,"timestamp":"2022-06-13 15:36:25 +0000","elevation":1235,"source_type":11,"duration":1378867,"distance":4132,"elevation_gain":34,"elevation_loss":34},{"version":1,"timestamp":"2022-06-13 15:36:34 +0000","elevation":1234,"source_type":11,"duration":1387870,"distance":4157,"elevation_gain":34,"elevation_loss":39},{"version":1,"timestamp":"2022-06-13 15:36:42 +0000","elevation":1233,"source_type":11,"duration":1395869,"distance":4182,"elevation_gain":34,"elevation_loss":41},{"version":1,"timestamp":"2022-06-13 15:36:50 +0000","elevation":1232,"source_type":11,"duration":1403872,"distance":4207,"elevation_gain":34,"elevation_loss":42},{"version":1,"timestamp":"2022-06-13 15:36:57 +0000","elevation":1231,"source_type":11,"duration":1410868,"distance":4231,"elevation_gain":34,"elevation_loss":43},{"version":1,"timestamp":"2022-06-13 15:37:04 +0000","elevation":1230,"source_type":11,"duration":1417872,"distance":4255,"elevation_gain":34,"elevation_loss":44},{"version":1,"timestamp":"2022-06-13 15:37:11 +0000","elevation":1231,"source_type":11,"duration":1424868,"distance":4279,"elevation_gain":34,"elevation_loss":44},{"version":1,"timestamp":"2022-06-13 15:37:18 +0000","elevation":1232,"source_type":11,"duration":1431868,"distance":4302,"elevation_gain":34,"elevation_loss":44},{"version":1,"timestamp":"2022-06-13 15:37:25 +0000","elevation":1233,"source_type":11,"duration":1438869,"distance":4326,"elevation_gain":34,"elevation_loss":44},{"version":1,"timestamp":"2022-06-13 15:37:33 +0000","elevation":1235,"source_type":11,"duration":1446875,"distance":4350,"elevation_gain":39,"elevation_loss":44},{"version":1,"timestamp":"2022-06-13 15:37:42 +0000","elevation":1236,"source_type":11,"duration":1455877,"distance":4376,"elevation_gain":40,"elevation_loss":44},{"version":1,"timestamp":"2022-06-13 15:37:49 +0000","elevation":1236,"source_type":11,"duration":1462875,"distance":4401,"elevation_gain":41,"elevation_loss":44},{"version":1,"timestamp":"2022-06-13 15:37:56 +0000","elevation":1237,"source_type":11,"duration":1469878,"distance":4425,"elevation_gain":42,"elevation_loss":44},{"version":1,"timestamp":"2022-06-13 15:38:04 +0000","elevation":1238,"source_type":11,"duration":1477880,"distance":4450,"elevation_gain":42,"elevation_loss":44},{"version":1,"timestamp":"2022-06-13 15:38:13 +0000","elevation":1239,"source_type":11,"duration":1486873,"distance":4475,"elevation_gain":43,"elevation_loss":44},{"version":1,"timestamp":"2022-06-13 15:38:21 +0000","elevation":1239,"source_type":11,"duration":1494870,"distance":4496,"elevation_gain":44,"elevation_loss":44},{"version":1,"timestamp":"2022-06-13 15:38:23 +0000","elevation":1239,"source_type":11,"duration":1496872,"distance":4501,"elevation_gain":44,"elevation_loss":44},{"version":1,"timestamp":"2022-06-13 15:38:25 +0000","elevation":1239,"source_type":11,"duration":1498874,"distance":4507,"elevation_gain":44,"elevation_loss":44},{"version":1,"timestamp":"2022-06-13 15:38:27 +0000","elevation":1239,"source_type":11,"duration":1500876,"distance":4513,"elevation_gain":44,"elevation_loss":44},{"version":1,"timestamp":"2022-06-13 15:38:29 +0000","elevation":1239,"source_type":11,"duration":1502879,"distance":4520,"elevation_gain":44,"elevation_loss":44},{"version":1,"timestamp":"2022-06-13 15:38:31 +0000","elevation":1239,"source_type":11,"duration":1504627,"distance":4526,"elevation_gain":44,"elevation_loss":44},{"version":1,"timestamp":"2022-06-13 15:38:33 +0000","elevation":1239,"source_type":11,"duration":1506375,"distance":4533,"elevation_gain":44,"elevation_loss":44},{"version":1,"timestamp":"2022-06-13 15:38:35 +0000","elevation":1240,"source_type":11,"duration":1508123,"distance":4539,"elevation_gain":44,"elevation_loss":44},{"version":1,"timestamp":"2022-06-13 15:38:36 +0000","elevation":1240,"source_type":11,"duration":1509872,"distance":4546,"elevation_gain":44,"elevation_loss":44},{"version":1,"timestamp":"2022-06-13 15:38:39 +0000","elevation":1240,"source_type":11,"duration":1512122,"distance":4553,"elevation_gain":44,"elevation_loss":44},{"version":1,"timestamp":"2022-06-13 15:38:41 +0000","elevation":1240,"source_type":11,"duration":1514373,"distance":4560,"elevation_gain":44,"elevation_loss":44},{"version":1,"timestamp":"2022-06-13 15:38:43 +0000","elevation":1240,"source_type":11,"duration":1516624,"distance":4568,"elevation_gain":44,"elevation_loss":44},{"version":1,"timestamp":"2022-06-13 15:38:45 +0000","elevation":1240,"source_type":11,"duration":1518875,"distance":4575,"elevation_gain":44,"elevation_loss":44},{"version":1,"timestamp":"2022-06-13 15:38:47 +0000","elevation":1240,"source_type":11,"duration":1520624,"distance":4582,"elevation_gain":44,"elevation_loss":44},{"version":1,"timestamp":"2022-06-13 15:38:49 +0000","elevation":1240,"source_type":11,"duration":1522374,"distance":4588,"elevation_gain":44,"elevation_loss":44},{"version":1,"timestamp":"2022-06-13 15:38:51 +0000","elevation":1240,"source_type":11,"duration":1524123,"distance":4594,"elevation_gain":44,"elevation_loss":44},{"version":1,"timestamp":"2022-06-13 15:38:52 +0000","elevation":1240,"source_type":11,"duration":1525873,"distance":4600,"elevation_gain":44,"elevation_loss":44},{"version":1,"timestamp":"2022-06-13 15:38:54 +0000","elevation":1240,"source_type":11,"duration":1527622,"distance":4606,"elevation_gain":44,"elevation_loss":44},{"version":1,"timestamp":"2022-06-13 15:38:56 +0000","elevation":1240,"source_type":11,"duration":1529372,"distance":4612,"elevation_gain":44,"elevation_loss":44},{"version":1,"timestamp":"2022-06-13 15:38:58 +0000","elevation":1240,"source_type":11,"duration":1531122,"distance":4618,"elevation_gain":44,"elevation_loss":44},{"version":1,"timestamp":"2022-06-13 15:38:59 +0000","elevation":1240,"source_type":11,"duration":1532872,"distance":4624,"elevation_gain":44,"elevation_loss":44},{"version":1,"timestamp":"2022-06-13 15:39:01 +0000","elevation":1240,"source_type":11,"duration":1534371,"distance":4630,"elevation_gain":44,"elevation_loss":44},{"version":1,"timestamp":"2022-06-13 15:39:02 +0000","elevation":1240,"source_type":11,"duration":1535871,"distance":4636,"elevation_gain":44,"elevation_loss":44},{"version":1,"timestamp":"2022-06-13 15:39:04 +0000","elevation":1240,"source_type":11,"duration":1537371,"distance":4643,"elevation_gain":44,"elevation_loss":44},{"version":1,"timestamp":"2022-06-13 15:39:05 +0000","elevation":1240,"source_type":11,"duration":1538871,"distance":4649,"elevation_gain":44,"elevation_loss":44},{"version":1,"timestamp":"2022-06-13 15:39:09 +0000","elevation":1240,"source_type":11,"duration":1542875,"distance":4664,"elevation_gain":44,"elevation_loss":44},{"version":1,"timestamp":"2022-06-13 15:39:12 +0000","elevation":1240,"source_type":11,"duration":1545874,"distance":4676,"elevation_gain":44,"elevation_loss":44},{"version":1,"timestamp":"2022-06-13 15:39:18 +0000","elevation":1240,"source_type":11,"duration":1551887,"distance":4701,"elevation_gain":45,"elevation_loss":44},{"version":1,"timestamp":"2022-06-13 15:39:25 +0000","elevation":1240,"source_type":11,"duration":1558873,"distance":4726,"elevation_gain":45,"elevation_loss":44},{"version":1,"timestamp":"2022-06-13 15:39:33 +0000","elevation":1240,"source_type":11,"duration":1566564,"distance":4751,"elevation_gain":45,"elevation_loss":44},{"version":1,"timestamp":"2022-06-13 15:39:39 +0000","elevation":1240,"source_type":11,"duration":1572888,"distance":4774,"elevation_gain":45,"elevation_loss":44},{"version":1,"timestamp":"2022-06-13 15:39:47 +0000","elevation":1240,"source_type":11,"duration":1580870,"distance":4798,"elevation_gain":45,"elevation_loss":44},{"version":1,"timestamp":"2022-06-13 15:39:55 +0000","elevation":1239,"source_type":11,"duration":1588876,"distance":4826,"elevation_gain":45,"elevation_loss":44},{"version":1,"timestamp":"2022-06-13 15:40:02 +0000","elevation":1238,"source_type":11,"duration":1595876,"distance":4852,"elevation_gain":45,"elevation_loss":44},{"version":1,"timestamp":"2022-06-13 15:40:09 +0000","elevation":1238,"source_type":11,"duration":1602874,"distance":4876,"elevation_gain":45,"elevation_loss":44},{"version":1,"timestamp":"2022-06-13 15:40:17 +0000","elevation":1237,"source_type":11,"duration":1610871,"distance":4903,"elevation_gain":45,"elevation_loss":44},{"version":1,"timestamp":"2022-06-13 15:40:25 +0000","elevation":1237,"source_type":11,"duration":1618871,"distance":4927,"elevation_gain":45,"elevation_loss":44},{"version":1,"timestamp":"2022-06-13 15:40:38 +0000","elevation":1237,"source_type":11,"duration":1631906,"distance":4950,"elevation_gain":45,"elevation_loss":44},{"version":1,"timestamp":"2022-06-13 15:40:53 +0000","elevation":1237,"source_type":11,"duration":1646901,"distance":4972,"elevation_gain":45,"elevation_loss":44},{"version":1,"timestamp":"2022-06-13 15:41:09 +0000","elevation":1237,"source_type":11,"duration":1662906,"distance":4993,"elevation_gain":45,"elevation_loss":44},{"version":1,"timestamp":"2022-06-13 15:49:44 +0000","elevation":1237,"source_type":11,"duration":1680965,"distance":4993,"elevation_gain":45,"elevation_loss":44},{"version":1,"timestamp":"2022-06-13 15:50:04 +0000","elevation":1237,"source_type":11,"duration":1700965,"distance":5015,"elevation_gain":45,"elevation_loss":44}]