[{"version":1,"timestamp":"2019-10-11 16:23:02 +0000","elevation":1240,"source_type":11,"duration":3017,"distance":0,"elevation_gain":0,"elevation_loss":0},{"version":1,"timestamp":"2019-10-11 16:23:03 +0000","elevation":1240,"source_type":11,"duration":4022,"distance":0,"elevation_gain":0,"elevation_loss":0},{"version":1,"timestamp":"2019-10-11 16:23:21 +0000","elevation":1240,"source_type":11,"duration":22017,"distance":4,"elevation_gain":0,"elevation_loss":0},{"version":1,"timestamp":"2019-10-11 16:23:22 +0000","elevation":1240,"source_type":11,"duration":23017,"distance":7,"elevation_gain":0,"elevation_loss":0},{"version":1,"timestamp":"2019-10-11 16:23:24 +0000","elevation":1240,"source_type":11,"duration":25029,"distance":27,"elevation_gain":0,"elevation_loss":0},{"version":1,"timestamp":"2019-10-11 16:25:27 +0000","elevation":1239,"source_type":11,"duration":148223,"distance":461,"elevation_gain":0,"elevation_loss":0},{"version":1,"timestamp":"2019-10-11 16:25:59 +0000","elevation":1239,"source_type":11,"duration":180023,"distance":482,"elevation_gain":0,"elevation_loss":0},{"version":1,"timestamp":"2019-10-11 16:26:17 +0000","elevation":1240,"source_type":11,"duration":198612,"distance":503,"elevation_gain":0,"elevation_loss":0},{"version":1,"timestamp":"2019-10-11 16:26:27 +0000","elevation":1240,"source_type":11,"duration":208024,"distance":526,"elevation_gain":0,"elevation_loss":0},{"version":1,"timestamp":"2019-10-11 16:26:34 +0000","elevation":1241,"source_type":11,"duration":215020,"distance":553,"elevation_gain":0,"elevation_loss":0},{"version":1,"timestamp":"2019-10-11 16:26:40 +0000","elevation":1242,"source_type":11,"duration":221034,"distance":578,"elevation_gain":0,"elevation_loss":0},{"version":1,"timestamp":"2019-10-11 16:26:41 +0000","elevation":1242,"source_type":11,"duration":222027,"distance":582,"elevation_gain":0,"elevation_loss":0},{"version":1,"timestamp":"2019-10-11 16:26:42 +0000","elevation":1242,"source_type":11,"duration":223023,"distance":587,"elevation_gain":0,"elevation_loss":0},{"version":1,"timestamp":"2019-10-11 16:26:44 +0000","elevation":1242,"source_type":11,"duration":225020,"distance":595,"elevation_gain":0,"elevation_loss":0},{"version":1,"timestamp":"2019-10-11 16:26:46 +0000","elevation":1242,"source_type":11,"duration":227025,"distance":604,"elevation_gain":0,"elevation_loss":0},{"version":1,"timestamp":"2019-10-11 16:26:48 +0000","elevation":1243,"source_type":11,"duration":229026,"distance":613,"elevation_gain":0,"elevation_loss":0},{"version":1,"timestamp":"2019-10-11 16:26:49 +0000","elevation":1243,"source_type":11,"duration":230022,"distance":617,"elevation_gain":0,"elevation_loss":0},{"version":1,"timestamp":"2019-10-11 16:26:50 +0000","elevation":1243,"source_type":11,"duration":231021,"distance":622,"elevation_gain":0,"elevation_loss":0},{"version":1,"timestamp":"2019-10-11 16:26:52 +0000","elevation":1243,"source_type":11,"duration":233026,"distance":630,"elevation_gain":0,"elevation_loss":0},{"version":1,"timestamp":"2019-10-11 16:26:56 +0000","elevation":1243,"source_type":11,"duration":237483,"distance":633,"elevation_gain":0,"elevation_loss":0},{"version":1,"timestamp":"2019-10-11 16:26:56 +0000","elevation":1243,"source_type":11,"duration":237487,"distance":637,"elevation_gain":0,"elevation_loss":0},{"version":1,"timestamp":"2019-10-11 16:26:56 +0000","elevation":1243,"source_type":11,"duration":237499,"distance":641,"elevation_gain":0,"elevation_loss":0},{"version":1,"timestamp":"2019-10-11 16:26:56 +0000","elevation":1243,"source_type":11,"duration":237505,"distance":645,"elevation_gain":0,"elevation_loss":0},{"version":1,"timestamp":"2019-10-11 16:26:57 +0000","elevation":1243,"source_type":11,"duration":238027,"distance":649,"elevation_gain":0,"elevation_loss":0},{"version":1,"timestamp":"2019-10-11 16:26:59 +0000","elevation":1244,"source_type":11,"duration":240024,"distance":657,"elevation_gain":0,"elevation_loss":0},{"version":1,"timestamp":"2019-10-11 16:27:03 +0000","elevation":1244,"source_type":11,"duration":244033,"distance":673,"elevation_gain":0,"elevation_loss":0},{"version":1,"timestamp":"2019-10-11 16:27:06 +0000","elevation":1245,"source_type":11,"duration":247026,"distance":684,"elevation_gain":5,"elevation_loss":0},{"version":1,"timestamp":"2019-10-11 16:27:13 +0000","elevation":1247,"source_type":11,"duration":254022,"distance":712,"elevation_gain":7,"elevation_loss":0},{"version":1,"timestamp":"2019-10-11 16:27:19 +0000","elevation":1248,"source_type":11,"duration":260050,"distance":736,"elevation_gain":8,"elevation_loss":0},{"version":1,"timestamp":"2019-10-11 16:27:21 +0000","elevation":1248,"source_type":11,"duration":262035,"distance":743,"elevation_gain":8,"elevation_loss":0},{"version":1,"timestamp":"2019-10-11 16:27:23 +0000","elevation":1247,"source_type":11,"duration":264035,"distance":750,"elevation_gain":8,"elevation_loss":0},{"version":1,"timestamp":"2019-10-11 16:27:26 +0000","elevation":1247,"source_type":11,"duration":267020,"distance":763,"elevation_gain":8,"elevation_loss":0},{"version":1,"timestamp":"2019-10-11 16:27:29 +0000","elevation":1247,"source_type":11,"duration":270029,"distance":773,"elevation_gain":8,"elevation_loss":0},{"version":1,"timestamp":"2019-10-11 16:27:37 +0000","elevation":1247,"source_type":11,"duration":278018,"distance":784,"elevation_gain":8,"elevation_loss":0},{"version":1,"timestamp":"2019-10-11 16:27:53 +0000","elevation":1248,"source_type":11,"duration":294026,"distance":791,"elevation_gain":8,"elevation_loss":0},{"version":1,"timestamp":"2019-10-11 16:31:12 +0000","elevation":1247,"source_type":11,"duration":302412,"distance":791,"elevation_gain":8,"elevation_loss":0},{"version":1,"timestamp":"2019-10-11 16:31:23 +0000","elevation":1246,"source_type":11,"duration":313423,"distance":820,"elevation_gain":8,"elevation_loss":0},{"version":1,"timestamp":"2019-10-11 16:31:24 +0000","elevation":1246,"source_type":11,"duration":314423,"distance":820,"elevation_gain":8,"elevation_loss":0},{"version":1,"timestamp":"2019-10-11 16:31:31 +0000","elevation":1244,"source_type":11,"duration":321426,"distance":847,"elevation_gain":8,"elevation_loss":0},{"version":1,"timestamp":"2019-10-11 16:31:37 +0000","elevation":1243,"source_type":11,"duration":327419,"distance":872,"elevation_gain":8,"elevation_loss":0},{"version":1,"timestamp":"2019-10-11 16:31:41 +0000","elevation":1243,"source_type":11,"duration":331424,"distance":888,"elevation_gain":8,"elevation_loss":0},{"version":1,"timestamp":"2019-10-11 16:31:43 +0000","elevation":1243,"source_type":11,"duration":333418,"distance":896,"elevation_gain":8,"elevation_loss":0},{"version":1,"timestamp":"2019-10-11 16:31:46 +0000","elevation":1243,"source_type":11,"duration":336423,"distance":909,"elevation_gain":8,"elevation_loss":5},{"version":1,"timestamp":"2019-10-11 16:31:49 +0000","elevation":1242,"source_type":11,"duration":339425,"distance":921,"elevation_gain":8,"elevation_loss":5},{"version":1,"timestamp":"2019-10-11 16:31:50 +0000","elevation":1242,"source_type":11,"duration":340427,"distance":925,"elevation_gain":8,"elevation_loss":5},{"version":1,"timestamp":"2019-10-11 16:31:52 +0000","elevation":1242,"source_type":11,"duration":342422,"distance":932,"elevation_gain":8,"elevation_loss":5},{"version":1,"timestamp":"2019-10-11 16:31:53 +0000","elevation":1242,"source_type":11,"duration":343413,"distance":936,"elevation_gain":8,"elevation_loss":5},{"version":1,"timestamp":"2019-10-11 16:31:56 +0000","elevation":1242,"source_type":11,"duration":346415,"distance":949,"elevation_gain":8,"elevation_loss":6},{"version":1,"timestamp":"2019-10-11 16:31:57 +0000","elevation":1241,"source_type":11,"duration":347412,"distance":953,"elevation_gain":8,"elevation_loss":6},{"version":1,"timestamp":"2019-10-11 16:31:58 +0000","elevation":1241,"source_type":11,"duration":348433,"distance":957,"elevation_gain":8,"elevation_loss":6},{"version":1,"timestamp":"2019-10-11 16:31:59 +0000","elevation":1241,"source_type":11,"duration":349426,"distance":961,"elevation_gain":8,"elevation_loss":6},{"version":1,"timestamp":"2019-10-11 16:32:00 +0000","elevation":1241,"source_type":11,"duration":350429,"distance":966,"elevation_gain":8,"elevation_loss":6},{"version":1,"timestamp":"2019-10-11 16:32:02 +0000","elevation":1241,"source_type":11,"duration":352418,"distance":974,"elevation_gain":8,"elevation_loss":6},{"version":1,"timestamp":"2019-10-11 16:32:03 +0000","elevation":1241,"source_type":11,"duration":353419,"distance":979,"elevation_gain":8,"elevation_loss":7},{"version":1,"timestamp":"2019-10-11 16:32:04 +0000","elevation":1241,"source_type":11,"duration":354417,"distance":983,"elevation_gain":8,"elevation_loss":7},{"version":1,"timestamp":"2019-10-11 16:32:05 +0000","elevation":1240,"source_type":11,"duration":355424,"distance":987,"elevation_gain":8,"elevation_loss":7},{"version":1,"timestamp":"2019-10-11 16:32:06 +0000","elevation":1240,"source_type":11,"duration":356430,"distance":991,"elevation_gain":8,"elevation_loss":7},{"version":1,"timestamp":"2019-10-11 16:32:08 +0000","elevation":1240,"source_type":11,"duration":358413,"distance":998,"elevation_gain":8,"elevation_loss":7},{"version":1,"timestamp":"2019-10-11 16:32:09 +0000","elevation":1240,"source_type":11,"duration":359412,"distance":1002,"elevation_gain":8,"elevation_loss":7},{"version":1,"timestamp":"2019-10-11 16:32:10 +0000","elevation":1240,"source_type":11,"duration":360415,"distance":1006,"elevation_gain":8,"elevation_loss":7},{"version":1,"timestamp":"2019-10-11 16:32:11 +0000","elevation":1240,"source_type":11,"duration":361415,"distance":1009,"elevation_gain":8,"elevation_loss":7},{"version":1,"timestamp":"2019-10-11 16:32:12 +0000","elevation":1240,"source_type":11,"duration":362417,"distance":1013,"elevation_gain":8,"elevation_loss":7},{"version":1,"timestamp":"2019-10-11 16:32:13 +0000","elevation":1240,"source_type":11,"duration":363412,"distance":1017,"elevation_gain":8,"elevation_loss":7},{"version":1,"timestamp":"2019-10-11 16:32:15 +0000","elevation":1240,"source_type":11,"duration":365424,"distance":1024,"elevation_gain":8,"elevation_loss":7},{"version":1,"timestamp":"2019-10-11 16:32:16 +0000","elevation":1240,"source_type":11,"duration":366415,"distance":1028,"elevation_gain":8,"elevation_loss":8},{"version":1,"timestamp":"2019-10-11 16:32:17 +0000","elevation":1240,"source_type":11,"duration":367412,"distance":1032,"elevation_gain":8,"elevation_loss":8},{"version":1,"timestamp":"2019-10-11 16:32:18 +0000","elevation":1240,"source_type":11,"duration":368415,"distance":1036,"elevation_gain":8,"elevation_loss":8},{"version":1,"timestamp":"2019-10-11 16:32:19 +0000","elevation":1239,"source_type":11,"duration":369421,"distance":1040,"elevation_gain":8,"elevation_loss":8},{"version":1,"timestamp":"2019-10-11 16:32:20 +0000","elevation":1239,"source_type":11,"duration":370415,"distance":1044,"elevation_gain":8,"elevation_loss":8},{"version":1,"timestamp":"2019-10-11 16:32:22 +0000","elevation":1239,"source_type":11,"duration":372435,"distance":1051,"elevation_gain":8,"elevation_loss":8},{"version":1,"timestamp":"2019-10-11 16:32:29 +0000","elevation":1239,"source_type":11,"duration":379445,"distance":1076,"elevation_gain":8,"elevation_loss":8},{"version":1,"timestamp":"2019-10-11 16:32:36 +0000","elevation":1238,"source_type":11,"duration":386417,"distance":1103,"elevation_gain":8,"elevation_loss":9},{"version":1,"timestamp":"2019-10-11 16:32:40 +0000","elevation":1238,"source_type":11,"duration":390419,"distance":1119,"elevation_gain":8,"elevation_loss":10},{"version":1,"timestamp":"2019-10-11 16:32:43 +0000","elevation":1237,"source_type":11,"duration":393420,"distance":1129,"elevation_gain":8,"elevation_loss":10},{"version":1,"timestamp":"2019-10-11 16:32:50 +0000","elevation":1237,"source_type":11,"duration":400418,"distance":1155,"elevation_gain":8,"elevation_loss":10},{"version":1,"timestamp":"2019-10-11 16:32:52 +0000","elevation":1237,"source_type":11,"duration":402415,"distance":1162,"elevation_gain":8,"elevation_loss":10},{"version":1,"timestamp":"2019-10-11 16:32:57 +0000","elevation":1237,"source_type":11,"duration":407418,"distance":1180,"elevation_gain":8,"elevation_loss":10},{"version":1,"timestamp":"2019-10-11 16:33:00 +0000","elevation":1237,"source_type":11,"duration":410426,"distance":1191,"elevation_gain":8,"elevation_loss":10},{"version":1,"timestamp":"2019-10-11 16:33:04 +0000","elevation":1237,"source_type":11,"duration":414420,"distance":1205,"elevation_gain":8,"elevation_loss":10},{"version":1,"timestamp":"2019-10-11 16:33:06 +0000","elevation":1238,"source_type":11,"duration":416416,"distance":1212,"elevation_gain":8,"elevation_loss":10},{"version":1,"timestamp":"2019-10-11 16:33:07 +0000","elevation":1238,"source_type":11,"duration":417433,"distance":1215,"elevation_gain":8,"elevation_loss":10},{"version":1,"timestamp":"2019-10-11 16:33:08 +0000","elevation":1238,"source_type":11,"duration":418414,"distance":1219,"elevation_gain":8,"elevation_loss":10},{"version":1,"timestamp":"2019-10-11 16:33:09 +0000","elevation":1238,"source_type":11,"duration":419410,"distance":1223,"elevation_gain":8,"elevation_loss":10},{"version":1,"timestamp":"2019-10-11 16:33:11 +0000","elevation":1238,"source_type":11,"duration":421423,"distance":1230,"elevation_gain":8,"elevation_loss":10},{"version":1,"timestamp":"2019-10-11 16:33:12 +0000","elevation":1238,"source_type":11,"duration":422416,"distance":1234,"elevation_gain":8,"elevation_loss":10},{"version":1,"timestamp":"2019-10-11 16:33:13 +0000","elevation":1238,"source_type":11,"duration":423416,"distance":1238,"elevation_gain":8,"elevation_loss":10},{"version":1,"timestamp":"2019-10-11 16:33:14 +0000","elevation":1238,"source_type":11,"duration":424409,"distance":1241,"elevation_gain":8,"elevation_loss":10},{"version":1,"timestamp":"2019-10-11 16:33:15 +0000","elevation":1238,"source_type":11,"duration":425412,"distance":1245,"elevation_gain":8,"elevation_loss":10},{"version":1,"timestamp":"2019-10-11 16:33:16 +0000","elevation":1238,"source_type":11,"duration":426412,"distance":1248,"elevation_gain":8,"elevation_loss":10},{"version":1,"timestamp":"2019-10-11 16:33:18 +0000","elevation":1238,"source_type":11,"duration":428430,"distance":1256,"elevation_gain":8,"elevation_loss":10},{"version":1,"timestamp":"2019-10-11 16:33:25 +0000","elevation":1239,"source_type":11,"duration":435416,"distance":1280,"elevation_gain":8,"elevation_loss":10},{"version":1,"timestamp":"2019-10-11 16:33:32 +0000","elevation":1240,"source_type":11,"duration":442416,"distance":1305,"elevation_gain":8,"elevation_loss":10},{"version":1,"timestamp":"2019-10-11 16:33:39 +0000","elevation":1240,"source_type":11,"duration":449420,"distance":1331,"elevation_gain":8,"elevation_loss":10},{"version":1,"timestamp":"2019-10-11 16:33:40 +0000","elevation":1240,"source_type":11,"duration":450422,"distance":1335,"elevation_gain":8,"elevation_loss":10},{"version":1,"timestamp":"2019-10-11 16:33:43 +0000","elevation":1240,"source_type":11,"duration":453413,"distance":1345,"elevation_gain":8,"elevation_loss":10},{"version":1,"timestamp":"2019-10-11 16:33:46 +0000","elevation":1240,"source_type":11,"duration":456413,"distance":1355,"elevation_gain":8,"elevation_loss":10},{"version":1,"timestamp":"2019-10-11 16:33:47 +0000","elevation":1241,"source_type":11,"duration":457415,"distance":1359,"elevation_gain":8,"elevation_loss":10},{"version":1,"timestamp":"2019-10-11 16:33:48 +0000","elevation":1241,"source_type":11,"duration":458414,"distance":1362,"elevation_gain":8,"elevation_loss":10},{"version":1,"timestamp":"2019-10-11 16:33:49 +0000","elevation":1241,"source_type":11,"duration":459412,"distance":1365,"elevation_gain":8,"elevation_loss":10},{"version":1,"timestamp":"2019-10-11 16:33:50 +0000","elevation":1241,"source_type":11,"duration":460411,"distance":1369,"elevation_gain":8,"elevation_loss":10},{"version":1,"timestamp":"2019-10-11 16:33:51 +0000","elevation":1241,"source_type":11,"duration":461419,"distance":1372,"elevation_gain":8,"elevation_loss":10},{"version":1,"timestamp":"2019-10-11 16:33:53 +0000","elevation":1241,"source_type":11,"duration":463416,"distance":1378,"elevation_gain":8,"elevation_loss":10},{"version":1,"timestamp":"2019-10-11 16:33:54 +0000","elevation":1241,"source_type":11,"duration":464420,"distance":1382,"elevation_gain":8,"elevation_loss":10},{"version":1,"timestamp":"2019-10-11 16:33:55 +0000","elevation":1241,"source_type":11,"duration":465418,"distance":1385,"elevation_gain":8,"elevation_loss":10},{"version":1,"timestamp":"2019-10-11 16:33:56 +0000","elevation":1241,"source_type":11,"duration":466413,"distance":1388,"elevation_gain":8,"elevation_loss":10},{"version":1,"timestamp":"2019-10-11 16:33:57 +0000","elevation":1241,"source_type":11,"duration":467410,"distance":1391,"elevation_gain":8,"elevation_loss":10},{"version":1,"timestamp":"2019-10-11 16:33:58 +0000","elevation":1241,"source_type":11,"duration":468413,"distance":1393,"elevation_gain":8,"elevation_loss":10},{"version":1,"timestamp":"2019-10-11 16:33:59 +0000","elevation":1241,"source_type":11,"duration":469413,"distance":1395,"elevation_gain":8,"elevation_loss":10},{"version":1,"timestamp":"2019-10-11 16:34:00 +0000","elevation":1241,"source_type":11,"duration":470422,"distance":1396,"elevation_gain":8,"elevation_loss":10},{"version":1,"timestamp":"2019-10-11 16:34:01 +0000","elevation":1241,"source_type":11,"duration":471420,"distance":1398,"elevation_gain":8,"elevation_loss":10},{"version":1,"timestamp":"2019-10-11 16:34:02 +0000","elevation":1241,"source_type":11,"duration":472424,"distance":1400,"elevation_gain":8,"elevation_loss":10},{"version":1,"timestamp":"2019-10-11 16:34:03 +0000","elevation":1241,"source_type":11,"duration":473419,"distance":1402,"elevation_gain":8,"elevation_loss":10},{"version":1,"timestamp":"2019-10-11 16:34:05 +0000","elevation":1241,"source_type":11,"duration":475414,"distance":1407,"elevation_gain":8,"elevation_loss":10}]