[{"version":1,"timestamp":"2019-10-06 16:22:10 +0000","elevation":1239,"source_type":11,"duration":2787,"distance":0,"elevation_gain":0,"elevation_loss":0},{"version":1,"timestamp":"2019-10-06 16:22:28 +0000","elevation":1239,"source_type":11,"duration":20878,"distance":20,"elevation_gain":0,"elevation_loss":0},{"version":1,"timestamp":"2019-10-06 16:22:35 +0000","elevation":1239,"source_type":11,"duration":27792,"distance":26,"elevation_gain":0,"elevation_loss":0},{"version":1,"timestamp":"2019-10-06 16:23:02 +0000","elevation":1239,"source_type":11,"duration":54785,"distance":32,"elevation_gain":0,"elevation_loss":0},{"version":1,"timestamp":"2019-10-06 16:23:03 +0000","elevation":1239,"source_type":11,"duration":55785,"distance":35,"elevation_gain":0,"elevation_loss":0},{"version":1,"timestamp":"2019-10-06 16:23:07 +0000","elevation":1240,"source_type":11,"duration":59833,"distance":47,"elevation_gain":0,"elevation_loss":0},{"version":1,"timestamp":"2019-10-06 16:23:24 +0000","elevation":1240,"source_type":11,"duration":76837,"distance":55,"elevation_gain":0,"elevation_loss":0},{"version":1,"timestamp":"2019-10-06 16:23:25 +0000","elevation":1240,"source_type":11,"duration":77837,"distance":59,"elevation_gain":0,"elevation_loss":0},{"version":1,"timestamp":"2019-10-06 16:23:30 +0000","elevation":1240,"source_type":11,"duration":82788,"distance":82,"elevation_gain":0,"elevation_loss":0},{"version":1,"timestamp":"2019-10-06 16:23:36 +0000","elevation":1240,"source_type":11,"duration":88791,"distance":110,"elevation_gain":0,"elevation_loss":0},{"version":1,"timestamp":"2019-10-06 16:23:41 +0000","elevation":1240,"source_type":11,"duration":93789,"distance":137,"elevation_gain":0,"elevation_loss":0},{"version":1,"timestamp":"2019-10-06 16:23:43 +0000","elevation":1240,"source_type":11,"duration":95791,"distance":148,"elevation_gain":0,"elevation_loss":0},{"version":1,"timestamp":"2019-10-06 16:23:46 +0000","elevation":1240,"source_type":11,"duration":98782,"distance":164,"elevation_gain":0,"elevation_loss":0},{"version":1,"timestamp":"2019-10-06 16:23:52 +0000","elevation":1240,"source_type":11,"duration":104785,"distance":188,"elevation_gain":0,"elevation_loss":0},{"version":1,"timestamp":"2019-10-06 16:23:58 +0000","elevation":1240,"source_type":11,"duration":110789,"distance":214,"elevation_gain":0,"elevation_loss":0},{"version":1,"timestamp":"2019-10-06 16:24:04 +0000","elevation":1240,"source_type":11,"duration":116787,"distance":239,"elevation_gain":0,"elevation_loss":0},{"version":1,"timestamp":"2019-10-06 16:24:11 +0000","elevation":1241,"source_type":11,"duration":123865,"distance":267,"elevation_gain":0,"elevation_loss":0},{"version":1,"timestamp":"2019-10-06 16:24:17 +0000","elevation":1241,"source_type":11,"duration":129785,"distance":293,"elevation_gain":0,"elevation_loss":0},{"version":1,"timestamp":"2019-10-06 16:24:23 +0000","elevation":1240,"source_type":11,"duration":135785,"distance":320,"elevation_gain":0,"elevation_loss":0},{"version":1,"timestamp":"2019-10-06 16:24:29 +0000","elevation":1240,"source_type":11,"duration":141786,"distance":345,"elevation_gain":0,"elevation_loss":0},{"version":1,"timestamp":"2019-10-06 16:24:35 +0000","elevation":1239,"source_type":11,"duration":147791,"distance":374,"elevation_gain":0,"elevation_loss":0},{"version":1,"timestamp":"2019-10-06 16:24:41 +0000","elevation":1239,"source_type":11,"duration":153789,"distance":399,"elevation_gain":0,"elevation_loss":0},{"version":1,"timestamp":"2019-10-06 16:24:47 +0000","elevation":1238,"source_type":11,"duration":159786,"distance":422,"elevation_gain":0,"elevation_loss":0},{"version":1,"timestamp":"2019-10-06 16:24:50 +0000","elevation":1238,"source_type":11,"duration":162791,"distance":434,"elevation_gain":0,"elevation_loss":0},{"version":1,"timestamp":"2019-10-06 16:24:51 +0000","elevation":1238,"source_type":11,"duration":163792,"distance":438,"elevation_gain":0,"elevation_loss":0},{"version":1,"timestamp":"2019-10-06 16:24:54 +0000","elevation":1238,"source_type":11,"duration":166836,"distance":450,"elevation_gain":0,"elevation_loss":0},{"version":1,"timestamp":"2019-10-06 16:24:55 +0000","elevation":1238,"source_type":11,"duration":167793,"distance":454,"elevation_gain":0,"elevation_loss":0},{"version":1,"timestamp":"2019-10-06 16:24:56 +0000","elevation":1238,"source_type":11,"duration":168789,"distance":458,"elevation_gain":0,"elevation_loss":0},{"version":1,"timestamp":"2019-10-06 16:24:57 +0000","elevation":1237,"source_type":11,"duration":169782,"distance":463,"elevation_gain":0,"elevation_loss":0},{"version":1,"timestamp":"2019-10-06 16:24:58 +0000","elevation":1237,"source_type":11,"duration":170787,"distance":467,"elevation_gain":0,"elevation_loss":0},{"version":1,"timestamp":"2019-10-06 16:25:00 +0000","elevation":1237,"source_type":11,"duration":172783,"distance":476,"elevation_gain":0,"elevation_loss":0},{"version":1,"timestamp":"2019-10-06 16:25:06 +0000","elevation":1237,"source_type":11,"duration":178784,"distance":502,"elevation_gain":0,"elevation_loss":0},{"version":1,"timestamp":"2019-10-06 16:25:12 +0000","elevation":1237,"source_type":11,"duration":184786,"distance":527,"elevation_gain":0,"elevation_loss":0},{"version":1,"timestamp":"2019-10-06 16:25:16 +0000","elevation":1237,"source_type":11,"duration":188784,"distance":544,"elevation_gain":0,"elevation_loss":0},{"version":1,"timestamp":"2019-10-06 16:25:17 +0000","elevation":1238,"source_type":11,"duration":189784,"distance":547,"elevation_gain":0,"elevation_loss":0},{"version":1,"timestamp":"2019-10-06 16:25:19 +0000","elevation":1238,"source_type":11,"duration":191791,"distance":555,"elevation_gain":0,"elevation_loss":0},{"version":1,"timestamp":"2019-10-06 16:25:21 +0000","elevation":1238,"source_type":11,"duration":193793,"distance":563,"elevation_gain":0,"elevation_loss":0},{"version":1,"timestamp":"2019-10-06 16:25:25 +0000","elevation":1239,"source_type":11,"duration":197816,"distance":579,"elevation_gain":0,"elevation_loss":0},{"version":1,"timestamp":"2019-10-06 16:25:32 +0000","elevation":1239,"source_type":11,"duration":204788,"distance":604,"elevation_gain":0,"elevation_loss":0},{"version":1,"timestamp":"2019-10-06 16:25:39 +0000","elevation":1240,"source_type":11,"duration":211795,"distance":630,"elevation_gain":0,"elevation_loss":0},{"version":1,"timestamp":"2019-10-06 16:25:46 +0000","elevation":1240,"source_type":11,"duration":218819,"distance":654,"elevation_gain":0,"elevation_loss":0},{"version":1,"timestamp":"2019-10-06 16:25:53 +0000","elevation":1240,"source_type":11,"duration":225823,"distance":679,"elevation_gain":0,"elevation_loss":0}]