[{"version":1,"timestamp":"2019-12-07 10:56:48 +0000","elevation":1245,"source_type":11,"duration":3925,"distance":0,"elevation_gain":0,"elevation_loss":0},{"version":1,"timestamp":"2019-12-07 10:56:57 +0000","elevation":1245,"source_type":11,"duration":12918,"distance":24,"elevation_gain":0,"elevation_loss":0},{"version":1,"timestamp":"2019-12-07 10:57:04 +0000","elevation":1245,"source_type":11,"duration":19921,"distance":51,"elevation_gain":0,"elevation_loss":0},{"version":1,"timestamp":"2019-12-07 10:57:07 +0000","elevation":1245,"source_type":11,"duration":22914,"distance":62,"elevation_gain":0,"elevation_loss":0},{"version":1,"timestamp":"2019-12-07 10:57:11 +0000","elevation":1245,"source_type":11,"duration":26912,"distance":79,"elevation_gain":0,"elevation_loss":0},{"version":1,"timestamp":"2019-12-07 10:57:12 +0000","elevation":1245,"source_type":11,"duration":27920,"distance":83,"elevation_gain":0,"elevation_loss":0},{"version":1,"timestamp":"2019-12-07 10:57:14 +0000","elevation":1244,"source_type":11,"duration":29923,"distance":91,"elevation_gain":0,"elevation_loss":0},{"version":1,"timestamp":"2019-12-07 10:57:15 +0000","elevation":1244,"source_type":11,"duration":30920,"distance":95,"elevation_gain":0,"elevation_loss":0},{"version":1,"timestamp":"2019-12-07 10:57:17 +0000","elevation":1244,"source_type":11,"duration":32916,"distance":104,"elevation_gain":0,"elevation_loss":0},{"version":1,"timestamp":"2019-12-07 10:57:18 +0000","elevation":1245,"source_type":11,"duration":33912,"distance":108,"elevation_gain":0,"elevation_loss":0},{"version":1,"timestamp":"2019-12-07 10:57:19 +0000","elevation":1245,"source_type":11,"duration":34914,"distance":112,"elevation_gain":0,"elevation_loss":0},{"version":1,"timestamp":"2019-12-07 10:57:20 +0000","elevation":1245,"source_type":11,"duration":35920,"distance":116,"elevation_gain":0,"elevation_loss":0},{"version":1,"timestamp":"2019-12-07 10:57:21 +0000","elevation":1245,"source_type":11,"duration":36916,"distance":120,"elevation_gain":0,"elevation_loss":0},{"version":1,"timestamp":"2019-12-07 10:57:23 +0000","elevation":1245,"source_type":11,"duration":38915,"distance":127,"elevation_gain":0,"elevation_loss":0},{"version":1,"timestamp":"2019-12-07 10:57:24 +0000","elevation":1245,"source_type":11,"duration":39915,"distance":131,"elevation_gain":0,"elevation_loss":0},{"version":1,"timestamp":"2019-12-07 10:57:25 +0000","elevation":1245,"source_type":11,"duration":40916,"distance":135,"elevation_gain":0,"elevation_loss":0},{"version":1,"timestamp":"2019-12-07 10:57:26 +0000","elevation":1245,"source_type":11,"duration":41921,"distance":139,"elevation_gain":0,"elevation_loss":0},{"version":1,"timestamp":"2019-12-07 10:57:27 +0000","elevation":1245,"source_type":11,"duration":42914,"distance":142,"elevation_gain":0,"elevation_loss":0},{"version":1,"timestamp":"2019-12-07 10:57:28 +0000","elevation":1245,"source_type":11,"duration":43915,"distance":146,"elevation_gain":0,"elevation_loss":0},{"version":1,"timestamp":"2019-12-07 10:57:30 +0000","elevation":1245,"source_type":11,"duration":45916,"distance":153,"elevation_gain":0,"elevation_loss":0},{"version":1,"timestamp":"2019-12-07 10:57:37 +0000","elevation":1245,"source_type":11,"duration":52914,"distance":179,"elevation_gain":0,"elevation_loss":0},{"version":1,"timestamp":"2019-12-07 10:57:43 +0000","elevation":1244,"source_type":11,"duration":58913,"distance":203,"elevation_gain":0,"elevation_loss":0},{"version":1,"timestamp":"2019-12-07 10:57:50 +0000","elevation":1243,"source_type":11,"duration":65915,"distance":229,"elevation_gain":0,"elevation_loss":0},{"version":1,"timestamp":"2019-12-07 10:57:57 +0000","elevation":1242,"source_type":11,"duration":72913,"distance":255,"elevation_gain":0,"elevation_loss":0},{"version":1,"timestamp":"2019-12-07 10:58:04 +0000","elevation":1241,"source_type":11,"duration":79921,"distance":280,"elevation_gain":0,"elevation_loss":0},{"version":1,"timestamp":"2019-12-07 10:58:11 +0000","elevation":1241,"source_type":11,"duration":86913,"distance":305,"elevation_gain":0,"elevation_loss":0},{"version":1,"timestamp":"2019-12-07 10:58:18 +0000","elevation":1241,"source_type":11,"duration":93913,"distance":331,"elevation_gain":0,"elevation_loss":0},{"version":1,"timestamp":"2019-12-07 10:58:22 +0000","elevation":1242,"source_type":11,"duration":97414,"distance":344,"elevation_gain":0,"elevation_loss":0},{"version":1,"timestamp":"2019-12-07 10:58:25 +0000","elevation":1242,"source_type":11,"duration":100915,"distance":358,"elevation_gain":0,"elevation_loss":0},{"version":1,"timestamp":"2019-12-07 10:58:27 +0000","elevation":1242,"source_type":11,"duration":102666,"distance":365,"elevation_gain":0,"elevation_loss":0},{"version":1,"timestamp":"2019-12-07 10:58:29 +0000","elevation":1243,"source_type":11,"duration":104417,"distance":371,"elevation_gain":0,"elevation_loss":0},{"version":1,"timestamp":"2019-12-07 10:58:31 +0000","elevation":1243,"source_type":11,"duration":106168,"distance":378,"elevation_gain":0,"elevation_loss":0},{"version":1,"timestamp":"2019-12-07 10:58:32 +0000","elevation":1243,"source_type":11,"duration":107919,"distance":384,"elevation_gain":0,"elevation_loss":0},{"version":1,"timestamp":"2019-12-07 10:58:34 +0000","elevation":1243,"source_type":11,"duration":109668,"distance":391,"elevation_gain":0,"elevation_loss":0},{"version":1,"timestamp":"2019-12-07 10:58:36 +0000","elevation":1244,"source_type":11,"duration":111417,"distance":397,"elevation_gain":0,"elevation_loss":0},{"version":1,"timestamp":"2019-12-07 10:58:38 +0000","elevation":1244,"source_type":11,"duration":113166,"distance":403,"elevation_gain":0,"elevation_loss":0},{"version":1,"timestamp":"2019-12-07 10:58:39 +0000","elevation":1244,"source_type":11,"duration":114916,"distance":410,"elevation_gain":0,"elevation_loss":0},{"version":1,"timestamp":"2019-12-07 10:58:43 +0000","elevation":1244,"source_type":11,"duration":118415,"distance":422,"elevation_gain":0,"elevation_loss":0},{"version":1,"timestamp":"2019-12-07 10:58:46 +0000","elevation":1244,"source_type":11,"duration":121914,"distance":434,"elevation_gain":0,"elevation_loss":0},{"version":1,"timestamp":"2019-12-07 10:58:48 +0000","elevation":1244,"source_type":11,"duration":123664,"distance":440,"elevation_gain":0,"elevation_loss":0},{"version":1,"timestamp":"2019-12-07 10:58:50 +0000","elevation":1244,"source_type":11,"duration":125414,"distance":446,"elevation_gain":0,"elevation_loss":0},{"version":1,"timestamp":"2019-12-07 10:58:52 +0000","elevation":1244,"source_type":11,"duration":127164,"distance":453,"elevation_gain":0,"elevation_loss":0},{"version":1,"timestamp":"2019-12-07 10:58:53 +0000","elevation":1244,"source_type":11,"duration":128914,"distance":459,"elevation_gain":0,"elevation_loss":0},{"version":1,"timestamp":"2019-12-07 10:58:54 +0000","elevation":1244,"source_type":11,"duration":129167,"distance":461,"elevation_gain":0,"elevation_loss":0},{"version":1,"timestamp":"2019-12-07 10:58:54 +0000","elevation":1244,"source_type":11,"duration":129420,"distance":463,"elevation_gain":0,"elevation_loss":0},{"version":1,"timestamp":"2019-12-07 10:58:54 +0000","elevation":1244,"source_type":11,"duration":129673,"distance":463,"elevation_gain":0,"elevation_loss":0},{"version":1,"timestamp":"2019-12-07 10:58:54 +0000","elevation":1244,"source_type":11,"duration":129926,"distance":463,"elevation_gain":0,"elevation_loss":0},{"version":1,"timestamp":"2019-12-07 10:58:55 +0000","elevation":1244,"source_type":11,"duration":130673,"distance":465,"elevation_gain":0,"elevation_loss":0},{"version":1,"timestamp":"2019-12-07 10:58:56 +0000","elevation":1244,"source_type":11,"duration":131421,"distance":468,"elevation_gain":0,"elevation_loss":0},{"version":1,"timestamp":"2019-12-07 10:58:57 +0000","elevation":1244,"source_type":11,"duration":132168,"distance":471,"elevation_gain":0,"elevation_loss":0},{"version":1,"timestamp":"2019-12-07 10:58:57 +0000","elevation":1244,"source_type":11,"duration":132916,"distance":474,"elevation_gain":0,"elevation_loss":0},{"version":1,"timestamp":"2019-12-07 10:58:58 +0000","elevation":1244,"source_type":11,"duration":133665,"distance":476,"elevation_gain":0,"elevation_loss":0},{"version":1,"timestamp":"2019-12-07 10:58:59 +0000","elevation":1244,"source_type":11,"duration":134415,"distance":479,"elevation_gain":0,"elevation_loss":0},{"version":1,"timestamp":"2019-12-07 10:59:00 +0000","elevation":1244,"source_type":11,"duration":135165,"distance":482,"elevation_gain":0,"elevation_loss":0},{"version":1,"timestamp":"2019-12-07 10:59:00 +0000","elevation":1244,"source_type":11,"duration":135915,"distance":484,"elevation_gain":0,"elevation_loss":0},{"version":1,"timestamp":"2019-12-07 10:59:02 +0000","elevation":1244,"source_type":11,"duration":137665,"distance":489,"elevation_gain":0,"elevation_loss":0},{"version":1,"timestamp":"2019-12-07 10:59:04 +0000","elevation":1244,"source_type":11,"duration":139415,"distance":495,"elevation_gain":0,"elevation_loss":0},{"version":1,"timestamp":"2019-12-07 10:59:06 +0000","elevation":1244,"source_type":11,"duration":141165,"distance":502,"elevation_gain":0,"elevation_loss":0},{"version":1,"timestamp":"2019-12-07 10:59:07 +0000","elevation":1244,"source_type":11,"duration":142916,"distance":509,"elevation_gain":0,"elevation_loss":0},{"version":1,"timestamp":"2019-12-07 10:59:14 +0000","elevation":1243,"source_type":11,"duration":149915,"distance":534,"elevation_gain":0,"elevation_loss":0},{"version":1,"timestamp":"2019-12-07 10:59:21 +0000","elevation":1243,"source_type":11,"duration":156917,"distance":560,"elevation_gain":0,"elevation_loss":0},{"version":1,"timestamp":"2019-12-07 10:59:28 +0000","elevation":1243,"source_type":11,"duration":163915,"distance":583,"elevation_gain":0,"elevation_loss":0},{"version":1,"timestamp":"2019-12-07 10:59:36 +0000","elevation":1244,"source_type":11,"duration":171910,"distance":609,"elevation_gain":0,"elevation_loss":0},{"version":1,"timestamp":"2019-12-07 10:59:39 +0000","elevation":1244,"source_type":11,"duration":174914,"distance":618,"elevation_gain":0,"elevation_loss":0},{"version":1,"timestamp":"2019-12-07 10:59:42 +0000","elevation":1245,"source_type":11,"duration":177417,"distance":626,"elevation_gain":0,"elevation_loss":0},{"version":1,"timestamp":"2019-12-07 10:59:44 +0000","elevation":1245,"source_type":11,"duration":179921,"distance":635,"elevation_gain":0,"elevation_loss":0},{"version":1,"timestamp":"2019-12-07 10:59:46 +0000","elevation":1245,"source_type":11,"duration":181669,"distance":640,"elevation_gain":0,"elevation_loss":0},{"version":1,"timestamp":"2019-12-07 10:59:48 +0000","elevation":1245,"source_type":11,"duration":183418,"distance":646,"elevation_gain":0,"elevation_loss":0},{"version":1,"timestamp":"2019-12-07 10:59:50 +0000","elevation":1245,"source_type":11,"duration":185167,"distance":652,"elevation_gain":0,"elevation_loss":0},{"version":1,"timestamp":"2019-12-07 10:59:51 +0000","elevation":1245,"source_type":11,"duration":186916,"distance":659,"elevation_gain":0,"elevation_loss":0},{"version":1,"timestamp":"2019-12-07 10:59:53 +0000","elevation":1245,"source_type":11,"duration":188666,"distance":665,"elevation_gain":0,"elevation_loss":0},{"version":1,"timestamp":"2019-12-07 10:59:55 +0000","elevation":1246,"source_type":11,"duration":190416,"distance":671,"elevation_gain":0,"elevation_loss":0},{"version":1,"timestamp":"2019-12-07 10:59:57 +0000","elevation":1246,"source_type":11,"duration":192166,"distance":677,"elevation_gain":0,"elevation_loss":0},{"version":1,"timestamp":"2019-12-07 10:59:58 +0000","elevation":1246,"source_type":11,"duration":193916,"distance":683,"elevation_gain":0,"elevation_loss":0},{"version":1,"timestamp":"2019-12-07 11:00:00 +0000","elevation":1246,"source_type":11,"duration":195665,"distance":689,"elevation_gain":0,"elevation_loss":0},{"version":1,"timestamp":"2019-12-07 11:00:02 +0000","elevation":1245,"source_type":11,"duration":197415,"distance":695,"elevation_gain":0,"elevation_loss":0},{"version":1,"timestamp":"2019-12-07 11:00:04 +0000","elevation":1245,"source_type":11,"duration":199164,"distance":701,"elevation_gain":0,"elevation_loss":0},{"version":1,"timestamp":"2019-12-07 11:00:05 +0000","elevation":1245,"source_type":11,"duration":200914,"distance":707,"elevation_gain":0,"elevation_loss":0},{"version":1,"timestamp":"2019-12-07 11:00:07 +0000","elevation":1245,"source_type":11,"duration":202663,"distance":713,"elevation_gain":0,"elevation_loss":0},{"version":1,"timestamp":"2019-12-07 11:00:09 +0000","elevation":1245,"source_type":11,"duration":204413,"distance":719,"elevation_gain":0,"elevation_loss":0},{"version":1,"timestamp":"2019-12-07 11:00:11 +0000","elevation":1244,"source_type":11,"duration":206163,"distance":726,"elevation_gain":0,"elevation_loss":0},{"version":1,"timestamp":"2019-12-07 11:00:12 +0000","elevation":1244,"source_type":11,"duration":207913,"distance":733,"elevation_gain":0,"elevation_loss":0},{"version":1,"timestamp":"2019-12-07 11:00:14 +0000","elevation":1244,"source_type":11,"duration":209664,"distance":739,"elevation_gain":0,"elevation_loss":0},{"version":1,"timestamp":"2019-12-07 11:00:16 +0000","elevation":1244,"source_type":11,"duration":211415,"distance":745,"elevation_gain":0,"elevation_loss":0},{"version":1,"timestamp":"2019-12-07 11:00:18 +0000","elevation":1243,"source_type":11,"duration":213166,"distance":751,"elevation_gain":0,"elevation_loss":0},{"version":1,"timestamp":"2019-12-07 11:00:19 +0000","elevation":1243,"source_type":11,"duration":214917,"distance":757,"elevation_gain":0,"elevation_loss":0},{"version":1,"timestamp":"2019-12-07 11:00:22 +0000","elevation":1243,"source_type":11,"duration":217915,"distance":768,"elevation_gain":0,"elevation_loss":0},{"version":1,"timestamp":"2019-12-07 11:00:26 +0000","elevation":1242,"source_type":11,"duration":221916,"distance":781,"elevation_gain":0,"elevation_loss":0},{"version":1,"timestamp":"2019-12-07 11:00:27 +0000","elevation":1242,"source_type":11,"duration":222919,"distance":784,"elevation_gain":0,"elevation_loss":0},{"version":1,"timestamp":"2019-12-07 11:00:30 +0000","elevation":1242,"source_type":11,"duration":225920,"distance":794,"elevation_gain":0,"elevation_loss":0},{"version":1,"timestamp":"2019-12-07 11:00:31 +0000","elevation":1242,"source_type":11,"duration":226913,"distance":797,"elevation_gain":0,"elevation_loss":0},{"version":1,"timestamp":"2019-12-07 11:00:32 +0000","elevation":1242,"source_type":11,"duration":227929,"distance":800,"elevation_gain":0,"elevation_loss":0},{"version":1,"timestamp":"2019-12-07 11:00:34 +0000","elevation":1241,"source_type":11,"duration":229915,"distance":807,"elevation_gain":0,"elevation_loss":0},{"version":1,"timestamp":"2019-12-07 11:00:35 +0000","elevation":1241,"source_type":11,"duration":230923,"distance":811,"elevation_gain":0,"elevation_loss":0},{"version":1,"timestamp":"2019-12-07 11:00:36 +0000","elevation":1241,"source_type":11,"duration":231916,"distance":814,"elevation_gain":0,"elevation_loss":0},{"version":1,"timestamp":"2019-12-07 11:00:37 +0000","elevation":1241,"source_type":11,"duration":232915,"distance":818,"elevation_gain":0,"elevation_loss":0},{"version":1,"timestamp":"2019-12-07 11:00:38 +0000","elevation":1241,"source_type":11,"duration":233915,"distance":821,"elevation_gain":0,"elevation_loss":0},{"version":1,"timestamp":"2019-12-07 11:00:39 +0000","elevation":1241,"source_type":11,"duration":234915,"distance":825,"elevation_gain":0,"elevation_loss":0},{"version":1,"timestamp":"2019-12-07 11:00:41 +0000","elevation":1241,"source_type":11,"duration":236914,"distance":831,"elevation_gain":0,"elevation_loss":0},{"version":1,"timestamp":"2019-12-07 11:00:49 +0000","elevation":1240,"source_type":11,"duration":244912,"distance":855,"elevation_gain":0,"elevation_loss":5},{"version":1,"timestamp":"2019-12-07 11:00:56 +0000","elevation":1239,"source_type":11,"duration":251911,"distance":880,"elevation_gain":0,"elevation_loss":6},{"version":1,"timestamp":"2019-12-07 11:01:03 +0000","elevation":1239,"source_type":11,"duration":258918,"distance":903,"elevation_gain":0,"elevation_loss":6},{"version":1,"timestamp":"2019-12-07 11:01:10 +0000","elevation":1239,"source_type":11,"duration":265930,"distance":928,"elevation_gain":0,"elevation_loss":6},{"version":1,"timestamp":"2019-12-07 11:01:13 +0000","elevation":1239,"source_type":11,"duration":268946,"distance":937,"elevation_gain":0,"elevation_loss":6},{"version":1,"timestamp":"2019-12-07 11:01:18 +0000","elevation":1239,"source_type":11,"duration":273921,"distance":952,"elevation_gain":0,"elevation_loss":6}]