[{"version":1,"timestamp":"2019-07-31 05:58:46 +0000","elevation":1241,"source_type":11,"duration":4000,"distance":0,"elevation_gain":0,"elevation_loss":0},{"version":1,"timestamp":"2019-07-31 05:58:48 +0000","elevation":1241,"source_type":11,"duration":6000,"distance":1,"elevation_gain":0,"elevation_loss":0},{"version":1,"timestamp":"2019-07-31 05:59:18 +0000","elevation":1241,"source_type":11,"duration":36000,"distance":15,"elevation_gain":0,"elevation_loss":0},{"version":1,"timestamp":"2019-07-31 05:59:29 +0000","elevation":1241,"source_type":11,"duration":47000,"distance":40,"elevation_gain":0,"elevation_loss":0},{"version":1,"timestamp":"2019-07-31 05:59:41 +0000","elevation":1242,"source_type":11,"duration":59000,"distance":55,"elevation_gain":0,"elevation_loss":0},{"version":1,"timestamp":"2019-07-31 05:59:50 +0000","elevation":1242,"source_type":11,"duration":68000,"distance":66,"elevation_gain":0,"elevation_loss":0},{"version":1,"timestamp":"2019-07-31 05:59:51 +0000","elevation":1243,"source_type":11,"duration":69000,"distance":88,"elevation_gain":0,"elevation_loss":0},{"version":1,"timestamp":"2019-07-31 05:59:53 +0000","elevation":1243,"source_type":11,"duration":71000,"distance":97,"elevation_gain":0,"elevation_loss":0},{"version":1,"timestamp":"2019-07-31 05:59:54 +0000","elevation":1243,"source_type":11,"duration":72000,"distance":100,"elevation_gain":0,"elevation_loss":0},{"version":1,"timestamp":"2019-07-31 05:59:57 +0000","elevation":1243,"source_type":11,"duration":75000,"distance":107,"elevation_gain":0,"elevation_loss":0},{"version":1,"timestamp":"2019-07-31 05:59:58 +0000","elevation":1243,"source_type":11,"duration":76000,"distance":109,"elevation_gain":0,"elevation_loss":0},{"version":1,"timestamp":"2019-07-31 06:00:01 +0000","elevation":1244,"source_type":11,"duration":79000,"distance":124,"elevation_gain":0,"elevation_loss":0},{"version":1,"timestamp":"2019-07-31 06:00:02 +0000","elevation":1244,"source_type":11,"duration":80000,"distance":129,"elevation_gain":0,"elevation_loss":0},{"version":1,"timestamp":"2019-07-31 06:00:03 +0000","elevation":1244,"source_type":11,"duration":81000,"distance":134,"elevation_gain":0,"elevation_loss":0},{"version":1,"timestamp":"2019-07-31 06:00:04 +0000","elevation":1244,"source_type":11,"duration":82000,"distance":138,"elevation_gain":0,"elevation_loss":0},{"version":1,"timestamp":"2019-07-31 06:00:05 +0000","elevation":1244,"source_type":11,"duration":83000,"distance":143,"elevation_gain":0,"elevation_loss":0},{"version":1,"timestamp":"2019-07-31 06:00:07 +0000","elevation":1244,"source_type":11,"duration":85000,"distance":151,"elevation_gain":0,"elevation_loss":0},{"version":1,"timestamp":"2019-07-31 06:00:08 +0000","elevation":1244,"source_type":11,"duration":86000,"distance":155,"elevation_gain":0,"elevation_loss":0},{"version":1,"timestamp":"2019-07-31 06:00:09 +0000","elevation":1244,"source_type":11,"duration":87000,"distance":158,"elevation_gain":0,"elevation_loss":0},{"version":1,"timestamp":"2019-07-31 06:00:10 +0000","elevation":1244,"source_type":11,"duration":88000,"distance":162,"elevation_gain":0,"elevation_loss":0},{"version":1,"timestamp":"2019-07-31 06:00:11 +0000","elevation":1244,"source_type":11,"duration":89000,"distance":165,"elevation_gain":0,"elevation_loss":0},{"version":1,"timestamp":"2019-07-31 06:00:12 +0000","elevation":1244,"source_type":11,"duration":90000,"distance":168,"elevation_gain":0,"elevation_loss":0},{"version":1,"timestamp":"2019-07-31 06:00:14 +0000","elevation":1244,"source_type":11,"duration":92000,"distance":177,"elevation_gain":0,"elevation_loss":0},{"version":1,"timestamp":"2019-07-31 06:00:15 +0000","elevation":1244,"source_type":11,"duration":93000,"distance":181,"elevation_gain":0,"elevation_loss":0},{"version":1,"timestamp":"2019-07-31 06:00:16 +0000","elevation":1244,"source_type":11,"duration":94000,"distance":185,"elevation_gain":0,"elevation_loss":0},{"version":1,"timestamp":"2019-07-31 06:00:18 +0000","elevation":1244,"source_type":11,"duration":96000,"distance":190,"elevation_gain":0,"elevation_loss":0},{"version":1,"timestamp":"2019-07-31 06:00:21 +0000","elevation":1244,"source_type":11,"duration":99000,"distance":204,"elevation_gain":0,"elevation_loss":0},{"version":1,"timestamp":"2019-07-31 06:00:22 +0000","elevation":1244,"source_type":11,"duration":100000,"distance":207,"elevation_gain":0,"elevation_loss":0},{"version":1,"timestamp":"2019-07-31 06:00:23 +0000","elevation":1244,"source_type":11,"duration":101000,"distance":211,"elevation_gain":0,"elevation_loss":0},{"version":1,"timestamp":"2019-07-31 06:00:24 +0000","elevation":1244,"source_type":11,"duration":102000,"distance":215,"elevation_gain":0,"elevation_loss":0},{"version":1,"timestamp":"2019-07-31 06:00:25 +0000","elevation":1244,"source_type":11,"duration":103000,"distance":220,"elevation_gain":0,"elevation_loss":0},{"version":1,"timestamp":"2019-07-31 06:00:27 +0000","elevation":1244,"source_type":11,"duration":105000,"distance":229,"elevation_gain":0,"elevation_loss":0},{"version":1,"timestamp":"2019-07-31 06:00:28 +0000","elevation":1244,"source_type":11,"duration":106000,"distance":233,"elevation_gain":0,"elevation_loss":0},{"version":1,"timestamp":"2019-07-31 06:00:29 +0000","elevation":1244,"source_type":11,"duration":107000,"distance":237,"elevation_gain":0,"elevation_loss":0},{"version":1,"timestamp":"2019-07-31 06:00:30 +0000","elevation":1244,"source_type":11,"duration":108000,"distance":241,"elevation_gain":0,"elevation_loss":0},{"version":1,"timestamp":"2019-07-31 06:00:31 +0000","elevation":1244,"source_type":11,"duration":109000,"distance":245,"elevation_gain":0,"elevation_loss":0},{"version":1,"timestamp":"2019-07-31 06:00:33 +0000","elevation":1244,"source_type":11,"duration":111000,"distance":252,"elevation_gain":0,"elevation_loss":0},{"version":1,"timestamp":"2019-07-31 06:00:35 +0000","elevation":1244,"source_type":11,"duration":113000,"distance":256,"elevation_gain":0,"elevation_loss":0},{"version":1,"timestamp":"2019-07-31 06:00:37 +0000","elevation":1244,"source_type":11,"duration":115000,"distance":265,"elevation_gain":0,"elevation_loss":0},{"version":1,"timestamp":"2019-07-31 06:00:38 +0000","elevation":1244,"source_type":11,"duration":116000,"distance":270,"elevation_gain":0,"elevation_loss":0},{"version":1,"timestamp":"2019-07-31 06:00:40 +0000","elevation":1245,"source_type":11,"duration":118000,"distance":277,"elevation_gain":0,"elevation_loss":0},{"version":1,"timestamp":"2019-07-31 06:00:41 +0000","elevation":1245,"source_type":11,"duration":119000,"distance":282,"elevation_gain":0,"elevation_loss":0},{"version":1,"timestamp":"2019-07-31 06:00:42 +0000","elevation":1245,"source_type":11,"duration":120000,"distance":285,"elevation_gain":0,"elevation_loss":0},{"version":1,"timestamp":"2019-07-31 06:00:43 +0000","elevation":1245,"source_type":11,"duration":121000,"distance":288,"elevation_gain":0,"elevation_loss":0},{"version":1,"timestamp":"2019-07-31 06:00:44 +0000","elevation":1245,"source_type":11,"duration":122000,"distance":291,"elevation_gain":0,"elevation_loss":0},{"version":1,"timestamp":"2019-07-31 06:00:45 +0000","elevation":1245,"source_type":11,"duration":123000,"distance":294,"elevation_gain":0,"elevation_loss":0},{"version":1,"timestamp":"2019-07-31 06:00:46 +0000","elevation":1245,"source_type":11,"duration":124000,"distance":297,"elevation_gain":0,"elevation_loss":0},{"version":1,"timestamp":"2019-07-31 06:00:48 +0000","elevation":1246,"source_type":11,"duration":126000,"distance":303,"elevation_gain":0,"elevation_loss":0},{"version":1,"timestamp":"2019-07-31 06:00:49 +0000","elevation":1246,"source_type":11,"duration":127000,"distance":307,"elevation_gain":0,"elevation_loss":0},{"version":1,"timestamp":"2019-07-31 06:00:50 +0000","elevation":1246,"source_type":11,"duration":128000,"distance":310,"elevation_gain":5,"elevation_loss":0},{"version":1,"timestamp":"2019-07-31 06:00:51 +0000","elevation":1246,"source_type":11,"duration":129000,"distance":313,"elevation_gain":5,"elevation_loss":0},{"version":1,"timestamp":"2019-07-31 06:00:52 +0000","elevation":1246,"source_type":11,"duration":130000,"distance":316,"elevation_gain":5,"elevation_loss":0},{"version":1,"timestamp":"2019-07-31 06:00:53 +0000","elevation":1246,"source_type":11,"duration":131000,"distance":319,"elevation_gain":5,"elevation_loss":0},{"version":1,"timestamp":"2019-07-31 06:00:54 +0000","elevation":1246,"source_type":11,"duration":132000,"distance":323,"elevation_gain":5,"elevation_loss":0},{"version":1,"timestamp":"2019-07-31 06:00:56 +0000","elevation":1246,"source_type":11,"duration":134000,"distance":329,"elevation_gain":5,"elevation_loss":0},{"version":1,"timestamp":"2019-07-31 06:01:03 +0000","elevation":1246,"source_type":11,"duration":141000,"distance":353,"elevation_gain":5,"elevation_loss":0},{"version":1,"timestamp":"2019-07-31 06:01:10 +0000","elevation":1247,"source_type":11,"duration":148000,"distance":378,"elevation_gain":6,"elevation_loss":0},{"version":1,"timestamp":"2019-07-31 06:01:19 +0000","elevation":1247,"source_type":11,"duration":157000,"distance":391,"elevation_gain":6,"elevation_loss":0},{"version":1,"timestamp":"2019-07-31 06:01:21 +0000","elevation":1247,"source_type":11,"duration":159000,"distance":393,"elevation_gain":6,"elevation_loss":0},{"version":1,"timestamp":"2019-07-31 06:01:23 +0000","elevation":1247,"source_type":11,"duration":161000,"distance":396,"elevation_gain":6,"elevation_loss":0},{"version":1,"timestamp":"2019-07-31 06:01:25 +0000","elevation":1247,"source_type":11,"duration":163000,"distance":400,"elevation_gain":6,"elevation_loss":0},{"version":1,"timestamp":"2019-07-31 06:01:27 +0000","elevation":1247,"source_type":11,"duration":165000,"distance":404,"elevation_gain":6,"elevation_loss":0},{"version":1,"timestamp":"2019-07-31 06:01:29 +0000","elevation":1247,"source_type":11,"duration":167000,"distance":409,"elevation_gain":6,"elevation_loss":0},{"version":1,"timestamp":"2019-07-31 06:01:31 +0000","elevation":1247,"source_type":11,"duration":169000,"distance":416,"elevation_gain":6,"elevation_loss":0},{"version":1,"timestamp":"2019-07-31 06:01:33 +0000","elevation":1247,"source_type":11,"duration":171000,"distance":426,"elevation_gain":6,"elevation_loss":0},{"version":1,"timestamp":"2019-07-31 06:01:35 +0000","elevation":1248,"source_type":11,"duration":173000,"distance":436,"elevation_gain":6,"elevation_loss":0},{"version":1,"timestamp":"2019-07-31 06:01:39 +0000","elevation":1248,"source_type":11,"duration":177000,"distance":449,"elevation_gain":7,"elevation_loss":0},{"version":1,"timestamp":"2019-07-31 06:01:43 +0000","elevation":1248,"source_type":11,"duration":181000,"distance":460,"elevation_gain":7,"elevation_loss":0},{"version":1,"timestamp":"2019-07-31 06:01:45 +0000","elevation":1249,"source_type":11,"duration":183000,"distance":467,"elevation_gain":8,"elevation_loss":0},{"version":1,"timestamp":"2019-07-31 06:01:47 +0000","elevation":1249,"source_type":11,"duration":185000,"distance":473,"elevation_gain":8,"elevation_loss":0},{"version":1,"timestamp":"2019-07-31 06:01:49 +0000","elevation":1249,"source_type":11,"duration":187000,"distance":479,"elevation_gain":8,"elevation_loss":0},{"version":1,"timestamp":"2019-07-31 06:01:51 +0000","elevation":1249,"source_type":11,"duration":189000,"distance":486,"elevation_gain":8,"elevation_loss":0},{"version":1,"timestamp":"2019-07-31 06:01:52 +0000","elevation":1249,"source_type":11,"duration":190500,"distance":491,"elevation_gain":8,"elevation_loss":0},{"version":1,"timestamp":"2019-07-31 06:01:54 +0000","elevation":1250,"source_type":11,"duration":192000,"distance":497,"elevation_gain":8,"elevation_loss":0},{"version":1,"timestamp":"2019-07-31 06:01:55 +0000","elevation":1250,"source_type":11,"duration":193500,"distance":503,"elevation_gain":9,"elevation_loss":0},{"version":1,"timestamp":"2019-07-31 06:01:57 +0000","elevation":1250,"source_type":11,"duration":195000,"distance":509,"elevation_gain":9,"elevation_loss":0},{"version":1,"timestamp":"2019-07-31 06:01:58 +0000","elevation":1250,"source_type":11,"duration":196000,"distance":513,"elevation_gain":9,"elevation_loss":0},{"version":1,"timestamp":"2019-07-31 06:01:59 +0000","elevation":1250,"source_type":11,"duration":197000,"distance":517,"elevation_gain":9,"elevation_loss":0},{"version":1,"timestamp":"2019-07-31 06:02:00 +0000","elevation":1250,"source_type":11,"duration":198000,"distance":520,"elevation_gain":9,"elevation_loss":0},{"version":1,"timestamp":"2019-07-31 06:02:01 +0000","elevation":1250,"source_type":11,"duration":199000,"distance":523,"elevation_gain":9,"elevation_loss":0},{"version":1,"timestamp":"2019-07-31 06:02:02 +0000","elevation":1250,"source_type":11,"duration":200500,"distance":529,"elevation_gain":9,"elevation_loss":0},{"version":1,"timestamp":"2019-07-31 06:02:04 +0000","elevation":1250,"source_type":11,"duration":202000,"distance":534,"elevation_gain":9,"elevation_loss":0},{"version":1,"timestamp":"2019-07-31 06:02:06 +0000","elevation":1250,"source_type":11,"duration":204000,"distance":538,"elevation_gain":9,"elevation_loss":0},{"version":1,"timestamp":"2019-07-31 06:02:08 +0000","elevation":1250,"source_type":11,"duration":206000,"distance":543,"elevation_gain":9,"elevation_loss":0},{"version":1,"timestamp":"2019-07-31 06:02:10 +0000","elevation":1250,"source_type":11,"duration":208000,"distance":549,"elevation_gain":9,"elevation_loss":0},{"version":1,"timestamp":"2019-07-31 06:02:12 +0000","elevation":1250,"source_type":11,"duration":210000,"distance":555,"elevation_gain":9,"elevation_loss":0},{"version":1,"timestamp":"2019-07-31 06:02:13 +0000","elevation":1250,"source_type":11,"duration":211750,"distance":561,"elevation_gain":9,"elevation_loss":0},{"version":1,"timestamp":"2019-07-31 06:02:15 +0000","elevation":1250,"source_type":11,"duration":213500,"distance":567,"elevation_gain":9,"elevation_loss":0},{"version":1,"timestamp":"2019-07-31 06:02:17 +0000","elevation":1251,"source_type":11,"duration":215250,"distance":574,"elevation_gain":9,"elevation_loss":0},{"version":1,"timestamp":"2019-07-31 06:02:19 +0000","elevation":1251,"source_type":11,"duration":217000,"distance":580,"elevation_gain":9,"elevation_loss":0},{"version":1,"timestamp":"2019-07-31 06:02:20 +0000","elevation":1251,"source_type":11,"duration":218500,"distance":587,"elevation_gain":9,"elevation_loss":0},{"version":1,"timestamp":"2019-07-31 06:02:22 +0000","elevation":1251,"source_type":11,"duration":220000,"distance":594,"elevation_gain":9,"elevation_loss":0},{"version":1,"timestamp":"2019-07-31 06:02:23 +0000","elevation":1251,"source_type":11,"duration":221500,"distance":601,"elevation_gain":9,"elevation_loss":0},{"version":1,"timestamp":"2019-07-31 06:02:25 +0000","elevation":1251,"source_type":11,"duration":223000,"distance":608,"elevation_gain":9,"elevation_loss":0},{"version":1,"timestamp":"2019-07-31 06:02:25 +0000","elevation":1251,"source_type":11,"duration":223250,"distance":611,"elevation_gain":9,"elevation_loss":0},{"version":1,"timestamp":"2019-07-31 06:02:25 +0000","elevation":1251,"source_type":11,"duration":223500,"distance":612,"elevation_gain":9,"elevation_loss":0},{"version":1,"timestamp":"2019-07-31 06:02:25 +0000","elevation":1251,"source_type":11,"duration":223750,"distance":612,"elevation_gain":9,"elevation_loss":0},{"version":1,"timestamp":"2019-07-31 06:02:26 +0000","elevation":1251,"source_type":11,"duration":224000,"distance":613,"elevation_gain":9,"elevation_loss":0},{"version":1,"timestamp":"2019-07-31 06:02:26 +0000","elevation":1251,"source_type":11,"duration":224250,"distance":614,"elevation_gain":9,"elevation_loss":0},{"version":1,"timestamp":"2019-07-31 06:02:26 +0000","elevation":1251,"source_type":11,"duration":224500,"distance":615,"elevation_gain":9,"elevation_loss":0},{"version":1,"timestamp":"2019-07-31 06:02:26 +0000","elevation":1251,"source_type":11,"duration":224750,"distance":616,"elevation_gain":9,"elevation_loss":0},{"version":1,"timestamp":"2019-07-31 06:02:27 +0000","elevation":1251,"source_type":11,"duration":225000,"distance":617,"elevation_gain":9,"elevation_loss":0},{"version":1,"timestamp":"2019-07-31 06:02:31 +0000","elevation":1251,"source_type":11,"duration":229000,"distance":635,"elevation_gain":10,"elevation_loss":0},{"version":1,"timestamp":"2019-07-31 06:02:37 +0000","elevation":1252,"source_type":11,"duration":235000,"distance":660,"elevation_gain":11,"elevation_loss":0},{"version":1,"timestamp":"2019-07-31 06:02:43 +0000","elevation":1252,"source_type":11,"duration":241000,"distance":683,"elevation_gain":11,"elevation_loss":0},{"version":1,"timestamp":"2019-07-31 06:02:50 +0000","elevation":1253,"source_type":11,"duration":248000,"distance":708,"elevation_gain":12,"elevation_loss":0},{"version":1,"timestamp":"2019-07-31 06:02:53 +0000","elevation":1253,"source_type":11,"duration":251000,"distance":719,"elevation_gain":12,"elevation_loss":0},{"version":1,"timestamp":"2019-07-31 06:02:57 +0000","elevation":1253,"source_type":11,"duration":255000,"distance":733,"elevation_gain":12,"elevation_loss":0},{"version":1,"timestamp":"2019-07-31 06:03:01 +0000","elevation":1253,"source_type":11,"duration":259000,"distance":742,"elevation_gain":12,"elevation_loss":0},{"version":1,"timestamp":"2019-07-31 06:03:03 +0000","elevation":1253,"source_type":11,"duration":261500,"distance":749,"elevation_gain":12,"elevation_loss":0},{"version":1,"timestamp":"2019-07-31 06:03:06 +0000","elevation":1252,"source_type":11,"duration":264000,"distance":758,"elevation_gain":12,"elevation_loss":0},{"version":1,"timestamp":"2019-07-31 06:03:07 +0000","elevation":1252,"source_type":11,"duration":265750,"distance":764,"elevation_gain":12,"elevation_loss":0},{"version":1,"timestamp":"2019-07-31 06:03:09 +0000","elevation":1252,"source_type":11,"duration":267500,"distance":770,"elevation_gain":12,"elevation_loss":0},{"version":1,"timestamp":"2019-07-31 06:03:11 +0000","elevation":1252,"source_type":11,"duration":269250,"distance":776,"elevation_gain":12,"elevation_loss":0},{"version":1,"timestamp":"2019-07-31 06:03:13 +0000","elevation":1252,"source_type":11,"duration":271000,"distance":783,"elevation_gain":12,"elevation_loss":0},{"version":1,"timestamp":"2019-07-31 06:03:16 +0000","elevation":1252,"source_type":11,"duration":274250,"distance":788,"elevation_gain":12,"elevation_loss":0},{"version":1,"timestamp":"2019-07-31 06:03:19 +0000","elevation":1251,"source_type":11,"duration":277500,"distance":794,"elevation_gain":12,"elevation_loss":0},{"version":1,"timestamp":"2019-07-31 06:03:22 +0000","elevation":1251,"source_type":11,"duration":280750,"distance":799,"elevation_gain":12,"elevation_loss":0},{"version":1,"timestamp":"2019-07-31 06:03:26 +0000","elevation":1251,"source_type":11,"duration":284000,"distance":804,"elevation_gain":12,"elevation_loss":0}]