[{"version":1,"timestamp":"2019-08-05 14:54:59 +0000","elevation":1248,"source_type":11,"duration":5000,"distance":0,"elevation_gain":0,"elevation_loss":0},{"version":1,"timestamp":"2019-08-05 14:55:00 +0000","elevation":1248,"source_type":11,"duration":6000,"distance":0,"elevation_gain":0,"elevation_loss":0},{"version":1,"timestamp":"2019-08-05 14:55:08 +0000","elevation":1248,"source_type":11,"duration":14000,"distance":5,"elevation_gain":0,"elevation_loss":0},{"version":1,"timestamp":"2019-08-05 14:55:16 +0000","elevation":1248,"source_type":11,"duration":22000,"distance":12,"elevation_gain":0,"elevation_loss":0},{"version":1,"timestamp":"2019-08-05 14:55:16 +0000","elevation":1248,"source_type":11,"duration":22500,"distance":27,"elevation_gain":0,"elevation_loss":0},{"version":1,"timestamp":"2019-08-05 14:55:17 +0000","elevation":1248,"source_type":11,"duration":23000,"distance":38,"elevation_gain":0,"elevation_loss":0},{"version":1,"timestamp":"2019-08-05 14:55:17 +0000","elevation":1248,"source_type":11,"duration":23500,"distance":51,"elevation_gain":0,"elevation_loss":0},{"version":1,"timestamp":"2019-08-05 14:55:18 +0000","elevation":1248,"source_type":11,"duration":24000,"distance":64,"elevation_gain":0,"elevation_loss":0},{"version":1,"timestamp":"2019-08-05 14:55:18 +0000","elevation":1248,"source_type":11,"duration":24750,"distance":73,"elevation_gain":0,"elevation_loss":0},{"version":1,"timestamp":"2019-08-05 14:55:19 +0000","elevation":1248,"source_type":11,"duration":25500,"distance":81,"elevation_gain":0,"elevation_loss":0},{"version":1,"timestamp":"2019-08-05 14:55:20 +0000","elevation":1248,"source_type":11,"duration":26250,"distance":89,"elevation_gain":0,"elevation_loss":0},{"version":1,"timestamp":"2019-08-05 14:55:21 +0000","elevation":1248,"source_type":11,"duration":27000,"distance":96,"elevation_gain":0,"elevation_loss":0},{"version":1,"timestamp":"2019-08-05 14:55:21 +0000","elevation":1247,"source_type":11,"duration":27750,"distance":104,"elevation_gain":0,"elevation_loss":0},{"version":1,"timestamp":"2019-08-05 14:55:22 +0000","elevation":1247,"source_type":11,"duration":28500,"distance":113,"elevation_gain":0,"elevation_loss":0},{"version":1,"timestamp":"2019-08-05 14:55:23 +0000","elevation":1247,"source_type":11,"duration":29250,"distance":122,"elevation_gain":0,"elevation_loss":0},{"version":1,"timestamp":"2019-08-05 14:55:24 +0000","elevation":1247,"source_type":11,"duration":30000,"distance":130,"elevation_gain":0,"elevation_loss":0},{"version":1,"timestamp":"2019-08-05 14:55:24 +0000","elevation":1247,"source_type":11,"duration":30750,"distance":139,"elevation_gain":0,"elevation_loss":0},{"version":1,"timestamp":"2019-08-05 14:55:25 +0000","elevation":1247,"source_type":11,"duration":31500,"distance":147,"elevation_gain":0,"elevation_loss":0},{"version":1,"timestamp":"2019-08-05 14:55:26 +0000","elevation":1247,"source_type":11,"duration":32250,"distance":155,"elevation_gain":0,"elevation_loss":0},{"version":1,"timestamp":"2019-08-05 14:55:27 +0000","elevation":1247,"source_type":11,"duration":33000,"distance":163,"elevation_gain":0,"elevation_loss":0},{"version":1,"timestamp":"2019-08-05 14:55:31 +0000","elevation":1246,"source_type":11,"duration":37000,"distance":203,"elevation_gain":0,"elevation_loss":0},{"version":1,"timestamp":"2019-08-05 14:55:35 +0000","elevation":1246,"source_type":11,"duration":41000,"distance":233,"elevation_gain":0,"elevation_loss":0},{"version":1,"timestamp":"2019-08-05 14:55:37 +0000","elevation":1245,"source_type":11,"duration":43000,"distance":250,"elevation_gain":0,"elevation_loss":0},{"version":1,"timestamp":"2019-08-05 14:55:39 +0000","elevation":1245,"source_type":11,"duration":45000,"distance":272,"elevation_gain":0,"elevation_loss":0},{"version":1,"timestamp":"2019-08-05 14:55:42 +0000","elevation":1244,"source_type":11,"duration":48000,"distance":304,"elevation_gain":0,"elevation_loss":0},{"version":1,"timestamp":"2019-08-05 14:55:45 +0000","elevation":1243,"source_type":11,"duration":51000,"distance":340,"elevation_gain":0,"elevation_loss":0},{"version":1,"timestamp":"2019-08-05 14:55:48 +0000","elevation":1241,"source_type":11,"duration":54000,"distance":378,"elevation_gain":0,"elevation_loss":6},{"version":1,"timestamp":"2019-08-05 14:55:49 +0000","elevation":1241,"source_type":11,"duration":55000,"distance":392,"elevation_gain":0,"elevation_loss":6},{"version":1,"timestamp":"2019-08-05 14:55:52 +0000","elevation":1239,"source_type":11,"duration":58000,"distance":436,"elevation_gain":0,"elevation_loss":8},{"version":1,"timestamp":"2019-08-05 14:55:55 +0000","elevation":1238,"source_type":11,"duration":61000,"distance":480,"elevation_gain":0,"elevation_loss":9},{"version":1,"timestamp":"2019-08-05 14:55:59 +0000","elevation":1237,"source_type":11,"duration":65000,"distance":532,"elevation_gain":0,"elevation_loss":10},{"version":1,"timestamp":"2019-08-05 14:56:02 +0000","elevation":1237,"source_type":11,"duration":68000,"distance":564,"elevation_gain":0,"elevation_loss":10},{"version":1,"timestamp":"2019-08-05 14:56:06 +0000","elevation":1237,"source_type":11,"duration":72000,"distance":599,"elevation_gain":0,"elevation_loss":10},{"version":1,"timestamp":"2019-08-05 14:56:12 +0000","elevation":1237,"source_type":11,"duration":78000,"distance":613,"elevation_gain":0,"elevation_loss":10},{"version":1,"timestamp":"2019-08-05 14:56:50 +0000","elevation":1238,"source_type":11,"duration":116000,"distance":645,"elevation_gain":0,"elevation_loss":10},{"version":1,"timestamp":"2019-08-05 14:56:54 +0000","elevation":1240,"source_type":11,"duration":120000,"distance":709,"elevation_gain":0,"elevation_loss":10},{"version":1,"timestamp":"2019-08-05 14:56:58 +0000","elevation":1240,"source_type":11,"duration":124000,"distance":754,"elevation_gain":0,"elevation_loss":10},{"version":1,"timestamp":"2019-08-05 14:57:01 +0000","elevation":1240,"source_type":11,"duration":127000,"distance":788,"elevation_gain":0,"elevation_loss":10},{"version":1,"timestamp":"2019-08-05 14:57:04 +0000","elevation":1239,"source_type":11,"duration":130000,"distance":824,"elevation_gain":0,"elevation_loss":10},{"version":1,"timestamp":"2019-08-05 14:57:07 +0000","elevation":1238,"source_type":11,"duration":133000,"distance":863,"elevation_gain":0,"elevation_loss":10},{"version":1,"timestamp":"2019-08-05 14:57:10 +0000","elevation":1237,"source_type":11,"duration":136000,"distance":899,"elevation_gain":0,"elevation_loss":10},{"version":1,"timestamp":"2019-08-05 14:57:13 +0000","elevation":1237,"source_type":11,"duration":139000,"distance":941,"elevation_gain":0,"elevation_loss":10},{"version":1,"timestamp":"2019-08-05 14:57:16 +0000","elevation":1237,"source_type":11,"duration":142000,"distance":987,"elevation_gain":0,"elevation_loss":10},{"version":1,"timestamp":"2019-08-05 14:57:19 +0000","elevation":1238,"source_type":11,"duration":145000,"distance":1025,"elevation_gain":0,"elevation_loss":10},{"version":1,"timestamp":"2019-08-05 14:57:22 +0000","elevation":1237,"source_type":11,"duration":148000,"distance":1064,"elevation_gain":0,"elevation_loss":10},{"version":1,"timestamp":"2019-08-05 14:57:23 +0000","elevation":1237,"source_type":11,"duration":149000,"distance":1076,"elevation_gain":0,"elevation_loss":10},{"version":1,"timestamp":"2019-08-05 14:57:26 +0000","elevation":1236,"source_type":11,"duration":152000,"distance":1115,"elevation_gain":0,"elevation_loss":11},{"version":1,"timestamp":"2019-08-05 14:57:27 +0000","elevation":1236,"source_type":11,"duration":153000,"distance":1129,"elevation_gain":0,"elevation_loss":11},{"version":1,"timestamp":"2019-08-05 14:57:29 +0000","elevation":1236,"source_type":11,"duration":155000,"distance":1154,"elevation_gain":0,"elevation_loss":11},{"version":1,"timestamp":"2019-08-05 14:57:32 +0000","elevation":1235,"source_type":11,"duration":158000,"distance":1189,"elevation_gain":0,"elevation_loss":12},{"version":1,"timestamp":"2019-08-05 14:57:37 +0000","elevation":1235,"source_type":11,"duration":163000,"distance":1227,"elevation_gain":0,"elevation_loss":12},{"version":1,"timestamp":"2019-08-05 14:57:46 +0000","elevation":1233,"source_type":11,"duration":172000,"distance":1254,"elevation_gain":0,"elevation_loss":14},{"version":1,"timestamp":"2019-08-05 14:57:53 +0000","elevation":1233,"source_type":11,"duration":179000,"distance":1261,"elevation_gain":0,"elevation_loss":14},{"version":1,"timestamp":"2019-08-05 14:58:17 +0000","elevation":1233,"source_type":11,"duration":203000,"distance":1262,"elevation_gain":0,"elevation_loss":14},{"version":1,"timestamp":"2019-08-05 14:58:20 +0000","elevation":1230,"source_type":11,"duration":206000,"distance":1318,"elevation_gain":0,"elevation_loss":17},{"version":1,"timestamp":"2019-08-05 14:58:23 +0000","elevation":1230,"source_type":11,"duration":209000,"distance":1347,"elevation_gain":0,"elevation_loss":17},{"version":1,"timestamp":"2019-08-05 14:58:32 +0000","elevation":1233,"source_type":11,"duration":218000,"distance":1392,"elevation_gain":0,"elevation_loss":17},{"version":1,"timestamp":"2019-08-05 14:58:38 +0000","elevation":1236,"source_type":11,"duration":224000,"distance":1459,"elevation_gain":5,"elevation_loss":17},{"version":1,"timestamp":"2019-08-05 14:58:44 +0000","elevation":1237,"source_type":11,"duration":230000,"distance":1511,"elevation_gain":7,"elevation_loss":17},{"version":1,"timestamp":"2019-08-05 14:58:48 +0000","elevation":1238,"source_type":11,"duration":234000,"distance":1528,"elevation_gain":7,"elevation_loss":17},{"version":1,"timestamp":"2019-08-05 14:58:55 +0000","elevation":1239,"source_type":11,"duration":241000,"distance":1548,"elevation_gain":8,"elevation_loss":17},{"version":1,"timestamp":"2019-08-05 14:58:59 +0000","elevation":1239,"source_type":11,"duration":245000,"distance":1554,"elevation_gain":8,"elevation_loss":17},{"version":1,"timestamp":"2019-08-05 14:59:22 +0000","elevation":1239,"source_type":11,"duration":268000,"distance":1561,"elevation_gain":8,"elevation_loss":17},{"version":1,"timestamp":"2019-08-05 14:59:25 +0000","elevation":1240,"source_type":11,"duration":271000,"distance":1592,"elevation_gain":9,"elevation_loss":17},{"version":1,"timestamp":"2019-08-05 14:59:29 +0000","elevation":1240,"source_type":11,"duration":275000,"distance":1599,"elevation_gain":9,"elevation_loss":17},{"version":1,"timestamp":"2019-08-05 14:59:30 +0000","elevation":1240,"source_type":11,"duration":276750,"distance":1599,"elevation_gain":9,"elevation_loss":17},{"version":1,"timestamp":"2019-08-05 14:59:32 +0000","elevation":1240,"source_type":11,"duration":278500,"distance":1600,"elevation_gain":9,"elevation_loss":17},{"version":1,"timestamp":"2019-08-05 14:59:34 +0000","elevation":1240,"source_type":11,"duration":280250,"distance":1601,"elevation_gain":9,"elevation_loss":17},{"version":1,"timestamp":"2019-08-05 14:59:36 +0000","elevation":1240,"source_type":11,"duration":282000,"distance":1603,"elevation_gain":9,"elevation_loss":17},{"version":1,"timestamp":"2019-08-05 14:59:45 +0000","elevation":1240,"source_type":11,"duration":291250,"distance":1604,"elevation_gain":9,"elevation_loss":17},{"version":1,"timestamp":"2019-08-05 14:59:54 +0000","elevation":1240,"source_type":11,"duration":300500,"distance":1606,"elevation_gain":9,"elevation_loss":17},{"version":1,"timestamp":"2019-08-05 15:00:03 +0000","elevation":1240,"source_type":11,"duration":309750,"distance":1608,"elevation_gain":9,"elevation_loss":17},{"version":1,"timestamp":"2019-08-05 15:00:13 +0000","elevation":1239,"source_type":11,"duration":319000,"distance":1610,"elevation_gain":9,"elevation_loss":17},{"version":1,"timestamp":"2019-08-05 15:00:13 +0000","elevation":1239,"source_type":11,"duration":319250,"distance":1615,"elevation_gain":9,"elevation_loss":17},{"version":1,"timestamp":"2019-08-05 15:00:13 +0000","elevation":1239,"source_type":11,"duration":319500,"distance":1615,"elevation_gain":9,"elevation_loss":17},{"version":1,"timestamp":"2019-08-05 15:00:13 +0000","elevation":1239,"source_type":11,"duration":319750,"distance":1616,"elevation_gain":9,"elevation_loss":17},{"version":1,"timestamp":"2019-08-05 15:00:14 +0000","elevation":1239,"source_type":11,"duration":320000,"distance":1616,"elevation_gain":9,"elevation_loss":17},{"version":1,"timestamp":"2019-08-05 15:00:18 +0000","elevation":1239,"source_type":11,"duration":324750,"distance":1616,"elevation_gain":9,"elevation_loss":17},{"version":1,"timestamp":"2019-08-05 15:00:23 +0000","elevation":1239,"source_type":11,"duration":329500,"distance":1617,"elevation_gain":9,"elevation_loss":17},{"version":1,"timestamp":"2019-08-05 15:00:28 +0000","elevation":1239,"source_type":11,"duration":334250,"distance":1617,"elevation_gain":9,"elevation_loss":17},{"version":1,"timestamp":"2019-08-05 15:00:33 +0000","elevation":1239,"source_type":11,"duration":339000,"distance":1618,"elevation_gain":9,"elevation_loss":17},{"version":1,"timestamp":"2019-08-05 15:00:33 +0000","elevation":1239,"source_type":11,"duration":339250,"distance":1619,"elevation_gain":9,"elevation_loss":17},{"version":1,"timestamp":"2019-08-05 15:00:33 +0000","elevation":1239,"source_type":11,"duration":339500,"distance":1619,"elevation_gain":9,"elevation_loss":17},{"version":1,"timestamp":"2019-08-05 15:00:33 +0000","elevation":1239,"source_type":11,"duration":339750,"distance":1619,"elevation_gain":9,"elevation_loss":17},{"version":1,"timestamp":"2019-08-05 15:00:34 +0000","elevation":1239,"source_type":11,"duration":340000,"distance":1619,"elevation_gain":9,"elevation_loss":17},{"version":1,"timestamp":"2019-08-05 15:00:48 +0000","elevation":1239,"source_type":11,"duration":354000,"distance":1621,"elevation_gain":9,"elevation_loss":17},{"version":1,"timestamp":"2019-08-05 15:00:50 +0000","elevation":1239,"source_type":11,"duration":356000,"distance":1632,"elevation_gain":9,"elevation_loss":17},{"version":1,"timestamp":"2019-08-05 15:00:52 +0000","elevation":1239,"source_type":11,"duration":358000,"distance":1656,"elevation_gain":9,"elevation_loss":17},{"version":1,"timestamp":"2019-08-05 15:00:55 +0000","elevation":1239,"source_type":11,"duration":361000,"distance":1663,"elevation_gain":9,"elevation_loss":17},{"version":1,"timestamp":"2019-08-05 15:01:01 +0000","elevation":1239,"source_type":11,"duration":367500,"distance":1665,"elevation_gain":9,"elevation_loss":17},{"version":1,"timestamp":"2019-08-05 15:01:08 +0000","elevation":1239,"source_type":11,"duration":374000,"distance":1666,"elevation_gain":9,"elevation_loss":17},{"version":1,"timestamp":"2019-08-05 15:01:14 +0000","elevation":1239,"source_type":11,"duration":380500,"distance":1668,"elevation_gain":9,"elevation_loss":17},{"version":1,"timestamp":"2019-08-05 15:01:21 +0000","elevation":1239,"source_type":11,"duration":387000,"distance":1670,"elevation_gain":9,"elevation_loss":17},{"version":1,"timestamp":"2019-08-05 15:01:21 +0000","elevation":1239,"source_type":11,"duration":387750,"distance":1675,"elevation_gain":9,"elevation_loss":17},{"version":1,"timestamp":"2019-08-05 15:01:22 +0000","elevation":1239,"source_type":11,"duration":388500,"distance":1678,"elevation_gain":9,"elevation_loss":17},{"version":1,"timestamp":"2019-08-05 15:01:23 +0000","elevation":1239,"source_type":11,"duration":389250,"distance":1680,"elevation_gain":9,"elevation_loss":17},{"version":1,"timestamp":"2019-08-05 15:01:24 +0000","elevation":1239,"source_type":11,"duration":390000,"distance":1683,"elevation_gain":9,"elevation_loss":17},{"version":1,"timestamp":"2019-08-05 15:01:38 +0000","elevation":1239,"source_type":11,"duration":404250,"distance":1685,"elevation_gain":9,"elevation_loss":17},{"version":1,"timestamp":"2019-08-05 15:01:52 +0000","elevation":1239,"source_type":11,"duration":418500,"distance":1687,"elevation_gain":9,"elevation_loss":17},{"version":1,"timestamp":"2019-08-05 15:02:06 +0000","elevation":1240,"source_type":11,"duration":432750,"distance":1688,"elevation_gain":9,"elevation_loss":17},{"version":1,"timestamp":"2019-08-05 15:02:21 +0000","elevation":1240,"source_type":11,"duration":447000,"distance":1690,"elevation_gain":9,"elevation_loss":17},{"version":1,"timestamp":"2019-08-05 15:02:21 +0000","elevation":1240,"source_type":11,"duration":447500,"distance":1698,"elevation_gain":9,"elevation_loss":17},{"version":1,"timestamp":"2019-08-05 15:02:22 +0000","elevation":1240,"source_type":11,"duration":448000,"distance":1701,"elevation_gain":9,"elevation_loss":17},{"version":1,"timestamp":"2019-08-05 15:02:22 +0000","elevation":1240,"source_type":11,"duration":448500,"distance":1705,"elevation_gain":9,"elevation_loss":17},{"version":1,"timestamp":"2019-08-05 15:02:23 +0000","elevation":1240,"source_type":11,"duration":449000,"distance":1709,"elevation_gain":10,"elevation_loss":17},{"version":1,"timestamp":"2019-08-05 15:02:25 +0000","elevation":1241,"source_type":11,"duration":451000,"distance":1724,"elevation_gain":10,"elevation_loss":17},{"version":1,"timestamp":"2019-08-05 15:02:30 +0000","elevation":1241,"source_type":11,"duration":456000,"distance":1732,"elevation_gain":10,"elevation_loss":17},{"version":1,"timestamp":"2019-08-05 15:02:33 +0000","elevation":1242,"source_type":11,"duration":459000,"distance":1748,"elevation_gain":11,"elevation_loss":17},{"version":1,"timestamp":"2019-08-05 15:02:59 +0000","elevation":1242,"source_type":11,"duration":485000,"distance":1755,"elevation_gain":11,"elevation_loss":17},{"version":1,"timestamp":"2019-08-05 15:03:06 +0000","elevation":1242,"source_type":11,"duration":492000,"distance":1777,"elevation_gain":12,"elevation_loss":17},{"version":1,"timestamp":"2019-08-05 16:20:00 +0000","elevation":1242,"source_type":11,"duration":5106000,"distance":1806,"elevation_gain":12,"elevation_loss":17},{"version":1,"timestamp":"2019-08-05 16:20:45 +0000","elevation":1242,"source_type":11,"duration":5151000,"distance":1829,"elevation_gain":12,"elevation_loss":17},{"version":1,"timestamp":"2019-08-05 16:20:47 +0000","elevation":1242,"source_type":11,"duration":5153000,"distance":1830,"elevation_gain":12,"elevation_loss":17},{"version":1,"timestamp":"2019-08-05 17:42:46 +0000","elevation":1241,"source_type":11,"duration":10072000,"distance":1838,"elevation_gain":12,"elevation_loss":17}]