[{"version":1,"timestamp":"2022-06-23 16:09:08 +0000","elevation":1240,"source_type":11,"duration":2395,"distance":0,"elevation_gain":0,"elevation_loss":0},{"version":1,"timestamp":"2022-06-23 16:09:27 +0000","elevation":1240,"source_type":11,"duration":21364,"distance":23,"elevation_gain":0,"elevation_loss":0},{"version":1,"timestamp":"2022-06-23 16:09:34 +0000","elevation":1240,"source_type":11,"duration":28346,"distance":50,"elevation_gain":0,"elevation_loss":0},{"version":1,"timestamp":"2022-06-23 16:09:40 +0000","elevation":1240,"source_type":11,"duration":34348,"distance":76,"elevation_gain":0,"elevation_loss":0},{"version":1,"timestamp":"2022-06-23 16:09:46 +0000","elevation":1240,"source_type":11,"duration":40357,"distance":100,"elevation_gain":0,"elevation_loss":0},{"version":1,"timestamp":"2022-06-23 16:09:53 +0000","elevation":1240,"source_type":11,"duration":47363,"distance":125,"elevation_gain":0,"elevation_loss":0},{"version":1,"timestamp":"2022-06-23 16:09:57 +0000","elevation":1240,"source_type":11,"duration":51389,"distance":140,"elevation_gain":0,"elevation_loss":0},{"version":1,"timestamp":"2022-06-23 16:10:00 +0000","elevation":1240,"source_type":11,"duration":54362,"distance":151,"elevation_gain":0,"elevation_loss":0},{"version":1,"timestamp":"2022-06-23 16:10:07 +0000","elevation":1240,"source_type":11,"duration":61356,"distance":176,"elevation_gain":0,"elevation_loss":0},{"version":1,"timestamp":"2022-06-23 16:10:15 +0000","elevation":1240,"source_type":11,"duration":69374,"distance":202,"elevation_gain":0,"elevation_loss":0},{"version":1,"timestamp":"2022-06-23 16:10:22 +0000","elevation":1241,"source_type":11,"duration":76359,"distance":226,"elevation_gain":0,"elevation_loss":0},{"version":1,"timestamp":"2022-06-23 16:10:31 +0000","elevation":1241,"source_type":11,"duration":85356,"distance":256,"elevation_gain":0,"elevation_loss":0},{"version":1,"timestamp":"2022-06-23 16:10:39 +0000","elevation":1240,"source_type":11,"duration":93364,"distance":281,"elevation_gain":0,"elevation_loss":0},{"version":1,"timestamp":"2022-06-23 16:10:47 +0000","elevation":1240,"source_type":11,"duration":101351,"distance":306,"elevation_gain":0,"elevation_loss":0},{"version":1,"timestamp":"2022-06-23 16:10:55 +0000","elevation":1239,"source_type":11,"duration":109362,"distance":331,"elevation_gain":0,"elevation_loss":0},{"version":1,"timestamp":"2022-06-23 16:11:02 +0000","elevation":1239,"source_type":11,"duration":116400,"distance":355,"elevation_gain":0,"elevation_loss":0},{"version":1,"timestamp":"2022-06-23 16:11:05 +0000","elevation":1238,"source_type":11,"duration":119371,"distance":365,"elevation_gain":0,"elevation_loss":0},{"version":1,"timestamp":"2022-06-23 16:11:10 +0000","elevation":1238,"source_type":11,"duration":124367,"distance":379,"elevation_gain":0,"elevation_loss":0},{"version":1,"timestamp":"2022-06-23 16:11:15 +0000","elevation":1238,"source_type":11,"duration":129354,"distance":392,"elevation_gain":0,"elevation_loss":0},{"version":1,"timestamp":"2022-06-23 16:11:17 +0000","elevation":1238,"source_type":11,"duration":131355,"distance":399,"elevation_gain":0,"elevation_loss":0},{"version":1,"timestamp":"2022-06-23 16:11:19 +0000","elevation":1238,"source_type":11,"duration":133357,"distance":406,"elevation_gain":0,"elevation_loss":0},{"version":1,"timestamp":"2022-06-23 16:11:21 +0000","elevation":1238,"source_type":11,"duration":135361,"distance":411,"elevation_gain":0,"elevation_loss":0},{"version":1,"timestamp":"2022-06-23 16:11:23 +0000","elevation":1238,"source_type":11,"duration":137365,"distance":417,"elevation_gain":0,"elevation_loss":0},{"version":1,"timestamp":"2022-06-23 16:11:25 +0000","elevation":1237,"source_type":11,"duration":139369,"distance":424,"elevation_gain":0,"elevation_loss":0},{"version":1,"timestamp":"2022-06-23 16:11:27 +0000","elevation":1237,"source_type":11,"duration":141374,"distance":431,"elevation_gain":0,"elevation_loss":0},{"version":1,"timestamp":"2022-06-23 16:11:29 +0000","elevation":1237,"source_type":11,"duration":143119,"distance":437,"elevation_gain":0,"elevation_loss":0},{"version":1,"timestamp":"2022-06-23 16:11:30 +0000","elevation":1237,"source_type":11,"duration":144864,"distance":443,"elevation_gain":0,"elevation_loss":0},{"version":1,"timestamp":"2022-06-23 16:11:32 +0000","elevation":1237,"source_type":11,"duration":146609,"distance":448,"elevation_gain":0,"elevation_loss":0},{"version":1,"timestamp":"2022-06-23 16:11:34 +0000","elevation":1237,"source_type":11,"duration":148354,"distance":454,"elevation_gain":0,"elevation_loss":0},{"version":1,"timestamp":"2022-06-23 16:11:36 +0000","elevation":1237,"source_type":11,"duration":150105,"distance":460,"elevation_gain":0,"elevation_loss":0},{"version":1,"timestamp":"2022-06-23 16:11:37 +0000","elevation":1237,"source_type":11,"duration":151857,"distance":466,"elevation_gain":0,"elevation_loss":0},{"version":1,"timestamp":"2022-06-23 16:11:39 +0000","elevation":1237,"source_type":11,"duration":153608,"distance":471,"elevation_gain":0,"elevation_loss":0},{"version":1,"timestamp":"2022-06-23 16:11:41 +0000","elevation":1237,"source_type":11,"duration":155360,"distance":477,"elevation_gain":0,"elevation_loss":0},{"version":1,"timestamp":"2022-06-23 16:11:43 +0000","elevation":1237,"source_type":11,"duration":157108,"distance":483,"elevation_gain":0,"elevation_loss":0},{"version":1,"timestamp":"2022-06-23 16:11:44 +0000","elevation":1237,"source_type":11,"duration":158857,"distance":489,"elevation_gain":0,"elevation_loss":0},{"version":1,"timestamp":"2022-06-23 16:11:46 +0000","elevation":1237,"source_type":11,"duration":160606,"distance":495,"elevation_gain":0,"elevation_loss":0},{"version":1,"timestamp":"2022-06-23 16:11:48 +0000","elevation":1237,"source_type":11,"duration":162355,"distance":501,"elevation_gain":0,"elevation_loss":0},{"version":1,"timestamp":"2022-06-23 16:11:50 +0000","elevation":1237,"source_type":11,"duration":164361,"distance":508,"elevation_gain":0,"elevation_loss":0},{"version":1,"timestamp":"2022-06-23 16:11:52 +0000","elevation":1238,"source_type":11,"duration":166368,"distance":513,"elevation_gain":0,"elevation_loss":0},{"version":1,"timestamp":"2022-06-23 16:11:53 +0000","elevation":1238,"source_type":11,"duration":167616,"distance":516,"elevation_gain":0,"elevation_loss":0},{"version":1,"timestamp":"2022-06-23 16:11:54 +0000","elevation":1238,"source_type":11,"duration":168865,"distance":520,"elevation_gain":0,"elevation_loss":0},{"version":1,"timestamp":"2022-06-23 16:11:56 +0000","elevation":1238,"source_type":11,"duration":170114,"distance":524,"elevation_gain":0,"elevation_loss":0},{"version":1,"timestamp":"2022-06-23 16:11:57 +0000","elevation":1238,"source_type":11,"duration":171363,"distance":529,"elevation_gain":0,"elevation_loss":0},{"version":1,"timestamp":"2022-06-23 16:11:59 +0000","elevation":1238,"source_type":11,"duration":173359,"distance":534,"elevation_gain":0,"elevation_loss":0},{"version":1,"timestamp":"2022-06-23 16:12:01 +0000","elevation":1239,"source_type":11,"duration":175356,"distance":540,"elevation_gain":0,"elevation_loss":0},{"version":1,"timestamp":"2022-06-23 16:12:03 +0000","elevation":1239,"source_type":11,"duration":177353,"distance":547,"elevation_gain":0,"elevation_loss":0},{"version":1,"timestamp":"2022-06-23 16:12:05 +0000","elevation":1239,"source_type":11,"duration":179350,"distance":554,"elevation_gain":0,"elevation_loss":0},{"version":1,"timestamp":"2022-06-23 16:12:07 +0000","elevation":1239,"source_type":11,"duration":181351,"distance":560,"elevation_gain":0,"elevation_loss":0},{"version":1,"timestamp":"2022-06-23 16:12:09 +0000","elevation":1239,"source_type":11,"duration":183352,"distance":565,"elevation_gain":0,"elevation_loss":0},{"version":1,"timestamp":"2022-06-23 16:12:11 +0000","elevation":1239,"source_type":11,"duration":185353,"distance":571,"elevation_gain":0,"elevation_loss":0},{"version":1,"timestamp":"2022-06-23 16:12:13 +0000","elevation":1239,"source_type":11,"duration":187354,"distance":576,"elevation_gain":0,"elevation_loss":0},{"version":1,"timestamp":"2022-06-23 16:12:15 +0000","elevation":1239,"source_type":11,"duration":189355,"distance":582,"elevation_gain":0,"elevation_loss":0},{"version":1,"timestamp":"2022-06-23 16:12:17 +0000","elevation":1239,"source_type":11,"duration":191357,"distance":587,"elevation_gain":0,"elevation_loss":0},{"version":1,"timestamp":"2022-06-23 16:12:19 +0000","elevation":1239,"source_type":11,"duration":193358,"distance":593,"elevation_gain":0,"elevation_loss":0},{"version":1,"timestamp":"2022-06-23 16:12:21 +0000","elevation":1240,"source_type":11,"duration":195360,"distance":599,"elevation_gain":0,"elevation_loss":0},{"version":1,"timestamp":"2022-06-23 16:12:23 +0000","elevation":1240,"source_type":11,"duration":197610,"distance":605,"elevation_gain":0,"elevation_loss":0},{"version":1,"timestamp":"2022-06-23 16:12:25 +0000","elevation":1240,"source_type":11,"duration":199861,"distance":610,"elevation_gain":0,"elevation_loss":0},{"version":1,"timestamp":"2022-06-23 16:12:28 +0000","elevation":1240,"source_type":11,"duration":202111,"distance":616,"elevation_gain":0,"elevation_loss":0},{"version":1,"timestamp":"2022-06-23 16:12:30 +0000","elevation":1240,"source_type":11,"duration":204362,"distance":621,"elevation_gain":0,"elevation_loss":0},{"version":1,"timestamp":"2022-06-23 16:12:32 +0000","elevation":1240,"source_type":11,"duration":206611,"distance":628,"elevation_gain":0,"elevation_loss":0},{"version":1,"timestamp":"2022-06-23 16:12:34 +0000","elevation":1240,"source_type":11,"duration":208861,"distance":634,"elevation_gain":0,"elevation_loss":0},{"version":1,"timestamp":"2022-06-23 16:12:37 +0000","elevation":1240,"source_type":11,"duration":211110,"distance":641,"elevation_gain":0,"elevation_loss":0},{"version":1,"timestamp":"2022-06-23 16:12:39 +0000","elevation":1241,"source_type":11,"duration":213360,"distance":647,"elevation_gain":0,"elevation_loss":0},{"version":1,"timestamp":"2022-06-23 16:12:47 +0000","elevation":1241,"source_type":11,"duration":221364,"distance":671,"elevation_gain":0,"elevation_loss":0},{"version":1,"timestamp":"2022-06-23 16:12:55 +0000","elevation":1242,"source_type":11,"duration":229351,"distance":696,"elevation_gain":0,"elevation_loss":0},{"version":1,"timestamp":"2022-06-23 16:13:03 +0000","elevation":1242,"source_type":11,"duration":237352,"distance":720,"elevation_gain":0,"elevation_loss":0},{"version":1,"timestamp":"2022-06-23 16:13:11 +0000","elevation":1243,"source_type":11,"duration":245354,"distance":744,"elevation_gain":0,"elevation_loss":0},{"version":1,"timestamp":"2022-06-23 16:13:20 +0000","elevation":1244,"source_type":11,"duration":254373,"distance":768,"elevation_gain":0,"elevation_loss":0},{"version":1,"timestamp":"2022-06-23 16:13:28 +0000","elevation":1245,"source_type":11,"duration":262356,"distance":793,"elevation_gain":5,"elevation_loss":0},{"version":1,"timestamp":"2022-06-23 16:13:35 +0000","elevation":1246,"source_type":11,"duration":269364,"distance":818,"elevation_gain":6,"elevation_loss":0},{"version":1,"timestamp":"2022-06-23 16:13:42 +0000","elevation":1248,"source_type":11,"duration":276365,"distance":842,"elevation_gain":8,"elevation_loss":0},{"version":1,"timestamp":"2022-06-23 16:13:50 +0000","elevation":1247,"source_type":11,"duration":284364,"distance":865,"elevation_gain":8,"elevation_loss":0},{"version":1,"timestamp":"2022-06-23 16:13:56 +0000","elevation":1247,"source_type":11,"duration":290358,"distance":880,"elevation_gain":8,"elevation_loss":0},{"version":1,"timestamp":"2022-06-23 16:13:57 +0000","elevation":1247,"source_type":11,"duration":291607,"distance":883,"elevation_gain":8,"elevation_loss":0},{"version":1,"timestamp":"2022-06-23 16:13:58 +0000","elevation":1247,"source_type":11,"duration":292857,"distance":887,"elevation_gain":8,"elevation_loss":0},{"version":1,"timestamp":"2022-06-23 16:14:00 +0000","elevation":1247,"source_type":11,"duration":294107,"distance":891,"elevation_gain":8,"elevation_loss":0},{"version":1,"timestamp":"2022-06-23 16:14:01 +0000","elevation":1247,"source_type":11,"duration":295357,"distance":895,"elevation_gain":8,"elevation_loss":0},{"version":1,"timestamp":"2022-06-23 16:14:05 +0000","elevation":1246,"source_type":11,"duration":299357,"distance":906,"elevation_gain":8,"elevation_loss":0},{"version":1,"timestamp":"2022-06-23 16:14:09 +0000","elevation":1246,"source_type":11,"duration":303357,"distance":918,"elevation_gain":8,"elevation_loss":0},{"version":1,"timestamp":"2022-06-23 16:14:11 +0000","elevation":1245,"source_type":11,"duration":305355,"distance":924,"elevation_gain":8,"elevation_loss":0},{"version":1,"timestamp":"2022-06-23 16:14:13 +0000","elevation":1245,"source_type":11,"duration":307354,"distance":930,"elevation_gain":8,"elevation_loss":0},{"version":1,"timestamp":"2022-06-23 16:14:15 +0000","elevation":1245,"source_type":11,"duration":309353,"distance":937,"elevation_gain":8,"elevation_loss":0},{"version":1,"timestamp":"2022-06-23 16:14:17 +0000","elevation":1244,"source_type":11,"duration":311352,"distance":943,"elevation_gain":8,"elevation_loss":0},{"version":1,"timestamp":"2022-06-23 16:14:18 +0000","elevation":1244,"source_type":11,"duration":312852,"distance":949,"elevation_gain":8,"elevation_loss":0},{"version":1,"timestamp":"2022-06-23 16:14:20 +0000","elevation":1244,"source_type":11,"duration":314353,"distance":955,"elevation_gain":8,"elevation_loss":0},{"version":1,"timestamp":"2022-06-23 16:14:21 +0000","elevation":1243,"source_type":11,"duration":315854,"distance":961,"elevation_gain":8,"elevation_loss":0},{"version":1,"timestamp":"2022-06-23 16:14:23 +0000","elevation":1243,"source_type":11,"duration":317355,"distance":967,"elevation_gain":8,"elevation_loss":0},{"version":1,"timestamp":"2022-06-23 16:14:25 +0000","elevation":1243,"source_type":11,"duration":319110,"distance":973,"elevation_gain":8,"elevation_loss":0},{"version":1,"timestamp":"2022-06-23 16:14:26 +0000","elevation":1243,"source_type":11,"duration":320866,"distance":980,"elevation_gain":8,"elevation_loss":0},{"version":1,"timestamp":"2022-06-23 16:14:28 +0000","elevation":1243,"source_type":11,"duration":322622,"distance":986,"elevation_gain":8,"elevation_loss":0},{"version":1,"timestamp":"2022-06-23 16:14:30 +0000","elevation":1243,"source_type":11,"duration":324378,"distance":993,"elevation_gain":8,"elevation_loss":0},{"version":1,"timestamp":"2022-06-23 16:14:32 +0000","elevation":1243,"source_type":11,"duration":326623,"distance":999,"elevation_gain":8,"elevation_loss":0},{"version":1,"timestamp":"2022-06-23 16:14:34 +0000","elevation":1243,"source_type":11,"duration":328868,"distance":1005,"elevation_gain":8,"elevation_loss":0},{"version":1,"timestamp":"2022-06-23 16:14:37 +0000","elevation":1243,"source_type":11,"duration":331113,"distance":1011,"elevation_gain":8,"elevation_loss":0},{"version":1,"timestamp":"2022-06-23 16:14:39 +0000","elevation":1243,"source_type":11,"duration":333359,"distance":1017,"elevation_gain":8,"elevation_loss":0},{"version":1,"timestamp":"2022-06-23 16:14:41 +0000","elevation":1243,"source_type":11,"duration":335360,"distance":1023,"elevation_gain":8,"elevation_loss":0},{"version":1,"timestamp":"2022-06-23 16:14:43 +0000","elevation":1243,"source_type":11,"duration":337362,"distance":1030,"elevation_gain":8,"elevation_loss":0},{"version":1,"timestamp":"2022-06-23 16:14:45 +0000","elevation":1243,"source_type":11,"duration":339364,"distance":1036,"elevation_gain":8,"elevation_loss":0},{"version":1,"timestamp":"2022-06-23 16:14:47 +0000","elevation":1243,"source_type":11,"duration":341366,"distance":1043,"elevation_gain":8,"elevation_loss":0},{"version":1,"timestamp":"2022-06-23 16:14:54 +0000","elevation":1243,"source_type":11,"duration":348359,"distance":1066,"elevation_gain":8,"elevation_loss":0},{"version":1,"timestamp":"2022-06-23 16:15:01 +0000","elevation":1243,"source_type":11,"duration":355359,"distance":1090,"elevation_gain":8,"elevation_loss":0},{"version":1,"timestamp":"2022-06-23 16:15:09 +0000","elevation":1242,"source_type":11,"duration":363360,"distance":1116,"elevation_gain":8,"elevation_loss":5},{"version":1,"timestamp":"2022-06-23 16:15:16 +0000","elevation":1242,"source_type":11,"duration":370363,"distance":1140,"elevation_gain":8,"elevation_loss":5},{"version":1,"timestamp":"2022-06-23 16:15:24 +0000","elevation":1241,"source_type":11,"duration":378358,"distance":1164,"elevation_gain":8,"elevation_loss":6},{"version":1,"timestamp":"2022-06-23 16:15:32 +0000","elevation":1240,"source_type":11,"duration":386359,"distance":1187,"elevation_gain":8,"elevation_loss":7},{"version":1,"timestamp":"2022-06-23 16:15:42 +0000","elevation":1240,"source_type":11,"duration":396375,"distance":1210,"elevation_gain":8,"elevation_loss":7},{"version":1,"timestamp":"2022-06-23 16:15:48 +0000","elevation":1239,"source_type":11,"duration":402361,"distance":1236,"elevation_gain":8,"elevation_loss":8},{"version":1,"timestamp":"2022-06-23 16:15:56 +0000","elevation":1238,"source_type":11,"duration":410365,"distance":1263,"elevation_gain":8,"elevation_loss":9},{"version":1,"timestamp":"2022-06-23 16:16:04 +0000","elevation":1238,"source_type":11,"duration":418362,"distance":1289,"elevation_gain":8,"elevation_loss":9},{"version":1,"timestamp":"2022-06-23 16:16:10 +0000","elevation":1238,"source_type":11,"duration":424382,"distance":1307,"elevation_gain":8,"elevation_loss":9},{"version":1,"timestamp":"2022-06-23 16:16:11 +0000","elevation":1238,"source_type":11,"duration":425377,"distance":1309,"elevation_gain":8,"elevation_loss":10},{"version":1,"timestamp":"2022-06-23 16:16:12 +0000","elevation":1237,"source_type":11,"duration":426373,"distance":1313,"elevation_gain":8,"elevation_loss":10},{"version":1,"timestamp":"2022-06-23 16:16:13 +0000","elevation":1237,"source_type":11,"duration":427368,"distance":1316,"elevation_gain":8,"elevation_loss":10},{"version":1,"timestamp":"2022-06-23 16:16:14 +0000","elevation":1237,"source_type":11,"duration":428364,"distance":1320,"elevation_gain":8,"elevation_loss":10},{"version":1,"timestamp":"2022-06-23 16:16:15 +0000","elevation":1237,"source_type":11,"duration":429864,"distance":1326,"elevation_gain":8,"elevation_loss":10},{"version":1,"timestamp":"2022-06-23 16:16:17 +0000","elevation":1237,"source_type":11,"duration":431364,"distance":1332,"elevation_gain":8,"elevation_loss":10},{"version":1,"timestamp":"2022-06-23 16:16:18 +0000","elevation":1237,"source_type":11,"duration":432864,"distance":1339,"elevation_gain":8,"elevation_loss":10},{"version":1,"timestamp":"2022-06-23 16:16:20 +0000","elevation":1237,"source_type":11,"duration":434365,"distance":1346,"elevation_gain":8,"elevation_loss":10},{"version":1,"timestamp":"2022-06-23 16:16:21 +0000","elevation":1236,"source_type":11,"duration":435882,"distance":1353,"elevation_gain":8,"elevation_loss":11},{"version":1,"timestamp":"2022-06-23 16:16:23 +0000","elevation":1236,"source_type":11,"duration":437399,"distance":1360,"elevation_gain":8,"elevation_loss":11},{"version":1,"timestamp":"2022-06-23 16:16:24 +0000","elevation":1236,"source_type":11,"duration":438916,"distance":1367,"elevation_gain":8,"elevation_loss":11},{"version":1,"timestamp":"2022-06-23 16:16:26 +0000","elevation":1236,"source_type":11,"duration":440433,"distance":1374,"elevation_gain":8,"elevation_loss":11},{"version":1,"timestamp":"2022-06-23 16:16:27 +0000","elevation":1236,"source_type":11,"duration":441915,"distance":1381,"elevation_gain":8,"elevation_loss":11},{"version":1,"timestamp":"2022-06-23 16:16:29 +0000","elevation":1236,"source_type":11,"duration":443398,"distance":1387,"elevation_gain":8,"elevation_loss":12},{"version":1,"timestamp":"2022-06-23 16:16:30 +0000","elevation":1236,"source_type":11,"duration":444880,"distance":1394,"elevation_gain":8,"elevation_loss":12},{"version":1,"timestamp":"2022-06-23 16:16:32 +0000","elevation":1236,"source_type":11,"duration":446363,"distance":1400,"elevation_gain":8,"elevation_loss":12},{"version":1,"timestamp":"2022-06-23 16:16:34 +0000","elevation":1235,"source_type":11,"duration":448112,"distance":1406,"elevation_gain":8,"elevation_loss":12},{"version":1,"timestamp":"2022-06-23 16:16:35 +0000","elevation":1235,"source_type":11,"duration":449862,"distance":1413,"elevation_gain":8,"elevation_loss":12},{"version":1,"timestamp":"2022-06-23 16:16:37 +0000","elevation":1235,"source_type":11,"duration":451612,"distance":1419,"elevation_gain":8,"elevation_loss":12},{"version":1,"timestamp":"2022-06-23 16:16:39 +0000","elevation":1235,"source_type":11,"duration":453362,"distance":1425,"elevation_gain":8,"elevation_loss":12},{"version":1,"timestamp":"2022-06-23 16:16:40 +0000","elevation":1235,"source_type":11,"duration":454864,"distance":1431,"elevation_gain":8,"elevation_loss":12},{"version":1,"timestamp":"2022-06-23 16:16:42 +0000","elevation":1235,"source_type":11,"duration":456366,"distance":1438,"elevation_gain":8,"elevation_loss":12},{"version":1,"timestamp":"2022-06-23 16:16:43 +0000","elevation":1235,"source_type":11,"duration":457868,"distance":1444,"elevation_gain":8,"elevation_loss":12},{"version":1,"timestamp":"2022-06-23 16:16:45 +0000","elevation":1235,"source_type":11,"duration":459370,"distance":1450,"elevation_gain":8,"elevation_loss":12},{"version":1,"timestamp":"2022-06-23 16:16:51 +0000","elevation":1235,"source_type":11,"duration":465363,"distance":1476,"elevation_gain":8,"elevation_loss":12},{"version":1,"timestamp":"2022-06-23 16:16:55 +0000","elevation":1234,"source_type":11,"duration":469352,"distance":1493,"elevation_gain":8,"elevation_loss":13},{"version":1,"timestamp":"2022-06-23 16:16:57 +0000","elevation":1234,"source_type":11,"duration":471358,"distance":1502,"elevation_gain":8,"elevation_loss":14},{"version":1,"timestamp":"2022-06-23 16:16:59 +0000","elevation":1233,"source_type":11,"duration":473358,"distance":1510,"elevation_gain":8,"elevation_loss":14},{"version":1,"timestamp":"2022-06-23 16:17:00 +0000","elevation":1233,"source_type":11,"duration":474368,"distance":1514,"elevation_gain":8,"elevation_loss":14},{"version":1,"timestamp":"2022-06-23 16:17:03 +0000","elevation":1232,"source_type":11,"duration":477359,"distance":1526,"elevation_gain":8,"elevation_loss":15},{"version":1,"timestamp":"2022-06-23 16:17:04 +0000","elevation":1232,"source_type":11,"duration":478351,"distance":1530,"elevation_gain":8,"elevation_loss":16},{"version":1,"timestamp":"2022-06-23 16:17:06 +0000","elevation":1231,"source_type":11,"duration":480364,"distance":1539,"elevation_gain":8,"elevation_loss":16},{"version":1,"timestamp":"2022-06-23 16:17:07 +0000","elevation":1231,"source_type":11,"duration":481362,"distance":1543,"elevation_gain":8,"elevation_loss":16},{"version":1,"timestamp":"2022-06-23 16:17:09 +0000","elevation":1230,"source_type":11,"duration":483363,"distance":1553,"elevation_gain":8,"elevation_loss":17},{"version":1,"timestamp":"2022-06-23 16:17:10 +0000","elevation":1230,"source_type":11,"duration":484359,"distance":1557,"elevation_gain":8,"elevation_loss":17},{"version":1,"timestamp":"2022-06-23 16:17:11 +0000","elevation":1229,"source_type":11,"duration":485356,"distance":1562,"elevation_gain":8,"elevation_loss":18},{"version":1,"timestamp":"2022-06-23 16:17:12 +0000","elevation":1229,"source_type":11,"duration":486368,"distance":1567,"elevation_gain":8,"elevation_loss":18},{"version":1,"timestamp":"2022-06-23 16:17:14 +0000","elevation":1228,"source_type":11,"duration":488373,"distance":1578,"elevation_gain":8,"elevation_loss":19},{"version":1,"timestamp":"2022-06-23 16:17:15 +0000","elevation":1228,"source_type":11,"duration":489365,"distance":1583,"elevation_gain":8,"elevation_loss":19},{"version":1,"timestamp":"2022-06-23 16:17:16 +0000","elevation":1228,"source_type":11,"duration":490359,"distance":1588,"elevation_gain":8,"elevation_loss":20},{"version":1,"timestamp":"2022-06-23 16:17:17 +0000","elevation":1227,"source_type":11,"duration":491355,"distance":1593,"elevation_gain":8,"elevation_loss":20},{"version":1,"timestamp":"2022-06-23 16:17:18 +0000","elevation":1227,"source_type":11,"duration":492358,"distance":1597,"elevation_gain":8,"elevation_loss":20},{"version":1,"timestamp":"2022-06-23 16:17:20 +0000","elevation":1226,"source_type":11,"duration":494370,"distance":1605,"elevation_gain":8,"elevation_loss":21},{"version":1,"timestamp":"2022-06-23 16:17:21 +0000","elevation":1226,"source_type":11,"duration":495364,"distance":1610,"elevation_gain":8,"elevation_loss":21},{"version":1,"timestamp":"2022-06-23 16:17:22 +0000","elevation":1226,"source_type":11,"duration":496374,"distance":1614,"elevation_gain":8,"elevation_loss":21},{"version":1,"timestamp":"2022-06-23 16:17:23 +0000","elevation":1225,"source_type":11,"duration":497354,"distance":1619,"elevation_gain":8,"elevation_loss":22},{"version":1,"timestamp":"2022-06-23 16:17:24 +0000","elevation":1225,"source_type":11,"duration":498362,"distance":1623,"elevation_gain":8,"elevation_loss":22},{"version":1,"timestamp":"2022-06-23 16:17:26 +0000","elevation":1225,"source_type":11,"duration":500426,"distance":1631,"elevation_gain":8,"elevation_loss":23},{"version":1,"timestamp":"2022-06-23 16:17:33 +0000","elevation":1223,"source_type":11,"duration":507362,"distance":1653,"elevation_gain":8,"elevation_loss":24},{"version":1,"timestamp":"2022-06-23 16:17:39 +0000","elevation":1222,"source_type":11,"duration":513369,"distance":1679,"elevation_gain":8,"elevation_loss":25},{"version":1,"timestamp":"2022-06-23 16:17:45 +0000","elevation":1222,"source_type":11,"duration":519357,"distance":1703,"elevation_gain":8,"elevation_loss":25},{"version":1,"timestamp":"2022-06-23 16:17:50 +0000","elevation":1222,"source_type":11,"duration":524368,"distance":1721,"elevation_gain":8,"elevation_loss":25},{"version":1,"timestamp":"2022-06-23 16:17:50 +0000","elevation":1222,"source_type":11,"duration":524866,"distance":1723,"elevation_gain":8,"elevation_loss":25},{"version":1,"timestamp":"2022-06-23 16:17:51 +0000","elevation":1222,"source_type":11,"duration":525364,"distance":1724,"elevation_gain":8,"elevation_loss":25},{"version":1,"timestamp":"2022-06-23 16:17:52 +0000","elevation":1222,"source_type":11,"duration":526365,"distance":1727,"elevation_gain":8,"elevation_loss":25},{"version":1,"timestamp":"2022-06-23 16:17:53 +0000","elevation":1222,"source_type":11,"duration":527367,"distance":1731,"elevation_gain":8,"elevation_loss":25},{"version":1,"timestamp":"2022-06-23 16:17:54 +0000","elevation":1222,"source_type":11,"duration":528865,"distance":1734,"elevation_gain":8,"elevation_loss":25},{"version":1,"timestamp":"2022-06-23 16:17:56 +0000","elevation":1222,"source_type":11,"duration":530363,"distance":1739,"elevation_gain":8,"elevation_loss":25},{"version":1,"timestamp":"2022-06-23 16:17:57 +0000","elevation":1222,"source_type":11,"duration":531861,"distance":1744,"elevation_gain":8,"elevation_loss":25},{"version":1,"timestamp":"2022-06-23 16:17:59 +0000","elevation":1222,"source_type":11,"duration":533359,"distance":1750,"elevation_gain":8,"elevation_loss":25},{"version":1,"timestamp":"2022-06-23 16:17:59 +0000","elevation":1222,"source_type":11,"duration":533858,"distance":1752,"elevation_gain":8,"elevation_loss":25},{"version":1,"timestamp":"2022-06-23 16:18:00 +0000","elevation":1222,"source_type":11,"duration":534357,"distance":1754,"elevation_gain":8,"elevation_loss":25},{"version":1,"timestamp":"2022-06-23 16:18:00 +0000","elevation":1222,"source_type":11,"duration":534856,"distance":1755,"elevation_gain":8,"elevation_loss":25},{"version":1,"timestamp":"2022-06-23 16:18:01 +0000","elevation":1222,"source_type":11,"duration":535355,"distance":1756,"elevation_gain":8,"elevation_loss":25},{"version":1,"timestamp":"2022-06-23 16:18:03 +0000","elevation":1222,"source_type":11,"duration":537108,"distance":1760,"elevation_gain":8,"elevation_loss":25},{"version":1,"timestamp":"2022-06-23 16:18:04 +0000","elevation":1222,"source_type":11,"duration":538861,"distance":1765,"elevation_gain":8,"elevation_loss":25},{"version":1,"timestamp":"2022-06-23 16:18:06 +0000","elevation":1223,"source_type":11,"duration":540614,"distance":1772,"elevation_gain":8,"elevation_loss":25},{"version":1,"timestamp":"2022-06-23 16:18:08 +0000","elevation":1223,"source_type":11,"duration":542367,"distance":1779,"elevation_gain":8,"elevation_loss":25},{"version":1,"timestamp":"2022-06-23 16:18:10 +0000","elevation":1223,"source_type":11,"duration":544865,"distance":1785,"elevation_gain":8,"elevation_loss":25},{"version":1,"timestamp":"2022-06-23 16:18:13 +0000","elevation":1223,"source_type":11,"duration":547364,"distance":1791,"elevation_gain":8,"elevation_loss":25},{"version":1,"timestamp":"2022-06-23 16:18:15 +0000","elevation":1224,"source_type":11,"duration":549863,"distance":1797,"elevation_gain":8,"elevation_loss":25},{"version":1,"timestamp":"2022-06-23 16:18:18 +0000","elevation":1224,"source_type":11,"duration":552362,"distance":1803,"elevation_gain":8,"elevation_loss":25},{"version":1,"timestamp":"2022-06-23 16:18:20 +0000","elevation":1224,"source_type":11,"duration":554360,"distance":1809,"elevation_gain":8,"elevation_loss":25},{"version":1,"timestamp":"2022-06-23 16:18:22 +0000","elevation":1225,"source_type":11,"duration":556359,"distance":1815,"elevation_gain":8,"elevation_loss":25},{"version":1,"timestamp":"2022-06-23 16:18:24 +0000","elevation":1225,"source_type":11,"duration":558358,"distance":1821,"elevation_gain":8,"elevation_loss":25},{"version":1,"timestamp":"2022-06-23 16:18:26 +0000","elevation":1225,"source_type":11,"duration":560357,"distance":1826,"elevation_gain":8,"elevation_loss":25},{"version":1,"timestamp":"2022-06-23 16:18:34 +0000","elevation":1226,"source_type":11,"duration":568354,"distance":1851,"elevation_gain":8,"elevation_loss":25},{"version":1,"timestamp":"2022-06-23 16:18:44 +0000","elevation":1226,"source_type":11,"duration":578374,"distance":1875,"elevation_gain":8,"elevation_loss":25},{"version":1,"timestamp":"2022-06-23 16:18:52 +0000","elevation":1227,"source_type":11,"duration":586368,"distance":1899,"elevation_gain":13,"elevation_loss":25},{"version":1,"timestamp":"2022-06-23 16:19:01 +0000","elevation":1227,"source_type":11,"duration":595358,"distance":1923,"elevation_gain":13,"elevation_loss":25},{"version":1,"timestamp":"2022-06-23 16:19:09 +0000","elevation":1227,"source_type":11,"duration":603358,"distance":1945,"elevation_gain":13,"elevation_loss":25},{"version":1,"timestamp":"2022-06-23 16:19:17 +0000","elevation":1227,"source_type":11,"duration":611355,"distance":1971,"elevation_gain":13,"elevation_loss":25},{"version":1,"timestamp":"2022-06-23 16:19:25 +0000","elevation":1227,"source_type":11,"duration":619361,"distance":1996,"elevation_gain":13,"elevation_loss":25},{"version":1,"timestamp":"2022-06-23 16:19:32 +0000","elevation":1227,"source_type":11,"duration":626359,"distance":2019,"elevation_gain":13,"elevation_loss":25},{"version":1,"timestamp":"2022-06-23 16:19:40 +0000","elevation":1227,"source_type":11,"duration":634357,"distance":2043,"elevation_gain":13,"elevation_loss":25},{"version":1,"timestamp":"2022-06-23 16:19:47 +0000","elevation":1227,"source_type":11,"duration":641358,"distance":2065,"elevation_gain":13,"elevation_loss":25},{"version":1,"timestamp":"2022-06-23 16:19:55 +0000","elevation":1228,"source_type":11,"duration":649354,"distance":2090,"elevation_gain":13,"elevation_loss":25},{"version":1,"timestamp":"2022-06-23 16:20:00 +0000","elevation":1228,"source_type":11,"duration":654358,"distance":2101,"elevation_gain":14,"elevation_loss":25},{"version":1,"timestamp":"2022-06-23 16:20:05 +0000","elevation":1228,"source_type":11,"duration":659363,"distance":2113,"elevation_gain":14,"elevation_loss":25},{"version":1,"timestamp":"2022-06-23 16:20:09 +0000","elevation":1229,"source_type":11,"duration":663361,"distance":2124,"elevation_gain":14,"elevation_loss":25},{"version":1,"timestamp":"2022-06-23 16:20:13 +0000","elevation":1229,"source_type":11,"duration":667359,"distance":2137,"elevation_gain":15,"elevation_loss":25},{"version":1,"timestamp":"2022-06-23 16:20:15 +0000","elevation":1229,"source_type":11,"duration":669358,"distance":2142,"elevation_gain":15,"elevation_loss":25},{"version":1,"timestamp":"2022-06-23 16:20:17 +0000","elevation":1229,"source_type":11,"duration":671358,"distance":2148,"elevation_gain":15,"elevation_loss":25},{"version":1,"timestamp":"2022-06-23 16:20:19 +0000","elevation":1229,"source_type":11,"duration":673357,"distance":2153,"elevation_gain":15,"elevation_loss":25},{"version":1,"timestamp":"2022-06-23 16:20:21 +0000","elevation":1229,"source_type":11,"duration":675357,"distance":2159,"elevation_gain":15,"elevation_loss":25},{"version":1,"timestamp":"2022-06-23 16:20:23 +0000","elevation":1229,"source_type":11,"duration":677357,"distance":2164,"elevation_gain":15,"elevation_loss":25},{"version":1,"timestamp":"2022-06-23 16:20:25 +0000","elevation":1229,"source_type":11,"duration":679358,"distance":2170,"elevation_gain":15,"elevation_loss":25},{"version":1,"timestamp":"2022-06-23 16:20:27 +0000","elevation":1229,"source_type":11,"duration":681358,"distance":2175,"elevation_gain":15,"elevation_loss":25},{"version":1,"timestamp":"2022-06-23 16:20:29 +0000","elevation":1229,"source_type":11,"duration":683359,"distance":2180,"elevation_gain":15,"elevation_loss":25},{"version":1,"timestamp":"2022-06-23 16:20:31 +0000","elevation":1229,"source_type":11,"duration":685111,"distance":2186,"elevation_gain":15,"elevation_loss":25},{"version":1,"timestamp":"2022-06-23 16:20:32 +0000","elevation":1229,"source_type":11,"duration":686863,"distance":2192,"elevation_gain":15,"elevation_loss":25},{"version":1,"timestamp":"2022-06-23 16:20:34 +0000","elevation":1229,"source_type":11,"duration":688615,"distance":2198,"elevation_gain":15,"elevation_loss":25},{"version":1,"timestamp":"2022-06-23 16:20:36 +0000","elevation":1229,"source_type":11,"duration":690367,"distance":2204,"elevation_gain":15,"elevation_loss":25},{"version":1,"timestamp":"2022-06-23 16:20:38 +0000","elevation":1229,"source_type":11,"duration":692116,"distance":2210,"elevation_gain":15,"elevation_loss":25},{"version":1,"timestamp":"2022-06-23 16:20:39 +0000","elevation":1229,"source_type":11,"duration":693866,"distance":2217,"elevation_gain":15,"elevation_loss":25},{"version":1,"timestamp":"2022-06-23 16:20:41 +0000","elevation":1229,"source_type":11,"duration":695615,"distance":2223,"elevation_gain":15,"elevation_loss":25},{"version":1,"timestamp":"2022-06-23 16:20:43 +0000","elevation":1229,"source_type":11,"duration":697365,"distance":2230,"elevation_gain":15,"elevation_loss":25},{"version":1,"timestamp":"2022-06-23 16:20:45 +0000","elevation":1229,"source_type":11,"duration":699118,"distance":2236,"elevation_gain":15,"elevation_loss":25},{"version":1,"timestamp":"2022-06-23 16:20:46 +0000","elevation":1229,"source_type":11,"duration":700871,"distance":2243,"elevation_gain":15,"elevation_loss":25},{"version":1,"timestamp":"2022-06-23 16:20:48 +0000","elevation":1228,"source_type":11,"duration":702624,"distance":2249,"elevation_gain":15,"elevation_loss":25},{"version":1,"timestamp":"2022-06-23 16:20:50 +0000","elevation":1228,"source_type":11,"duration":704377,"distance":2255,"elevation_gain":15,"elevation_loss":25},{"version":1,"timestamp":"2022-06-23 16:20:57 +0000","elevation":1227,"source_type":11,"duration":711367,"distance":2281,"elevation_gain":15,"elevation_loss":25},{"version":1,"timestamp":"2022-06-23 16:21:04 +0000","elevation":1226,"source_type":11,"duration":718362,"distance":2306,"elevation_gain":15,"elevation_loss":25},{"version":1,"timestamp":"2022-06-23 16:21:11 +0000","elevation":1226,"source_type":11,"duration":725359,"distance":2329,"elevation_gain":15,"elevation_loss":25},{"version":1,"timestamp":"2022-06-23 16:21:19 +0000","elevation":1226,"source_type":11,"duration":733365,"distance":2356,"elevation_gain":15,"elevation_loss":25},{"version":1,"timestamp":"2022-06-23 16:21:27 +0000","elevation":1226,"source_type":11,"duration":741361,"distance":2381,"elevation_gain":15,"elevation_loss":25},{"version":1,"timestamp":"2022-06-23 16:21:29 +0000","elevation":1226,"source_type":11,"duration":743360,"distance":2386,"elevation_gain":15,"elevation_loss":25},{"version":1,"timestamp":"2022-06-23 16:21:31 +0000","elevation":1226,"source_type":11,"duration":745359,"distance":2392,"elevation_gain":15,"elevation_loss":25},{"version":1,"timestamp":"2022-06-23 16:21:33 +0000","elevation":1226,"source_type":11,"duration":747358,"distance":2399,"elevation_gain":15,"elevation_loss":25},{"version":1,"timestamp":"2022-06-23 16:21:35 +0000","elevation":1226,"source_type":11,"duration":749357,"distance":2405,"elevation_gain":15,"elevation_loss":25},{"version":1,"timestamp":"2022-06-23 16:21:37 +0000","elevation":1227,"source_type":11,"duration":751356,"distance":2411,"elevation_gain":15,"elevation_loss":25},{"version":1,"timestamp":"2022-06-23 16:21:39 +0000","elevation":1227,"source_type":11,"duration":753356,"distance":2417,"elevation_gain":15,"elevation_loss":25},{"version":1,"timestamp":"2022-06-23 16:21:41 +0000","elevation":1227,"source_type":11,"duration":755356,"distance":2424,"elevation_gain":15,"elevation_loss":25},{"version":1,"timestamp":"2022-06-23 16:21:43 +0000","elevation":1227,"source_type":11,"duration":757356,"distance":2430,"elevation_gain":15,"elevation_loss":25},{"version":1,"timestamp":"2022-06-23 16:21:45 +0000","elevation":1227,"source_type":11,"duration":759608,"distance":2436,"elevation_gain":15,"elevation_loss":25},{"version":1,"timestamp":"2022-06-23 16:21:47 +0000","elevation":1228,"source_type":11,"duration":761860,"distance":2442,"elevation_gain":15,"elevation_loss":25},{"version":1,"timestamp":"2022-06-23 16:21:50 +0000","elevation":1228,"source_type":11,"duration":764112,"distance":2448,"elevation_gain":15,"elevation_loss":25},{"version":1,"timestamp":"2022-06-23 16:21:52 +0000","elevation":1228,"source_type":11,"duration":766364,"distance":2454,"elevation_gain":15,"elevation_loss":25},{"version":1,"timestamp":"2022-06-23 16:21:54 +0000","elevation":1229,"source_type":11,"duration":768612,"distance":2460,"elevation_gain":15,"elevation_loss":25},{"version":1,"timestamp":"2022-06-23 16:21:56 +0000","elevation":1229,"source_type":11,"duration":770861,"distance":2465,"elevation_gain":15,"elevation_loss":25},{"version":1,"timestamp":"2022-06-23 16:21:59 +0000","elevation":1229,"source_type":11,"duration":773110,"distance":2471,"elevation_gain":15,"elevation_loss":25},{"version":1,"timestamp":"2022-06-23 16:22:01 +0000","elevation":1230,"source_type":11,"duration":775359,"distance":2477,"elevation_gain":15,"elevation_loss":25},{"version":1,"timestamp":"2022-06-23 16:22:03 +0000","elevation":1230,"source_type":11,"duration":777609,"distance":2483,"elevation_gain":16,"elevation_loss":25},{"version":1,"timestamp":"2022-06-23 16:22:05 +0000","elevation":1230,"source_type":11,"duration":779860,"distance":2489,"elevation_gain":16,"elevation_loss":25},{"version":1,"timestamp":"2022-06-23 16:22:08 +0000","elevation":1231,"source_type":11,"duration":782111,"distance":2495,"elevation_gain":16,"elevation_loss":25},{"version":1,"timestamp":"2022-06-23 16:22:10 +0000","elevation":1231,"source_type":11,"duration":784362,"distance":2501,"elevation_gain":17,"elevation_loss":25},{"version":1,"timestamp":"2022-06-23 16:22:12 +0000","elevation":1231,"source_type":11,"duration":786612,"distance":2507,"elevation_gain":17,"elevation_loss":25},{"version":1,"timestamp":"2022-06-23 16:22:14 +0000","elevation":1232,"source_type":11,"duration":788863,"distance":2513,"elevation_gain":17,"elevation_loss":25},{"version":1,"timestamp":"2022-06-23 16:22:17 +0000","elevation":1232,"source_type":11,"duration":791113,"distance":2519,"elevation_gain":18,"elevation_loss":25},{"version":1,"timestamp":"2022-06-23 16:22:19 +0000","elevation":1232,"source_type":11,"duration":793364,"distance":2525,"elevation_gain":18,"elevation_loss":25},{"version":1,"timestamp":"2022-06-23 16:22:21 +0000","elevation":1232,"source_type":11,"duration":795615,"distance":2530,"elevation_gain":18,"elevation_loss":25},{"version":1,"timestamp":"2022-06-23 16:22:23 +0000","elevation":1232,"source_type":11,"duration":797867,"distance":2535,"elevation_gain":18,"elevation_loss":25},{"version":1,"timestamp":"2022-06-23 16:22:26 +0000","elevation":1232,"source_type":11,"duration":800119,"distance":2542,"elevation_gain":18,"elevation_loss":25},{"version":1,"timestamp":"2022-06-23 16:22:28 +0000","elevation":1232,"source_type":11,"duration":802371,"distance":2548,"elevation_gain":18,"elevation_loss":25},{"version":1,"timestamp":"2022-06-23 16:22:30 +0000","elevation":1232,"source_type":11,"duration":804618,"distance":2554,"elevation_gain":18,"elevation_loss":25},{"version":1,"timestamp":"2022-06-23 16:22:32 +0000","elevation":1231,"source_type":11,"duration":806865,"distance":2560,"elevation_gain":18,"elevation_loss":25},{"version":1,"timestamp":"2022-06-23 16:22:35 +0000","elevation":1231,"source_type":11,"duration":809112,"distance":2566,"elevation_gain":18,"elevation_loss":25},{"version":1,"timestamp":"2022-06-23 16:22:37 +0000","elevation":1231,"source_type":11,"duration":811360,"distance":2572,"elevation_gain":18,"elevation_loss":25},{"version":1,"timestamp":"2022-06-23 16:22:37 +0000","elevation":1231,"source_type":11,"duration":811860,"distance":2575,"elevation_gain":18,"elevation_loss":25},{"version":1,"timestamp":"2022-06-23 16:22:38 +0000","elevation":1231,"source_type":11,"duration":812360,"distance":2577,"elevation_gain":18,"elevation_loss":25},{"version":1,"timestamp":"2022-06-23 16:22:38 +0000","elevation":1231,"source_type":11,"duration":812860,"distance":2578,"elevation_gain":18,"elevation_loss":25},{"version":1,"timestamp":"2022-06-23 16:22:39 +0000","elevation":1231,"source_type":11,"duration":813360,"distance":2578,"elevation_gain":18,"elevation_loss":25},{"version":1,"timestamp":"2022-06-23 16:22:40 +0000","elevation":1231,"source_type":11,"duration":814861,"distance":2582,"elevation_gain":18,"elevation_loss":25},{"version":1,"timestamp":"2022-06-23 16:22:42 +0000","elevation":1231,"source_type":11,"duration":816362,"distance":2586,"elevation_gain":18,"elevation_loss":25},{"version":1,"timestamp":"2022-06-23 16:22:43 +0000","elevation":1231,"source_type":11,"duration":817863,"distance":2591,"elevation_gain":18,"elevation_loss":25},{"version":1,"timestamp":"2022-06-23 16:22:45 +0000","elevation":1231,"source_type":11,"duration":819365,"distance":2596,"elevation_gain":18,"elevation_loss":25},{"version":1,"timestamp":"2022-06-23 16:22:47 +0000","elevation":1230,"source_type":11,"duration":821364,"distance":2602,"elevation_gain":18,"elevation_loss":25},{"version":1,"timestamp":"2022-06-23 16:22:49 +0000","elevation":1230,"source_type":11,"duration":823363,"distance":2608,"elevation_gain":18,"elevation_loss":25},{"version":1,"timestamp":"2022-06-23 16:22:51 +0000","elevation":1230,"source_type":11,"duration":825362,"distance":2615,"elevation_gain":18,"elevation_loss":25},{"version":1,"timestamp":"2022-06-23 16:22:53 +0000","elevation":1230,"source_type":11,"duration":827362,"distance":2622,"elevation_gain":18,"elevation_loss":25},{"version":1,"timestamp":"2022-06-23 16:22:55 +0000","elevation":1230,"source_type":11,"duration":829362,"distance":2628,"elevation_gain":18,"elevation_loss":25},{"version":1,"timestamp":"2022-06-23 16:22:57 +0000","elevation":1230,"source_type":11,"duration":831362,"distance":2635,"elevation_gain":18,"elevation_loss":25},{"version":1,"timestamp":"2022-06-23 16:22:59 +0000","elevation":1229,"source_type":11,"duration":833362,"distance":2642,"elevation_gain":18,"elevation_loss":25},{"version":1,"timestamp":"2022-06-23 16:23:01 +0000","elevation":1229,"source_type":11,"duration":835363,"distance":2648,"elevation_gain":18,"elevation_loss":25},{"version":1,"timestamp":"2022-06-23 16:23:08 +0000","elevation":1229,"source_type":11,"duration":842379,"distance":2672,"elevation_gain":18,"elevation_loss":25},{"version":1,"timestamp":"2022-06-23 16:23:10 +0000","elevation":1229,"source_type":11,"duration":844356,"distance":2678,"elevation_gain":18,"elevation_loss":25},{"version":1,"timestamp":"2022-06-23 16:23:14 +0000","elevation":1228,"source_type":11,"duration":848387,"distance":2689,"elevation_gain":18,"elevation_loss":25},{"version":1,"timestamp":"2022-06-23 16:23:16 +0000","elevation":1228,"source_type":11,"duration":850361,"distance":2695,"elevation_gain":18,"elevation_loss":25},{"version":1,"timestamp":"2022-06-23 16:23:25 +0000","elevation":1227,"source_type":11,"duration":859357,"distance":2719,"elevation_gain":18,"elevation_loss":31},{"version":1,"timestamp":"2022-06-23 16:23:34 +0000","elevation":1225,"source_type":11,"duration":868365,"distance":2744,"elevation_gain":18,"elevation_loss":32},{"version":1,"timestamp":"2022-06-23 16:23:42 +0000","elevation":1224,"source_type":11,"duration":876360,"distance":2767,"elevation_gain":18,"elevation_loss":33},{"version":1,"timestamp":"2022-06-23 16:23:51 +0000","elevation":1223,"source_type":11,"duration":885360,"distance":2791,"elevation_gain":18,"elevation_loss":34},{"version":1,"timestamp":"2022-06-23 16:23:59 +0000","elevation":1223,"source_type":11,"duration":893361,"distance":2816,"elevation_gain":18,"elevation_loss":34},{"version":1,"timestamp":"2022-06-23 16:24:07 +0000","elevation":1223,"source_type":11,"duration":901361,"distance":2839,"elevation_gain":18,"elevation_loss":34},{"version":1,"timestamp":"2022-06-23 16:24:16 +0000","elevation":1223,"source_type":11,"duration":910361,"distance":2865,"elevation_gain":18,"elevation_loss":34},{"version":1,"timestamp":"2022-06-23 16:24:24 +0000","elevation":1223,"source_type":11,"duration":918359,"distance":2888,"elevation_gain":18,"elevation_loss":34},{"version":1,"timestamp":"2022-06-23 16:24:32 +0000","elevation":1224,"source_type":11,"duration":926366,"distance":2912,"elevation_gain":18,"elevation_loss":34},{"version":1,"timestamp":"2022-06-23 16:24:42 +0000","elevation":1224,"source_type":11,"duration":936364,"distance":2935,"elevation_gain":18,"elevation_loss":34},{"version":1,"timestamp":"2022-06-23 16:24:50 +0000","elevation":1225,"source_type":11,"duration":944380,"distance":2957,"elevation_gain":18,"elevation_loss":34},{"version":1,"timestamp":"2022-06-23 16:24:59 +0000","elevation":1225,"source_type":11,"duration":953359,"distance":2981,"elevation_gain":18,"elevation_loss":34},{"version":1,"timestamp":"2022-06-23 16:25:07 +0000","elevation":1225,"source_type":11,"duration":961361,"distance":3003,"elevation_gain":18,"elevation_loss":34},{"version":1,"timestamp":"2022-06-23 16:25:18 +0000","elevation":1225,"source_type":11,"duration":972366,"distance":3028,"elevation_gain":18,"elevation_loss":34},{"version":1,"timestamp":"2022-06-23 16:25:27 +0000","elevation":1225,"source_type":11,"duration":981358,"distance":3051,"elevation_gain":18,"elevation_loss":34},{"version":1,"timestamp":"2022-06-23 16:25:36 +0000","elevation":1226,"source_type":11,"duration":990371,"distance":3075,"elevation_gain":18,"elevation_loss":34},{"version":1,"timestamp":"2022-06-23 16:25:45 +0000","elevation":1227,"source_type":11,"duration":999357,"distance":3099,"elevation_gain":18,"elevation_loss":34},{"version":1,"timestamp":"2022-06-23 16:25:54 +0000","elevation":1228,"source_type":11,"duration":1008362,"distance":3121,"elevation_gain":18,"elevation_loss":34},{"version":1,"timestamp":"2022-06-23 16:26:04 +0000","elevation":1229,"source_type":11,"duration":1018355,"distance":3145,"elevation_gain":23,"elevation_loss":34},{"version":1,"timestamp":"2022-06-23 16:26:13 +0000","elevation":1229,"source_type":11,"duration":1027351,"distance":3167,"elevation_gain":24,"elevation_loss":34},{"version":1,"timestamp":"2022-06-23 16:26:23 +0000","elevation":1229,"source_type":11,"duration":1037369,"distance":3190,"elevation_gain":24,"elevation_loss":34},{"version":1,"timestamp":"2022-06-23 16:26:32 +0000","elevation":1230,"source_type":11,"duration":1046353,"distance":3215,"elevation_gain":25,"elevation_loss":34},{"version":1,"timestamp":"2022-06-23 16:26:41 +0000","elevation":1230,"source_type":11,"duration":1055360,"distance":3238,"elevation_gain":25,"elevation_loss":34},{"version":1,"timestamp":"2022-06-23 16:26:50 +0000","elevation":1231,"source_type":11,"duration":1064377,"distance":3262,"elevation_gain":26,"elevation_loss":34},{"version":1,"timestamp":"2022-06-23 16:26:58 +0000","elevation":1231,"source_type":11,"duration":1072365,"distance":3285,"elevation_gain":26,"elevation_loss":34},{"version":1,"timestamp":"2022-06-23 16:27:07 +0000","elevation":1232,"source_type":11,"duration":1081363,"distance":3308,"elevation_gain":27,"elevation_loss":34},{"version":1,"timestamp":"2022-06-23 16:27:16 +0000","elevation":1233,"source_type":11,"duration":1090365,"distance":3333,"elevation_gain":28,"elevation_loss":34},{"version":1,"timestamp":"2022-06-23 16:27:25 +0000","elevation":1234,"source_type":11,"duration":1099358,"distance":3355,"elevation_gain":29,"elevation_loss":34},{"version":1,"timestamp":"2022-06-23 16:27:33 +0000","elevation":1235,"source_type":11,"duration":1107355,"distance":3378,"elevation_gain":30,"elevation_loss":34},{"version":1,"timestamp":"2022-06-23 16:27:43 +0000","elevation":1236,"source_type":11,"duration":1117358,"distance":3402,"elevation_gain":31,"elevation_loss":34},{"version":1,"timestamp":"2022-06-23 16:27:52 +0000","elevation":1237,"source_type":11,"duration":1126355,"distance":3426,"elevation_gain":32,"elevation_loss":34},{"version":1,"timestamp":"2022-06-23 16:28:01 +0000","elevation":1237,"source_type":11,"duration":1135373,"distance":3450,"elevation_gain":32,"elevation_loss":34},{"version":1,"timestamp":"2022-06-23 16:28:11 +0000","elevation":1237,"source_type":11,"duration":1145356,"distance":3474,"elevation_gain":32,"elevation_loss":34},{"version":1,"timestamp":"2022-06-23 16:28:20 +0000","elevation":1237,"source_type":11,"duration":1154383,"distance":3499,"elevation_gain":32,"elevation_loss":34},{"version":1,"timestamp":"2022-06-23 16:28:23 +0000","elevation":1237,"source_type":11,"duration":1157364,"distance":3508,"elevation_gain":32,"elevation_loss":34},{"version":1,"timestamp":"2022-06-23 16:28:26 +0000","elevation":1237,"source_type":11,"duration":1160364,"distance":3516,"elevation_gain":32,"elevation_loss":34},{"version":1,"timestamp":"2022-06-23 16:28:29 +0000","elevation":1238,"source_type":11,"duration":1163360,"distance":3524,"elevation_gain":32,"elevation_loss":34},{"version":1,"timestamp":"2022-06-23 16:28:30 +0000","elevation":1238,"source_type":11,"duration":1164360,"distance":3526,"elevation_gain":32,"elevation_loss":34},{"version":1,"timestamp":"2022-06-23 16:28:32 +0000","elevation":1238,"source_type":11,"duration":1166361,"distance":3532,"elevation_gain":32,"elevation_loss":34},{"version":1,"timestamp":"2022-06-23 16:28:34 +0000","elevation":1237,"source_type":11,"duration":1168362,"distance":3538,"elevation_gain":32,"elevation_loss":34},{"version":1,"timestamp":"2022-06-23 16:28:35 +0000","elevation":1237,"source_type":11,"duration":1169362,"distance":3540,"elevation_gain":32,"elevation_loss":34},{"version":1,"timestamp":"2022-06-23 16:28:38 +0000","elevation":1237,"source_type":11,"duration":1172375,"distance":3548,"elevation_gain":32,"elevation_loss":34},{"version":1,"timestamp":"2022-06-23 16:28:43 +0000","elevation":1237,"source_type":11,"duration":1177358,"distance":3560,"elevation_gain":32,"elevation_loss":34},{"version":1,"timestamp":"2022-06-23 16:28:45 +0000","elevation":1238,"source_type":11,"duration":1179858,"distance":3567,"elevation_gain":32,"elevation_loss":34},{"version":1,"timestamp":"2022-06-23 16:28:48 +0000","elevation":1238,"source_type":11,"duration":1182358,"distance":3574,"elevation_gain":33,"elevation_loss":34},{"version":1,"timestamp":"2022-06-23 16:28:50 +0000","elevation":1238,"source_type":11,"duration":1184855,"distance":3580,"elevation_gain":33,"elevation_loss":34},{"version":1,"timestamp":"2022-06-23 16:28:53 +0000","elevation":1238,"source_type":11,"duration":1187353,"distance":3587,"elevation_gain":33,"elevation_loss":34},{"version":1,"timestamp":"2022-06-23 16:28:54 +0000","elevation":1238,"source_type":11,"duration":1188854,"distance":3590,"elevation_gain":33,"elevation_loss":34},{"version":1,"timestamp":"2022-06-23 16:28:56 +0000","elevation":1239,"source_type":11,"duration":1190355,"distance":3593,"elevation_gain":33,"elevation_loss":34},{"version":1,"timestamp":"2022-06-23 16:28:57 +0000","elevation":1239,"source_type":11,"duration":1191856,"distance":3597,"elevation_gain":33,"elevation_loss":34},{"version":1,"timestamp":"2022-06-23 16:28:59 +0000","elevation":1239,"source_type":11,"duration":1193358,"distance":3601,"elevation_gain":33,"elevation_loss":34},{"version":1,"timestamp":"2022-06-23 16:29:01 +0000","elevation":1239,"source_type":11,"duration":1195612,"distance":3606,"elevation_gain":34,"elevation_loss":34},{"version":1,"timestamp":"2022-06-23 16:29:03 +0000","elevation":1239,"source_type":11,"duration":1197866,"distance":3612,"elevation_gain":34,"elevation_loss":34},{"version":1,"timestamp":"2022-06-23 16:29:06 +0000","elevation":1239,"source_type":11,"duration":1200120,"distance":3619,"elevation_gain":34,"elevation_loss":34},{"version":1,"timestamp":"2022-06-23 16:29:08 +0000","elevation":1239,"source_type":11,"duration":1202375,"distance":3625,"elevation_gain":34,"elevation_loss":34},{"version":1,"timestamp":"2022-06-23 16:29:10 +0000","elevation":1240,"source_type":11,"duration":1204619,"distance":3631,"elevation_gain":34,"elevation_loss":34},{"version":1,"timestamp":"2022-06-23 16:29:12 +0000","elevation":1240,"source_type":11,"duration":1206864,"distance":3637,"elevation_gain":34,"elevation_loss":34},{"version":1,"timestamp":"2022-06-23 16:29:15 +0000","elevation":1240,"source_type":11,"duration":1209109,"distance":3643,"elevation_gain":34,"elevation_loss":34},{"version":1,"timestamp":"2022-06-23 16:29:17 +0000","elevation":1240,"source_type":11,"duration":1211354,"distance":3649,"elevation_gain":34,"elevation_loss":34},{"version":1,"timestamp":"2022-06-23 16:29:19 +0000","elevation":1240,"source_type":11,"duration":1213357,"distance":3655,"elevation_gain":35,"elevation_loss":34},{"version":1,"timestamp":"2022-06-23 16:29:21 +0000","elevation":1240,"source_type":11,"duration":1215361,"distance":3661,"elevation_gain":35,"elevation_loss":34},{"version":1,"timestamp":"2022-06-23 16:29:23 +0000","elevation":1240,"source_type":11,"duration":1217364,"distance":3667,"elevation_gain":35,"elevation_loss":34},{"version":1,"timestamp":"2022-06-23 16:29:25 +0000","elevation":1240,"source_type":11,"duration":1219368,"distance":3673,"elevation_gain":35,"elevation_loss":34},{"version":1,"timestamp":"2022-06-23 16:29:27 +0000","elevation":1240,"source_type":11,"duration":1221365,"distance":3679,"elevation_gain":35,"elevation_loss":34},{"version":1,"timestamp":"2022-06-23 16:29:29 +0000","elevation":1240,"source_type":11,"duration":1223363,"distance":3685,"elevation_gain":35,"elevation_loss":34},{"version":1,"timestamp":"2022-06-23 16:29:31 +0000","elevation":1240,"source_type":11,"duration":1225361,"distance":3691,"elevation_gain":35,"elevation_loss":34},{"version":1,"timestamp":"2022-06-23 16:29:33 +0000","elevation":1240,"source_type":11,"duration":1227359,"distance":3697,"elevation_gain":35,"elevation_loss":34},{"version":1,"timestamp":"2022-06-23 16:29:35 +0000","elevation":1240,"source_type":11,"duration":1229360,"distance":3703,"elevation_gain":35,"elevation_loss":34},{"version":1,"timestamp":"2022-06-23 16:29:37 +0000","elevation":1240,"source_type":11,"duration":1231361,"distance":3710,"elevation_gain":35,"elevation_loss":34},{"version":1,"timestamp":"2022-06-23 16:29:39 +0000","elevation":1240,"source_type":11,"duration":1233362,"distance":3716,"elevation_gain":35,"elevation_loss":34},{"version":1,"timestamp":"2022-06-23 16:29:41 +0000","elevation":1240,"source_type":11,"duration":1235363,"distance":3722,"elevation_gain":35,"elevation_loss":34},{"version":1,"timestamp":"2022-06-23 16:29:50 +0000","elevation":1240,"source_type":11,"duration":1244373,"distance":3746,"elevation_gain":35,"elevation_loss":34},{"version":1,"timestamp":"2022-06-23 16:30:01 +0000","elevation":1239,"source_type":11,"duration":1255358,"distance":3769,"elevation_gain":35,"elevation_loss":34},{"version":1,"timestamp":"2022-06-23 16:30:09 +0000","elevation":1239,"source_type":11,"duration":1263353,"distance":3795,"elevation_gain":35,"elevation_loss":34},{"version":1,"timestamp":"2022-06-23 16:30:19 +0000","elevation":1238,"source_type":11,"duration":1273351,"distance":3826,"elevation_gain":35,"elevation_loss":34},{"version":1,"timestamp":"2022-06-23 16:30:27 +0000","elevation":1237,"source_type":11,"duration":1281353,"distance":3851,"elevation_gain":35,"elevation_loss":34},{"version":1,"timestamp":"2022-06-23 16:30:34 +0000","elevation":1237,"source_type":11,"duration":1288358,"distance":3874,"elevation_gain":35,"elevation_loss":34},{"version":1,"timestamp":"2022-06-23 16:30:42 +0000","elevation":1237,"source_type":11,"duration":1296352,"distance":3898,"elevation_gain":35,"elevation_loss":34},{"version":1,"timestamp":"2022-06-23 16:30:50 +0000","elevation":1237,"source_type":11,"duration":1304377,"distance":3921,"elevation_gain":35,"elevation_loss":34},{"version":1,"timestamp":"2022-06-23 16:30:59 +0000","elevation":1238,"source_type":11,"duration":1313353,"distance":3945,"elevation_gain":35,"elevation_loss":34},{"version":1,"timestamp":"2022-06-23 16:31:07 +0000","elevation":1238,"source_type":11,"duration":1321356,"distance":3967,"elevation_gain":35,"elevation_loss":34},{"version":1,"timestamp":"2022-06-23 16:31:14 +0000","elevation":1237,"source_type":11,"duration":1328374,"distance":3990,"elevation_gain":35,"elevation_loss":34},{"version":1,"timestamp":"2022-06-23 16:31:22 +0000","elevation":1237,"source_type":11,"duration":1336353,"distance":4015,"elevation_gain":35,"elevation_loss":34},{"version":1,"timestamp":"2022-06-23 16:31:30 +0000","elevation":1236,"source_type":11,"duration":1344357,"distance":4040,"elevation_gain":35,"elevation_loss":34},{"version":1,"timestamp":"2022-06-23 16:31:39 +0000","elevation":1236,"source_type":11,"duration":1353349,"distance":4063,"elevation_gain":35,"elevation_loss":34},{"version":1,"timestamp":"2022-06-23 16:31:47 +0000","elevation":1236,"source_type":11,"duration":1361357,"distance":4087,"elevation_gain":35,"elevation_loss":34},{"version":1,"timestamp":"2022-06-23 16:31:56 +0000","elevation":1236,"source_type":11,"duration":1370357,"distance":4113,"elevation_gain":35,"elevation_loss":34},{"version":1,"timestamp":"2022-06-23 16:32:03 +0000","elevation":1235,"source_type":11,"duration":1377352,"distance":4137,"elevation_gain":35,"elevation_loss":34},{"version":1,"timestamp":"2022-06-23 16:32:12 +0000","elevation":1235,"source_type":11,"duration":1386358,"distance":4163,"elevation_gain":35,"elevation_loss":34},{"version":1,"timestamp":"2022-06-23 16:32:22 +0000","elevation":1234,"source_type":11,"duration":1396356,"distance":4187,"elevation_gain":35,"elevation_loss":40},{"version":1,"timestamp":"2022-06-23 16:32:30 +0000","elevation":1233,"source_type":11,"duration":1404357,"distance":4211,"elevation_gain":35,"elevation_loss":42},{"version":1,"timestamp":"2022-06-23 16:32:38 +0000","elevation":1231,"source_type":11,"duration":1412379,"distance":4235,"elevation_gain":35,"elevation_loss":43},{"version":1,"timestamp":"2022-06-23 16:32:47 +0000","elevation":1230,"source_type":11,"duration":1421352,"distance":4258,"elevation_gain":35,"elevation_loss":44},{"version":1,"timestamp":"2022-06-23 16:32:55 +0000","elevation":1230,"source_type":11,"duration":1429352,"distance":4284,"elevation_gain":35,"elevation_loss":45},{"version":1,"timestamp":"2022-06-23 16:33:02 +0000","elevation":1231,"source_type":11,"duration":1436375,"distance":4309,"elevation_gain":35,"elevation_loss":45},{"version":1,"timestamp":"2022-06-23 16:33:09 +0000","elevation":1233,"source_type":11,"duration":1443354,"distance":4333,"elevation_gain":35,"elevation_loss":45},{"version":1,"timestamp":"2022-06-23 16:33:16 +0000","elevation":1234,"source_type":11,"duration":1450353,"distance":4357,"elevation_gain":35,"elevation_loss":45},{"version":1,"timestamp":"2022-06-23 16:33:24 +0000","elevation":1235,"source_type":11,"duration":1458361,"distance":4382,"elevation_gain":40,"elevation_loss":45},{"version":1,"timestamp":"2022-06-23 16:33:32 +0000","elevation":1236,"source_type":11,"duration":1466353,"distance":4406,"elevation_gain":41,"elevation_loss":45},{"version":1,"timestamp":"2022-06-23 16:33:41 +0000","elevation":1237,"source_type":11,"duration":1475354,"distance":4430,"elevation_gain":42,"elevation_loss":45},{"version":1,"timestamp":"2022-06-23 16:33:49 +0000","elevation":1237,"source_type":11,"duration":1483357,"distance":4456,"elevation_gain":42,"elevation_loss":45},{"version":1,"timestamp":"2022-06-23 16:33:58 +0000","elevation":1238,"source_type":11,"duration":1492351,"distance":4479,"elevation_gain":43,"elevation_loss":45},{"version":1,"timestamp":"2022-06-23 16:34:06 +0000","elevation":1239,"source_type":11,"duration":1500352,"distance":4502,"elevation_gain":44,"elevation_loss":45},{"version":1,"timestamp":"2022-06-23 16:34:14 +0000","elevation":1239,"source_type":11,"duration":1508376,"distance":4526,"elevation_gain":44,"elevation_loss":45},{"version":1,"timestamp":"2022-06-23 16:34:16 +0000","elevation":1239,"source_type":11,"duration":1510355,"distance":4532,"elevation_gain":44,"elevation_loss":45},{"version":1,"timestamp":"2022-06-23 16:34:18 +0000","elevation":1239,"source_type":11,"duration":1512104,"distance":4535,"elevation_gain":44,"elevation_loss":45},{"version":1,"timestamp":"2022-06-23 16:34:19 +0000","elevation":1239,"source_type":11,"duration":1513854,"distance":4540,"elevation_gain":44,"elevation_loss":45},{"version":1,"timestamp":"2022-06-23 16:34:21 +0000","elevation":1239,"source_type":11,"duration":1515603,"distance":4546,"elevation_gain":44,"elevation_loss":45},{"version":1,"timestamp":"2022-06-23 16:34:23 +0000","elevation":1240,"source_type":11,"duration":1517353,"distance":4553,"elevation_gain":44,"elevation_loss":45},{"version":1,"timestamp":"2022-06-23 16:34:25 +0000","elevation":1240,"source_type":11,"duration":1519353,"distance":4559,"elevation_gain":44,"elevation_loss":45},{"version":1,"timestamp":"2022-06-23 16:34:27 +0000","elevation":1240,"source_type":11,"duration":1521353,"distance":4565,"elevation_gain":45,"elevation_loss":45},{"version":1,"timestamp":"2022-06-23 16:34:29 +0000","elevation":1240,"source_type":11,"duration":1523353,"distance":4571,"elevation_gain":45,"elevation_loss":45},{"version":1,"timestamp":"2022-06-23 16:34:31 +0000","elevation":1240,"source_type":11,"duration":1525353,"distance":4578,"elevation_gain":45,"elevation_loss":45},{"version":1,"timestamp":"2022-06-23 16:34:33 +0000","elevation":1240,"source_type":11,"duration":1527354,"distance":4584,"elevation_gain":45,"elevation_loss":45},{"version":1,"timestamp":"2022-06-23 16:34:35 +0000","elevation":1240,"source_type":11,"duration":1529356,"distance":4591,"elevation_gain":45,"elevation_loss":45},{"version":1,"timestamp":"2022-06-23 16:34:37 +0000","elevation":1240,"source_type":11,"duration":1531357,"distance":4597,"elevation_gain":45,"elevation_loss":45},{"version":1,"timestamp":"2022-06-23 16:34:39 +0000","elevation":1240,"source_type":11,"duration":1533359,"distance":4603,"elevation_gain":45,"elevation_loss":45},{"version":1,"timestamp":"2022-06-23 16:34:41 +0000","elevation":1240,"source_type":11,"duration":1535357,"distance":4610,"elevation_gain":45,"elevation_loss":45},{"version":1,"timestamp":"2022-06-23 16:34:43 +0000","elevation":1240,"source_type":11,"duration":1537356,"distance":4616,"elevation_gain":45,"elevation_loss":45},{"version":1,"timestamp":"2022-06-23 16:34:45 +0000","elevation":1240,"source_type":11,"duration":1539355,"distance":4622,"elevation_gain":45,"elevation_loss":45},{"version":1,"timestamp":"2022-06-23 16:34:47 +0000","elevation":1240,"source_type":11,"duration":1541354,"distance":4628,"elevation_gain":45,"elevation_loss":45},{"version":1,"timestamp":"2022-06-23 16:34:49 +0000","elevation":1240,"source_type":11,"duration":1543352,"distance":4635,"elevation_gain":45,"elevation_loss":45},{"version":1,"timestamp":"2022-06-23 16:34:51 +0000","elevation":1240,"source_type":11,"duration":1545351,"distance":4641,"elevation_gain":45,"elevation_loss":45},{"version":1,"timestamp":"2022-06-23 16:34:53 +0000","elevation":1240,"source_type":11,"duration":1547350,"distance":4647,"elevation_gain":45,"elevation_loss":45},{"version":1,"timestamp":"2022-06-23 16:34:55 +0000","elevation":1240,"source_type":11,"duration":1549349,"distance":4653,"elevation_gain":45,"elevation_loss":45},{"version":1,"timestamp":"2022-06-23 16:34:57 +0000","elevation":1240,"source_type":11,"duration":1551100,"distance":4659,"elevation_gain":45,"elevation_loss":45},{"version":1,"timestamp":"2022-06-23 16:34:58 +0000","elevation":1240,"source_type":11,"duration":1552852,"distance":4665,"elevation_gain":45,"elevation_loss":45},{"version":1,"timestamp":"2022-06-23 16:35:00 +0000","elevation":1240,"source_type":11,"duration":1554604,"distance":4671,"elevation_gain":45,"elevation_loss":45},{"version":1,"timestamp":"2022-06-23 16:35:02 +0000","elevation":1240,"source_type":11,"duration":1556356,"distance":4677,"elevation_gain":45,"elevation_loss":45},{"version":1,"timestamp":"2022-06-23 16:35:09 +0000","elevation":1240,"source_type":11,"duration":1563351,"distance":4702,"elevation_gain":45,"elevation_loss":45},{"version":1,"timestamp":"2022-06-23 16:35:16 +0000","elevation":1240,"source_type":11,"duration":1570351,"distance":4726,"elevation_gain":45,"elevation_loss":45},{"version":1,"timestamp":"2022-06-23 16:35:24 +0000","elevation":1241,"source_type":11,"duration":1578354,"distance":4752,"elevation_gain":45,"elevation_loss":45},{"version":1,"timestamp":"2022-06-23 16:35:31 +0000","elevation":1240,"source_type":11,"duration":1585351,"distance":4776,"elevation_gain":45,"elevation_loss":45},{"version":1,"timestamp":"2022-06-23 16:35:39 +0000","elevation":1240,"source_type":11,"duration":1593349,"distance":4801,"elevation_gain":45,"elevation_loss":45},{"version":1,"timestamp":"2022-06-23 16:35:42 +0000","elevation":1240,"source_type":11,"duration":1596351,"distance":4810,"elevation_gain":45,"elevation_loss":45},{"version":1,"timestamp":"2022-06-23 16:35:45 +0000","elevation":1240,"source_type":11,"duration":1599362,"distance":4819,"elevation_gain":45,"elevation_loss":45},{"version":1,"timestamp":"2022-06-23 16:35:47 +0000","elevation":1240,"source_type":11,"duration":1601354,"distance":4826,"elevation_gain":45,"elevation_loss":45},{"version":1,"timestamp":"2022-06-23 16:35:51 +0000","elevation":1239,"source_type":11,"duration":1605359,"distance":4838,"elevation_gain":45,"elevation_loss":45},{"version":1,"timestamp":"2022-06-23 16:35:55 +0000","elevation":1239,"source_type":11,"duration":1609355,"distance":4851,"elevation_gain":45,"elevation_loss":45},{"version":1,"timestamp":"2022-06-23 16:35:56 +0000","elevation":1239,"source_type":11,"duration":1610353,"distance":4855,"elevation_gain":45,"elevation_loss":45},{"version":1,"timestamp":"2022-06-23 16:35:59 +0000","elevation":1239,"source_type":11,"duration":1613366,"distance":4864,"elevation_gain":45,"elevation_loss":45},{"version":1,"timestamp":"2022-06-23 16:36:03 +0000","elevation":1238,"source_type":11,"duration":1617365,"distance":4876,"elevation_gain":45,"elevation_loss":45},{"version":1,"timestamp":"2022-06-23 16:36:11 +0000","elevation":1238,"source_type":11,"duration":1625360,"distance":4902,"elevation_gain":45,"elevation_loss":45},{"version":1,"timestamp":"2022-06-23 16:36:18 +0000","elevation":1238,"source_type":11,"duration":1632366,"distance":4925,"elevation_gain":45,"elevation_loss":45},{"version":1,"timestamp":"2022-06-23 16:36:25 +0000","elevation":1237,"source_type":11,"duration":1639363,"distance":4948,"elevation_gain":45,"elevation_loss":45},{"version":1,"timestamp":"2022-06-23 16:36:33 +0000","elevation":1237,"source_type":11,"duration":1647363,"distance":4974,"elevation_gain":45,"elevation_loss":45},{"version":1,"timestamp":"2022-06-23 16:36:41 +0000","elevation":1237,"source_type":11,"duration":1655374,"distance":5000,"elevation_gain":45,"elevation_loss":45}]