[{"version":1,"timestamp":"2019-07-30 15:54:31 +0000","elevation":1247,"source_type":11,"duration":6734,"distance":0,"elevation_gain":0,"elevation_loss":0},{"version":1,"timestamp":"2019-07-30 15:54:31 +0000","elevation":1247,"source_type":11,"duration":6792,"distance":0,"elevation_gain":0,"elevation_loss":0},{"version":1,"timestamp":"2019-07-30 15:54:40 +0000","elevation":1247,"source_type":11,"duration":15100,"distance":3,"elevation_gain":0,"elevation_loss":0},{"version":1,"timestamp":"2019-07-30 15:54:41 +0000","elevation":1247,"source_type":11,"duration":16100,"distance":6,"elevation_gain":0,"elevation_loss":0},{"version":1,"timestamp":"2019-07-30 15:54:43 +0000","elevation":1247,"source_type":11,"duration":18104,"distance":18,"elevation_gain":0,"elevation_loss":0},{"version":1,"timestamp":"2019-07-30 15:54:46 +0000","elevation":1248,"source_type":11,"duration":21178,"distance":40,"elevation_gain":0,"elevation_loss":0},{"version":1,"timestamp":"2019-07-30 15:54:52 +0000","elevation":1246,"source_type":11,"duration":27088,"distance":66,"elevation_gain":0,"elevation_loss":0},{"version":1,"timestamp":"2019-07-30 15:54:57 +0000","elevation":1245,"source_type":11,"duration":32160,"distance":95,"elevation_gain":0,"elevation_loss":0},{"version":1,"timestamp":"2019-07-30 15:55:02 +0000","elevation":1244,"source_type":11,"duration":37086,"distance":121,"elevation_gain":0,"elevation_loss":0},{"version":1,"timestamp":"2019-07-30 15:55:08 +0000","elevation":1243,"source_type":11,"duration":43152,"distance":149,"elevation_gain":0,"elevation_loss":0},{"version":1,"timestamp":"2019-07-30 15:55:12 +0000","elevation":1243,"source_type":11,"duration":47112,"distance":166,"elevation_gain":0,"elevation_loss":0},{"version":1,"timestamp":"2019-07-30 15:55:15 +0000","elevation":1242,"source_type":11,"duration":50235,"distance":175,"elevation_gain":0,"elevation_loss":5},{"version":1,"timestamp":"2019-07-30 15:55:21 +0000","elevation":1242,"source_type":11,"duration":56090,"distance":202,"elevation_gain":0,"elevation_loss":5},{"version":1,"timestamp":"2019-07-30 15:55:26 +0000","elevation":1241,"source_type":11,"duration":61124,"distance":227,"elevation_gain":0,"elevation_loss":6},{"version":1,"timestamp":"2019-07-30 15:55:32 +0000","elevation":1240,"source_type":11,"duration":67089,"distance":253,"elevation_gain":0,"elevation_loss":7},{"version":1,"timestamp":"2019-07-30 15:55:38 +0000","elevation":1240,"source_type":11,"duration":73146,"distance":282,"elevation_gain":0,"elevation_loss":7},{"version":1,"timestamp":"2019-07-30 15:55:40 +0000","elevation":1240,"source_type":11,"duration":75326,"distance":291,"elevation_gain":0,"elevation_loss":7},{"version":1,"timestamp":"2019-07-30 15:55:44 +0000","elevation":1239,"source_type":11,"duration":79162,"distance":309,"elevation_gain":0,"elevation_loss":8},{"version":1,"timestamp":"2019-07-30 15:55:45 +0000","elevation":1239,"source_type":11,"duration":80134,"distance":314,"elevation_gain":0,"elevation_loss":8},{"version":1,"timestamp":"2019-07-30 15:55:46 +0000","elevation":1239,"source_type":11,"duration":81079,"distance":318,"elevation_gain":0,"elevation_loss":8},{"version":1,"timestamp":"2019-07-30 15:55:47 +0000","elevation":1239,"source_type":11,"duration":82062,"distance":323,"elevation_gain":0,"elevation_loss":8},{"version":1,"timestamp":"2019-07-30 15:55:50 +0000","elevation":1239,"source_type":11,"duration":85104,"distance":336,"elevation_gain":0,"elevation_loss":8},{"version":1,"timestamp":"2019-07-30 15:55:51 +0000","elevation":1239,"source_type":11,"duration":86160,"distance":340,"elevation_gain":0,"elevation_loss":8},{"version":1,"timestamp":"2019-07-30 15:55:52 +0000","elevation":1239,"source_type":11,"duration":87091,"distance":344,"elevation_gain":0,"elevation_loss":8},{"version":1,"timestamp":"2019-07-30 15:55:53 +0000","elevation":1238,"source_type":11,"duration":88076,"distance":348,"elevation_gain":0,"elevation_loss":8},{"version":1,"timestamp":"2019-07-30 15:55:54 +0000","elevation":1238,"source_type":11,"duration":89155,"distance":353,"elevation_gain":0,"elevation_loss":9},{"version":1,"timestamp":"2019-07-30 15:55:56 +0000","elevation":1238,"source_type":11,"duration":91163,"distance":360,"elevation_gain":0,"elevation_loss":9},{"version":1,"timestamp":"2019-07-30 15:56:03 +0000","elevation":1237,"source_type":11,"duration":98135,"distance":385,"elevation_gain":0,"elevation_loss":10},{"version":1,"timestamp":"2019-07-30 15:56:04 +0000","elevation":1237,"source_type":11,"duration":99630,"distance":390,"elevation_gain":0,"elevation_loss":10},{"version":1,"timestamp":"2019-07-30 15:56:06 +0000","elevation":1237,"source_type":11,"duration":101126,"distance":396,"elevation_gain":0,"elevation_loss":10},{"version":1,"timestamp":"2019-07-30 15:56:07 +0000","elevation":1237,"source_type":11,"duration":102622,"distance":403,"elevation_gain":0,"elevation_loss":10},{"version":1,"timestamp":"2019-07-30 15:56:09 +0000","elevation":1237,"source_type":11,"duration":104118,"distance":411,"elevation_gain":0,"elevation_loss":10},{"version":1,"timestamp":"2019-07-30 15:56:10 +0000","elevation":1237,"source_type":11,"duration":105609,"distance":418,"elevation_gain":0,"elevation_loss":10},{"version":1,"timestamp":"2019-07-30 15:56:12 +0000","elevation":1237,"source_type":11,"duration":107101,"distance":424,"elevation_gain":0,"elevation_loss":10},{"version":1,"timestamp":"2019-07-30 15:56:13 +0000","elevation":1237,"source_type":11,"duration":108592,"distance":430,"elevation_gain":0,"elevation_loss":10},{"version":1,"timestamp":"2019-07-30 15:56:15 +0000","elevation":1237,"source_type":11,"duration":110084,"distance":437,"elevation_gain":0,"elevation_loss":10},{"version":1,"timestamp":"2019-07-30 15:56:16 +0000","elevation":1237,"source_type":11,"duration":111839,"distance":443,"elevation_gain":0,"elevation_loss":10},{"version":1,"timestamp":"2019-07-30 15:56:18 +0000","elevation":1237,"source_type":11,"duration":113594,"distance":449,"elevation_gain":0,"elevation_loss":10},{"version":1,"timestamp":"2019-07-30 15:56:20 +0000","elevation":1237,"source_type":11,"duration":115349,"distance":456,"elevation_gain":0,"elevation_loss":10},{"version":1,"timestamp":"2019-07-30 15:56:22 +0000","elevation":1237,"source_type":11,"duration":117104,"distance":462,"elevation_gain":0,"elevation_loss":10},{"version":1,"timestamp":"2019-07-30 15:56:23 +0000","elevation":1238,"source_type":11,"duration":118865,"distance":469,"elevation_gain":0,"elevation_loss":10},{"version":1,"timestamp":"2019-07-30 15:56:25 +0000","elevation":1238,"source_type":11,"duration":120626,"distance":475,"elevation_gain":0,"elevation_loss":10},{"version":1,"timestamp":"2019-07-30 15:56:27 +0000","elevation":1238,"source_type":11,"duration":122387,"distance":481,"elevation_gain":0,"elevation_loss":10},{"version":1,"timestamp":"2019-07-30 15:56:29 +0000","elevation":1238,"source_type":11,"duration":124149,"distance":487,"elevation_gain":0,"elevation_loss":10},{"version":1,"timestamp":"2019-07-30 15:56:30 +0000","elevation":1238,"source_type":11,"duration":125898,"distance":493,"elevation_gain":0,"elevation_loss":10},{"version":1,"timestamp":"2019-07-30 15:56:32 +0000","elevation":1238,"source_type":11,"duration":127647,"distance":500,"elevation_gain":0,"elevation_loss":10},{"version":1,"timestamp":"2019-07-30 15:56:34 +0000","elevation":1238,"source_type":11,"duration":129396,"distance":506,"elevation_gain":0,"elevation_loss":10},{"version":1,"timestamp":"2019-07-30 15:56:36 +0000","elevation":1238,"source_type":11,"duration":131145,"distance":512,"elevation_gain":0,"elevation_loss":10},{"version":1,"timestamp":"2019-07-30 15:56:37 +0000","elevation":1238,"source_type":11,"duration":132625,"distance":518,"elevation_gain":0,"elevation_loss":10},{"version":1,"timestamp":"2019-07-30 15:56:39 +0000","elevation":1238,"source_type":11,"duration":134105,"distance":524,"elevation_gain":0,"elevation_loss":10},{"version":1,"timestamp":"2019-07-30 15:56:40 +0000","elevation":1238,"source_type":11,"duration":135585,"distance":530,"elevation_gain":0,"elevation_loss":10},{"version":1,"timestamp":"2019-07-30 15:56:42 +0000","elevation":1239,"source_type":11,"duration":137066,"distance":536,"elevation_gain":0,"elevation_loss":10},{"version":1,"timestamp":"2019-07-30 15:56:49 +0000","elevation":1239,"source_type":11,"duration":144095,"distance":561,"elevation_gain":0,"elevation_loss":10},{"version":1,"timestamp":"2019-07-30 15:56:55 +0000","elevation":1240,"source_type":11,"duration":150166,"distance":586,"elevation_gain":0,"elevation_loss":10},{"version":1,"timestamp":"2019-07-30 15:56:59 +0000","elevation":1240,"source_type":11,"duration":154077,"distance":603,"elevation_gain":0,"elevation_loss":10},{"version":1,"timestamp":"2019-07-30 15:57:01 +0000","elevation":1240,"source_type":11,"duration":156064,"distance":611,"elevation_gain":0,"elevation_loss":10},{"version":1,"timestamp":"2019-07-30 15:57:03 +0000","elevation":1240,"source_type":11,"duration":158085,"distance":619,"elevation_gain":0,"elevation_loss":10},{"version":1,"timestamp":"2019-07-30 15:57:07 +0000","elevation":1241,"source_type":11,"duration":162174,"distance":635,"elevation_gain":0,"elevation_loss":10},{"version":1,"timestamp":"2019-07-30 15:57:14 +0000","elevation":1241,"source_type":11,"duration":169170,"distance":660,"elevation_gain":0,"elevation_loss":10},{"version":1,"timestamp":"2019-07-30 15:57:21 +0000","elevation":1240,"source_type":11,"duration":176114,"distance":685,"elevation_gain":0,"elevation_loss":10},{"version":1,"timestamp":"2019-07-30 15:57:29 +0000","elevation":1240,"source_type":11,"duration":184093,"distance":708,"elevation_gain":0,"elevation_loss":10},{"version":1,"timestamp":"2019-07-30 15:57:30 +0000","elevation":1240,"source_type":11,"duration":185587,"distance":713,"elevation_gain":0,"elevation_loss":10},{"version":1,"timestamp":"2019-07-30 15:57:32 +0000","elevation":1240,"source_type":11,"duration":187082,"distance":716,"elevation_gain":0,"elevation_loss":10},{"version":1,"timestamp":"2019-07-30 15:57:33 +0000","elevation":1240,"source_type":11,"duration":188594,"distance":720,"elevation_gain":0,"elevation_loss":10},{"version":1,"timestamp":"2019-07-30 15:57:35 +0000","elevation":1240,"source_type":11,"duration":190107,"distance":724,"elevation_gain":0,"elevation_loss":10},{"version":1,"timestamp":"2019-07-30 15:57:36 +0000","elevation":1240,"source_type":11,"duration":191619,"distance":729,"elevation_gain":0,"elevation_loss":10},{"version":1,"timestamp":"2019-07-30 15:57:38 +0000","elevation":1240,"source_type":11,"duration":193132,"distance":735,"elevation_gain":0,"elevation_loss":10},{"version":1,"timestamp":"2019-07-30 15:57:39 +0000","elevation":1240,"source_type":11,"duration":194373,"distance":739,"elevation_gain":0,"elevation_loss":10},{"version":1,"timestamp":"2019-07-30 15:57:40 +0000","elevation":1240,"source_type":11,"duration":195614,"distance":743,"elevation_gain":0,"elevation_loss":10},{"version":1,"timestamp":"2019-07-30 15:57:41 +0000","elevation":1240,"source_type":11,"duration":196855,"distance":747,"elevation_gain":0,"elevation_loss":10},{"version":1,"timestamp":"2019-07-30 15:57:43 +0000","elevation":1240,"source_type":11,"duration":198097,"distance":751,"elevation_gain":0,"elevation_loss":10},{"version":1,"timestamp":"2019-07-30 15:57:43 +0000","elevation":1240,"source_type":11,"duration":198610,"distance":754,"elevation_gain":0,"elevation_loss":10},{"version":1,"timestamp":"2019-07-30 15:57:44 +0000","elevation":1240,"source_type":11,"duration":199124,"distance":756,"elevation_gain":0,"elevation_loss":10},{"version":1,"timestamp":"2019-07-30 15:57:44 +0000","elevation":1240,"source_type":11,"duration":199638,"distance":757,"elevation_gain":0,"elevation_loss":10},{"version":1,"timestamp":"2019-07-30 15:57:45 +0000","elevation":1240,"source_type":11,"duration":200152,"distance":758,"elevation_gain":0,"elevation_loss":10},{"version":1,"timestamp":"2019-07-30 15:57:45 +0000","elevation":1240,"source_type":11,"duration":200382,"distance":759,"elevation_gain":0,"elevation_loss":10},{"version":1,"timestamp":"2019-07-30 15:57:45 +0000","elevation":1240,"source_type":11,"duration":200612,"distance":760,"elevation_gain":0,"elevation_loss":10},{"version":1,"timestamp":"2019-07-30 15:57:45 +0000","elevation":1240,"source_type":11,"duration":200842,"distance":761,"elevation_gain":0,"elevation_loss":10},{"version":1,"timestamp":"2019-07-30 15:57:46 +0000","elevation":1240,"source_type":11,"duration":201073,"distance":762,"elevation_gain":0,"elevation_loss":10},{"version":1,"timestamp":"2019-07-30 15:57:46 +0000","elevation":1240,"source_type":11,"duration":201835,"distance":764,"elevation_gain":0,"elevation_loss":10},{"version":1,"timestamp":"2019-07-30 15:57:47 +0000","elevation":1240,"source_type":11,"duration":202598,"distance":766,"elevation_gain":0,"elevation_loss":10},{"version":1,"timestamp":"2019-07-30 15:57:48 +0000","elevation":1240,"source_type":11,"duration":203361,"distance":769,"elevation_gain":0,"elevation_loss":10},{"version":1,"timestamp":"2019-07-30 15:57:49 +0000","elevation":1240,"source_type":11,"duration":204124,"distance":772,"elevation_gain":0,"elevation_loss":10},{"version":1,"timestamp":"2019-07-30 15:57:50 +0000","elevation":1240,"source_type":11,"duration":205139,"distance":775,"elevation_gain":0,"elevation_loss":10},{"version":1,"timestamp":"2019-07-30 15:57:52 +0000","elevation":1240,"source_type":11,"duration":207107,"distance":782,"elevation_gain":0,"elevation_loss":10},{"version":1,"timestamp":"2019-07-30 15:57:53 +0000","elevation":1240,"source_type":11,"duration":208071,"distance":785,"elevation_gain":0,"elevation_loss":10},{"version":1,"timestamp":"2019-07-30 15:57:54 +0000","elevation":1240,"source_type":11,"duration":209092,"distance":788,"elevation_gain":0,"elevation_loss":10},{"version":1,"timestamp":"2019-07-30 15:57:55 +0000","elevation":1240,"source_type":11,"duration":210129,"distance":792,"elevation_gain":0,"elevation_loss":10},{"version":1,"timestamp":"2019-07-30 15:57:56 +0000","elevation":1240,"source_type":11,"duration":211118,"distance":795,"elevation_gain":0,"elevation_loss":10},{"version":1,"timestamp":"2019-07-30 15:57:58 +0000","elevation":1240,"source_type":11,"duration":213750,"distance":802,"elevation_gain":0,"elevation_loss":10},{"version":1,"timestamp":"2019-07-30 15:58:00 +0000","elevation":1240,"source_type":11,"duration":215074,"distance":809,"elevation_gain":0,"elevation_loss":10},{"version":1,"timestamp":"2019-07-30 15:58:05 +0000","elevation":1240,"source_type":11,"duration":220131,"distance":825,"elevation_gain":0,"elevation_loss":10},{"version":1,"timestamp":"2019-07-30 15:58:08 +0000","elevation":1240,"source_type":11,"duration":223077,"distance":831,"elevation_gain":0,"elevation_loss":10},{"version":1,"timestamp":"2019-07-30 15:58:10 +0000","elevation":1240,"source_type":11,"duration":225101,"distance":835,"elevation_gain":0,"elevation_loss":10},{"version":1,"timestamp":"2019-07-30 15:58:12 +0000","elevation":1240,"source_type":11,"duration":227126,"distance":839,"elevation_gain":0,"elevation_loss":10},{"version":1,"timestamp":"2019-07-30 15:58:12 +0000","elevation":1240,"source_type":11,"duration":227614,"distance":840,"elevation_gain":0,"elevation_loss":10},{"version":1,"timestamp":"2019-07-30 15:58:13 +0000","elevation":1240,"source_type":11,"duration":228102,"distance":842,"elevation_gain":0,"elevation_loss":10},{"version":1,"timestamp":"2019-07-30 15:58:13 +0000","elevation":1240,"source_type":11,"duration":228590,"distance":843,"elevation_gain":0,"elevation_loss":10},{"version":1,"timestamp":"2019-07-30 15:58:14 +0000","elevation":1240,"source_type":11,"duration":229079,"distance":845,"elevation_gain":0,"elevation_loss":10},{"version":1,"timestamp":"2019-07-30 15:58:15 +0000","elevation":1240,"source_type":11,"duration":230075,"distance":846,"elevation_gain":0,"elevation_loss":10},{"version":1,"timestamp":"2019-07-30 15:58:16 +0000","elevation":1240,"source_type":11,"duration":231072,"distance":847,"elevation_gain":0,"elevation_loss":10},{"version":1,"timestamp":"2019-07-30 15:58:17 +0000","elevation":1240,"source_type":11,"duration":232069,"distance":849,"elevation_gain":0,"elevation_loss":10},{"version":1,"timestamp":"2019-07-30 15:58:18 +0000","elevation":1240,"source_type":11,"duration":233066,"distance":850,"elevation_gain":0,"elevation_loss":10},{"version":1,"timestamp":"2019-07-30 15:58:19 +0000","elevation":1240,"source_type":11,"duration":234584,"distance":851,"elevation_gain":0,"elevation_loss":10},{"version":1,"timestamp":"2019-07-30 15:58:23 +0000","elevation":1240,"source_type":11,"duration":238379,"distance":854,"elevation_gain":0,"elevation_loss":10}]