[{"version":1,"timestamp":"2022-06-14 15:46:23 +0000","elevation":1239,"source_type":11,"duration":4087,"distance":0,"elevation_gain":0,"elevation_loss":0},{"version":1,"timestamp":"2022-06-14 15:46:29 +0000","elevation":1240,"source_type":11,"duration":10097,"distance":23,"elevation_gain":0,"elevation_loss":0},{"version":1,"timestamp":"2022-06-14 15:46:36 +0000","elevation":1240,"source_type":11,"duration":17095,"distance":50,"elevation_gain":0,"elevation_loss":0},{"version":1,"timestamp":"2022-06-14 15:46:42 +0000","elevation":1240,"source_type":11,"duration":23106,"distance":75,"elevation_gain":0,"elevation_loss":0},{"version":1,"timestamp":"2022-06-14 15:46:48 +0000","elevation":1240,"source_type":11,"duration":29089,"distance":101,"elevation_gain":0,"elevation_loss":0},{"version":1,"timestamp":"2022-06-14 15:46:55 +0000","elevation":1240,"source_type":11,"duration":36094,"distance":127,"elevation_gain":0,"elevation_loss":0},{"version":1,"timestamp":"2022-06-14 15:47:01 +0000","elevation":1240,"source_type":11,"duration":42114,"distance":153,"elevation_gain":0,"elevation_loss":0},{"version":1,"timestamp":"2022-06-14 15:47:08 +0000","elevation":1240,"source_type":11,"duration":49094,"distance":179,"elevation_gain":0,"elevation_loss":0},{"version":1,"timestamp":"2022-06-14 15:47:15 +0000","elevation":1241,"source_type":11,"duration":56091,"distance":206,"elevation_gain":0,"elevation_loss":0},{"version":1,"timestamp":"2022-06-14 15:47:21 +0000","elevation":1241,"source_type":11,"duration":62093,"distance":231,"elevation_gain":0,"elevation_loss":0},{"version":1,"timestamp":"2022-06-14 15:47:28 +0000","elevation":1241,"source_type":11,"duration":69110,"distance":256,"elevation_gain":0,"elevation_loss":0},{"version":1,"timestamp":"2022-06-14 15:47:34 +0000","elevation":1241,"source_type":11,"duration":75117,"distance":281,"elevation_gain":0,"elevation_loss":0},{"version":1,"timestamp":"2022-06-14 15:47:41 +0000","elevation":1240,"source_type":11,"duration":82092,"distance":306,"elevation_gain":0,"elevation_loss":0},{"version":1,"timestamp":"2022-06-14 15:47:48 +0000","elevation":1239,"source_type":11,"duration":89096,"distance":332,"elevation_gain":0,"elevation_loss":0},{"version":1,"timestamp":"2022-06-14 15:47:56 +0000","elevation":1239,"source_type":11,"duration":97106,"distance":357,"elevation_gain":0,"elevation_loss":0},{"version":1,"timestamp":"2022-06-14 15:48:02 +0000","elevation":1238,"source_type":11,"duration":103108,"distance":381,"elevation_gain":0,"elevation_loss":0},{"version":1,"timestamp":"2022-06-14 15:48:08 +0000","elevation":1238,"source_type":11,"duration":109116,"distance":406,"elevation_gain":0,"elevation_loss":0},{"version":1,"timestamp":"2022-06-14 15:48:15 +0000","elevation":1237,"source_type":11,"duration":116120,"distance":432,"elevation_gain":0,"elevation_loss":0},{"version":1,"timestamp":"2022-06-14 15:48:21 +0000","elevation":1237,"source_type":11,"duration":122112,"distance":456,"elevation_gain":0,"elevation_loss":0},{"version":1,"timestamp":"2022-06-14 15:48:28 +0000","elevation":1237,"source_type":11,"duration":129117,"distance":483,"elevation_gain":0,"elevation_loss":0},{"version":1,"timestamp":"2022-06-14 15:48:31 +0000","elevation":1237,"source_type":11,"duration":132615,"distance":496,"elevation_gain":0,"elevation_loss":0},{"version":1,"timestamp":"2022-06-14 15:48:35 +0000","elevation":1238,"source_type":11,"duration":136113,"distance":509,"elevation_gain":0,"elevation_loss":0},{"version":1,"timestamp":"2022-06-14 15:48:36 +0000","elevation":1238,"source_type":11,"duration":137864,"distance":514,"elevation_gain":0,"elevation_loss":0},{"version":1,"timestamp":"2022-06-14 15:48:38 +0000","elevation":1238,"source_type":11,"duration":139616,"distance":520,"elevation_gain":0,"elevation_loss":0},{"version":1,"timestamp":"2022-06-14 15:48:40 +0000","elevation":1238,"source_type":11,"duration":141368,"distance":527,"elevation_gain":0,"elevation_loss":0},{"version":1,"timestamp":"2022-06-14 15:48:42 +0000","elevation":1239,"source_type":11,"duration":143120,"distance":534,"elevation_gain":0,"elevation_loss":0},{"version":1,"timestamp":"2022-06-14 15:48:42 +0000","elevation":1239,"source_type":11,"duration":143615,"distance":538,"elevation_gain":0,"elevation_loss":0},{"version":1,"timestamp":"2022-06-14 15:48:43 +0000","elevation":1239,"source_type":11,"duration":144110,"distance":539,"elevation_gain":0,"elevation_loss":0},{"version":1,"timestamp":"2022-06-14 15:48:43 +0000","elevation":1239,"source_type":11,"duration":144605,"distance":541,"elevation_gain":0,"elevation_loss":0},{"version":1,"timestamp":"2022-06-14 15:48:44 +0000","elevation":1239,"source_type":11,"duration":145101,"distance":541,"elevation_gain":0,"elevation_loss":0},{"version":1,"timestamp":"2022-06-14 15:48:44 +0000","elevation":1239,"source_type":11,"duration":145852,"distance":543,"elevation_gain":0,"elevation_loss":0},{"version":1,"timestamp":"2022-06-14 15:48:45 +0000","elevation":1239,"source_type":11,"duration":146604,"distance":546,"elevation_gain":0,"elevation_loss":0},{"version":1,"timestamp":"2022-06-14 15:48:46 +0000","elevation":1239,"source_type":11,"duration":147356,"distance":549,"elevation_gain":0,"elevation_loss":0},{"version":1,"timestamp":"2022-06-14 15:48:47 +0000","elevation":1239,"source_type":11,"duration":148108,"distance":551,"elevation_gain":0,"elevation_loss":0},{"version":1,"timestamp":"2022-06-14 15:48:47 +0000","elevation":1239,"source_type":11,"duration":148615,"distance":553,"elevation_gain":0,"elevation_loss":0},{"version":1,"timestamp":"2022-06-14 15:48:48 +0000","elevation":1239,"source_type":11,"duration":149123,"distance":555,"elevation_gain":0,"elevation_loss":0},{"version":1,"timestamp":"2022-06-14 15:48:48 +0000","elevation":1239,"source_type":11,"duration":149631,"distance":557,"elevation_gain":0,"elevation_loss":0},{"version":1,"timestamp":"2022-06-14 15:48:49 +0000","elevation":1239,"source_type":11,"duration":150139,"distance":559,"elevation_gain":0,"elevation_loss":0},{"version":1,"timestamp":"2022-06-14 15:48:50 +0000","elevation":1239,"source_type":11,"duration":151128,"distance":561,"elevation_gain":0,"elevation_loss":0},{"version":1,"timestamp":"2022-06-14 15:48:51 +0000","elevation":1239,"source_type":11,"duration":152118,"distance":565,"elevation_gain":0,"elevation_loss":0},{"version":1,"timestamp":"2022-06-14 15:48:52 +0000","elevation":1239,"source_type":11,"duration":153108,"distance":568,"elevation_gain":0,"elevation_loss":0},{"version":1,"timestamp":"2022-06-14 15:48:53 +0000","elevation":1239,"source_type":11,"duration":154098,"distance":572,"elevation_gain":0,"elevation_loss":0},{"version":1,"timestamp":"2022-06-14 15:48:54 +0000","elevation":1239,"source_type":11,"duration":155102,"distance":575,"elevation_gain":0,"elevation_loss":0},{"version":1,"timestamp":"2022-06-14 15:48:55 +0000","elevation":1239,"source_type":11,"duration":156106,"distance":579,"elevation_gain":0,"elevation_loss":0},{"version":1,"timestamp":"2022-06-14 15:48:56 +0000","elevation":1239,"source_type":11,"duration":157110,"distance":582,"elevation_gain":0,"elevation_loss":0},{"version":1,"timestamp":"2022-06-14 15:48:57 +0000","elevation":1239,"source_type":11,"duration":158115,"distance":585,"elevation_gain":0,"elevation_loss":0},{"version":1,"timestamp":"2022-06-14 15:49:05 +0000","elevation":1240,"source_type":11,"duration":166090,"distance":611,"elevation_gain":0,"elevation_loss":0},{"version":1,"timestamp":"2022-06-14 15:49:13 +0000","elevation":1240,"source_type":11,"duration":174107,"distance":637,"elevation_gain":0,"elevation_loss":0},{"version":1,"timestamp":"2022-06-14 15:49:20 +0000","elevation":1241,"source_type":11,"duration":181096,"distance":661,"elevation_gain":0,"elevation_loss":0},{"version":1,"timestamp":"2022-06-14 15:49:27 +0000","elevation":1242,"source_type":11,"duration":188117,"distance":685,"elevation_gain":0,"elevation_loss":0},{"version":1,"timestamp":"2022-06-14 15:49:34 +0000","elevation":1242,"source_type":11,"duration":195128,"distance":709,"elevation_gain":0,"elevation_loss":0},{"version":1,"timestamp":"2022-06-14 15:49:41 +0000","elevation":1243,"source_type":11,"duration":202105,"distance":733,"elevation_gain":0,"elevation_loss":0},{"version":1,"timestamp":"2022-06-14 15:49:48 +0000","elevation":1244,"source_type":11,"duration":209108,"distance":756,"elevation_gain":0,"elevation_loss":0},{"version":1,"timestamp":"2022-06-14 15:49:51 +0000","elevation":1244,"source_type":11,"duration":212110,"distance":767,"elevation_gain":0,"elevation_loss":0},{"version":1,"timestamp":"2022-06-14 15:49:55 +0000","elevation":1245,"source_type":11,"duration":216114,"distance":780,"elevation_gain":5,"elevation_loss":0},{"version":1,"timestamp":"2022-06-14 15:50:02 +0000","elevation":1246,"source_type":11,"duration":223100,"distance":803,"elevation_gain":6,"elevation_loss":0},{"version":1,"timestamp":"2022-06-14 15:50:09 +0000","elevation":1247,"source_type":11,"duration":230114,"distance":827,"elevation_gain":8,"elevation_loss":0},{"version":1,"timestamp":"2022-06-14 15:50:16 +0000","elevation":1247,"source_type":11,"duration":237098,"distance":852,"elevation_gain":8,"elevation_loss":0},{"version":1,"timestamp":"2022-06-14 15:50:20 +0000","elevation":1247,"source_type":11,"duration":241095,"distance":866,"elevation_gain":8,"elevation_loss":0},{"version":1,"timestamp":"2022-06-14 15:50:21 +0000","elevation":1247,"source_type":11,"duration":242593,"distance":871,"elevation_gain":8,"elevation_loss":0},{"version":1,"timestamp":"2022-06-14 15:50:23 +0000","elevation":1247,"source_type":11,"duration":244091,"distance":876,"elevation_gain":8,"elevation_loss":0},{"version":1,"timestamp":"2022-06-14 15:50:25 +0000","elevation":1247,"source_type":11,"duration":246343,"distance":880,"elevation_gain":8,"elevation_loss":0},{"version":1,"timestamp":"2022-06-14 15:50:27 +0000","elevation":1246,"source_type":11,"duration":248595,"distance":886,"elevation_gain":8,"elevation_loss":0},{"version":1,"timestamp":"2022-06-14 15:50:29 +0000","elevation":1246,"source_type":11,"duration":250847,"distance":893,"elevation_gain":8,"elevation_loss":0},{"version":1,"timestamp":"2022-06-14 15:50:32 +0000","elevation":1246,"source_type":11,"duration":253100,"distance":900,"elevation_gain":8,"elevation_loss":0},{"version":1,"timestamp":"2022-06-14 15:50:33 +0000","elevation":1245,"source_type":11,"duration":254849,"distance":906,"elevation_gain":8,"elevation_loss":0},{"version":1,"timestamp":"2022-06-14 15:50:35 +0000","elevation":1245,"source_type":11,"duration":256598,"distance":912,"elevation_gain":8,"elevation_loss":0},{"version":1,"timestamp":"2022-06-14 15:50:37 +0000","elevation":1245,"source_type":11,"duration":258347,"distance":917,"elevation_gain":8,"elevation_loss":0},{"version":1,"timestamp":"2022-06-14 15:50:39 +0000","elevation":1244,"source_type":11,"duration":260097,"distance":923,"elevation_gain":8,"elevation_loss":0},{"version":1,"timestamp":"2022-06-14 15:50:40 +0000","elevation":1244,"source_type":11,"duration":261847,"distance":929,"elevation_gain":8,"elevation_loss":0},{"version":1,"timestamp":"2022-06-14 15:50:42 +0000","elevation":1244,"source_type":11,"duration":263597,"distance":935,"elevation_gain":8,"elevation_loss":0},{"version":1,"timestamp":"2022-06-14 15:50:44 +0000","elevation":1243,"source_type":11,"duration":265347,"distance":942,"elevation_gain":8,"elevation_loss":0},{"version":1,"timestamp":"2022-06-14 15:50:46 +0000","elevation":1243,"source_type":11,"duration":267098,"distance":949,"elevation_gain":8,"elevation_loss":0},{"version":1,"timestamp":"2022-06-14 15:50:47 +0000","elevation":1243,"source_type":11,"duration":268848,"distance":955,"elevation_gain":8,"elevation_loss":0},{"version":1,"timestamp":"2022-06-14 15:50:49 +0000","elevation":1243,"source_type":11,"duration":270598,"distance":961,"elevation_gain":8,"elevation_loss":0},{"version":1,"timestamp":"2022-06-14 15:50:51 +0000","elevation":1243,"source_type":11,"duration":272348,"distance":967,"elevation_gain":8,"elevation_loss":0},{"version":1,"timestamp":"2022-06-14 15:50:53 +0000","elevation":1243,"source_type":11,"duration":274099,"distance":973,"elevation_gain":8,"elevation_loss":0},{"version":1,"timestamp":"2022-06-14 15:50:55 +0000","elevation":1243,"source_type":11,"duration":276098,"distance":979,"elevation_gain":8,"elevation_loss":0},{"version":1,"timestamp":"2022-06-14 15:50:57 +0000","elevation":1243,"source_type":11,"duration":278097,"distance":986,"elevation_gain":8,"elevation_loss":0},{"version":1,"timestamp":"2022-06-14 15:50:59 +0000","elevation":1243,"source_type":11,"duration":280096,"distance":993,"elevation_gain":8,"elevation_loss":0},{"version":1,"timestamp":"2022-06-14 15:51:01 +0000","elevation":1243,"source_type":11,"duration":282095,"distance":1000,"elevation_gain":8,"elevation_loss":0},{"version":1,"timestamp":"2022-06-14 15:51:03 +0000","elevation":1243,"source_type":11,"duration":284095,"distance":1006,"elevation_gain":8,"elevation_loss":0},{"version":1,"timestamp":"2022-06-14 15:51:05 +0000","elevation":1243,"source_type":11,"duration":286096,"distance":1012,"elevation_gain":8,"elevation_loss":0},{"version":1,"timestamp":"2022-06-14 15:51:07 +0000","elevation":1243,"source_type":11,"duration":288097,"distance":1017,"elevation_gain":8,"elevation_loss":0},{"version":1,"timestamp":"2022-06-14 15:51:09 +0000","elevation":1243,"source_type":11,"duration":290098,"distance":1022,"elevation_gain":8,"elevation_loss":0},{"version":1,"timestamp":"2022-06-14 15:51:16 +0000","elevation":1243,"source_type":11,"duration":297102,"distance":1047,"elevation_gain":8,"elevation_loss":0},{"version":1,"timestamp":"2022-06-14 15:51:22 +0000","elevation":1243,"source_type":11,"duration":303092,"distance":1075,"elevation_gain":8,"elevation_loss":0},{"version":1,"timestamp":"2022-06-14 15:51:28 +0000","elevation":1242,"source_type":11,"duration":309094,"distance":1099,"elevation_gain":8,"elevation_loss":5},{"version":1,"timestamp":"2022-06-14 15:51:35 +0000","elevation":1242,"source_type":11,"duration":316091,"distance":1125,"elevation_gain":8,"elevation_loss":5},{"version":1,"timestamp":"2022-06-14 15:51:43 +0000","elevation":1241,"source_type":11,"duration":324096,"distance":1149,"elevation_gain":8,"elevation_loss":6},{"version":1,"timestamp":"2022-06-14 15:51:51 +0000","elevation":1240,"source_type":11,"duration":332092,"distance":1175,"elevation_gain":8,"elevation_loss":7},{"version":1,"timestamp":"2022-06-14 15:51:58 +0000","elevation":1239,"source_type":11,"duration":339090,"distance":1199,"elevation_gain":8,"elevation_loss":7},{"version":1,"timestamp":"2022-06-14 15:52:05 +0000","elevation":1239,"source_type":11,"duration":346093,"distance":1225,"elevation_gain":8,"elevation_loss":8},{"version":1,"timestamp":"2022-06-14 15:52:12 +0000","elevation":1238,"source_type":11,"duration":353324,"distance":1248,"elevation_gain":8,"elevation_loss":9},{"version":1,"timestamp":"2022-06-14 15:52:19 +0000","elevation":1238,"source_type":11,"duration":360092,"distance":1272,"elevation_gain":8,"elevation_loss":9},{"version":1,"timestamp":"2022-06-14 15:52:21 +0000","elevation":1238,"source_type":11,"duration":362092,"distance":1278,"elevation_gain":8,"elevation_loss":9},{"version":1,"timestamp":"2022-06-14 15:52:23 +0000","elevation":1238,"source_type":11,"duration":364092,"distance":1284,"elevation_gain":8,"elevation_loss":9},{"version":1,"timestamp":"2022-06-14 15:52:24 +0000","elevation":1238,"source_type":11,"duration":365345,"distance":1287,"elevation_gain":8,"elevation_loss":9},{"version":1,"timestamp":"2022-06-14 15:52:25 +0000","elevation":1238,"source_type":11,"duration":366598,"distance":1291,"elevation_gain":8,"elevation_loss":9},{"version":1,"timestamp":"2022-06-14 15:52:26 +0000","elevation":1238,"source_type":11,"duration":367851,"distance":1295,"elevation_gain":8,"elevation_loss":9},{"version":1,"timestamp":"2022-06-14 15:52:28 +0000","elevation":1237,"source_type":11,"duration":369104,"distance":1299,"elevation_gain":8,"elevation_loss":9},{"version":1,"timestamp":"2022-06-14 15:52:29 +0000","elevation":1237,"source_type":11,"duration":370854,"distance":1305,"elevation_gain":8,"elevation_loss":10},{"version":1,"timestamp":"2022-06-14 15:52:31 +0000","elevation":1237,"source_type":11,"duration":372604,"distance":1311,"elevation_gain":8,"elevation_loss":10},{"version":1,"timestamp":"2022-06-14 15:52:33 +0000","elevation":1237,"source_type":11,"duration":374354,"distance":1317,"elevation_gain":8,"elevation_loss":10},{"version":1,"timestamp":"2022-06-14 15:52:35 +0000","elevation":1237,"source_type":11,"duration":376104,"distance":1324,"elevation_gain":8,"elevation_loss":10},{"version":1,"timestamp":"2022-06-14 15:52:36 +0000","elevation":1237,"source_type":11,"duration":377853,"distance":1330,"elevation_gain":8,"elevation_loss":10},{"version":1,"timestamp":"2022-06-14 15:52:38 +0000","elevation":1236,"source_type":11,"duration":379603,"distance":1337,"elevation_gain":8,"elevation_loss":10},{"version":1,"timestamp":"2022-06-14 15:52:40 +0000","elevation":1236,"source_type":11,"duration":381353,"distance":1343,"elevation_gain":8,"elevation_loss":11},{"version":1,"timestamp":"2022-06-14 15:52:42 +0000","elevation":1236,"source_type":11,"duration":383103,"distance":1350,"elevation_gain":8,"elevation_loss":11},{"version":1,"timestamp":"2022-06-14 15:52:43 +0000","elevation":1236,"source_type":11,"duration":384853,"distance":1356,"elevation_gain":8,"elevation_loss":11},{"version":1,"timestamp":"2022-06-14 15:52:45 +0000","elevation":1236,"source_type":11,"duration":386603,"distance":1363,"elevation_gain":8,"elevation_loss":11},{"version":1,"timestamp":"2022-06-14 15:52:47 +0000","elevation":1236,"source_type":11,"duration":388353,"distance":1369,"elevation_gain":8,"elevation_loss":11},{"version":1,"timestamp":"2022-06-14 15:52:49 +0000","elevation":1235,"source_type":11,"duration":390104,"distance":1376,"elevation_gain":8,"elevation_loss":11},{"version":1,"timestamp":"2022-06-14 15:52:50 +0000","elevation":1235,"source_type":11,"duration":391852,"distance":1383,"elevation_gain":8,"elevation_loss":11},{"version":1,"timestamp":"2022-06-14 15:52:52 +0000","elevation":1235,"source_type":11,"duration":393601,"distance":1389,"elevation_gain":8,"elevation_loss":11},{"version":1,"timestamp":"2022-06-14 15:52:54 +0000","elevation":1235,"source_type":11,"duration":395350,"distance":1396,"elevation_gain":8,"elevation_loss":12},{"version":1,"timestamp":"2022-06-14 15:52:56 +0000","elevation":1235,"source_type":11,"duration":397099,"distance":1403,"elevation_gain":8,"elevation_loss":12},{"version":1,"timestamp":"2022-06-14 15:52:57 +0000","elevation":1235,"source_type":11,"duration":398600,"distance":1409,"elevation_gain":8,"elevation_loss":12},{"version":1,"timestamp":"2022-06-14 15:52:59 +0000","elevation":1235,"source_type":11,"duration":400102,"distance":1416,"elevation_gain":8,"elevation_loss":12},{"version":1,"timestamp":"2022-06-14 15:53:00 +0000","elevation":1235,"source_type":11,"duration":401603,"distance":1422,"elevation_gain":8,"elevation_loss":12},{"version":1,"timestamp":"2022-06-14 15:53:02 +0000","elevation":1235,"source_type":11,"duration":403105,"distance":1429,"elevation_gain":8,"elevation_loss":12},{"version":1,"timestamp":"2022-06-14 15:53:09 +0000","elevation":1235,"source_type":11,"duration":410102,"distance":1453,"elevation_gain":8,"elevation_loss":12},{"version":1,"timestamp":"2022-06-14 15:53:15 +0000","elevation":1234,"source_type":11,"duration":416116,"distance":1477,"elevation_gain":8,"elevation_loss":13},{"version":1,"timestamp":"2022-06-14 15:53:18 +0000","elevation":1233,"source_type":11,"duration":419107,"distance":1488,"elevation_gain":8,"elevation_loss":13},{"version":1,"timestamp":"2022-06-14 15:53:22 +0000","elevation":1233,"source_type":11,"duration":423104,"distance":1503,"elevation_gain":8,"elevation_loss":14},{"version":1,"timestamp":"2022-06-14 15:53:29 +0000","elevation":1231,"source_type":11,"duration":430103,"distance":1529,"elevation_gain":8,"elevation_loss":16},{"version":1,"timestamp":"2022-06-14 15:53:36 +0000","elevation":1229,"source_type":11,"duration":437100,"distance":1553,"elevation_gain":8,"elevation_loss":18},{"version":1,"timestamp":"2022-06-14 15:53:43 +0000","elevation":1227,"source_type":11,"duration":444115,"distance":1579,"elevation_gain":8,"elevation_loss":20},{"version":1,"timestamp":"2022-06-14 15:53:50 +0000","elevation":1225,"source_type":11,"duration":451114,"distance":1604,"elevation_gain":8,"elevation_loss":22},{"version":1,"timestamp":"2022-06-14 15:53:57 +0000","elevation":1224,"source_type":11,"duration":458112,"distance":1630,"elevation_gain":8,"elevation_loss":23},{"version":1,"timestamp":"2022-06-14 15:54:04 +0000","elevation":1222,"source_type":11,"duration":465104,"distance":1655,"elevation_gain":8,"elevation_loss":25},{"version":1,"timestamp":"2022-06-14 15:54:11 +0000","elevation":1222,"source_type":11,"duration":472102,"distance":1680,"elevation_gain":8,"elevation_loss":25},{"version":1,"timestamp":"2022-06-14 15:54:15 +0000","elevation":1222,"source_type":11,"duration":476101,"distance":1694,"elevation_gain":8,"elevation_loss":25},{"version":1,"timestamp":"2022-06-14 15:54:16 +0000","elevation":1222,"source_type":11,"duration":477105,"distance":1697,"elevation_gain":8,"elevation_loss":25},{"version":1,"timestamp":"2022-06-14 15:54:17 +0000","elevation":1222,"source_type":11,"duration":478109,"distance":1700,"elevation_gain":8,"elevation_loss":25},{"version":1,"timestamp":"2022-06-14 15:54:18 +0000","elevation":1222,"source_type":11,"duration":479113,"distance":1703,"elevation_gain":8,"elevation_loss":25},{"version":1,"timestamp":"2022-06-14 15:54:19 +0000","elevation":1222,"source_type":11,"duration":480117,"distance":1707,"elevation_gain":8,"elevation_loss":25},{"version":1,"timestamp":"2022-06-14 15:54:20 +0000","elevation":1222,"source_type":11,"duration":481864,"distance":1712,"elevation_gain":8,"elevation_loss":25},{"version":1,"timestamp":"2022-06-14 15:54:22 +0000","elevation":1222,"source_type":11,"duration":483611,"distance":1718,"elevation_gain":8,"elevation_loss":25},{"version":1,"timestamp":"2022-06-14 15:54:24 +0000","elevation":1222,"source_type":11,"duration":485358,"distance":1725,"elevation_gain":8,"elevation_loss":25},{"version":1,"timestamp":"2022-06-14 15:54:26 +0000","elevation":1222,"source_type":11,"duration":487105,"distance":1732,"elevation_gain":8,"elevation_loss":25},{"version":1,"timestamp":"2022-06-14 15:54:28 +0000","elevation":1222,"source_type":11,"duration":489106,"distance":1738,"elevation_gain":8,"elevation_loss":25},{"version":1,"timestamp":"2022-06-14 15:54:30 +0000","elevation":1223,"source_type":11,"duration":491107,"distance":1744,"elevation_gain":8,"elevation_loss":25},{"version":1,"timestamp":"2022-06-14 15:54:32 +0000","elevation":1223,"source_type":11,"duration":493108,"distance":1750,"elevation_gain":8,"elevation_loss":25},{"version":1,"timestamp":"2022-06-14 15:54:34 +0000","elevation":1223,"source_type":11,"duration":495110,"distance":1755,"elevation_gain":8,"elevation_loss":25},{"version":1,"timestamp":"2022-06-14 15:54:36 +0000","elevation":1223,"source_type":11,"duration":497358,"distance":1761,"elevation_gain":8,"elevation_loss":25},{"version":1,"timestamp":"2022-06-14 15:54:38 +0000","elevation":1224,"source_type":11,"duration":499606,"distance":1767,"elevation_gain":8,"elevation_loss":25},{"version":1,"timestamp":"2022-06-14 15:54:40 +0000","elevation":1224,"source_type":11,"duration":501854,"distance":1773,"elevation_gain":8,"elevation_loss":25},{"version":1,"timestamp":"2022-06-14 15:54:43 +0000","elevation":1224,"source_type":11,"duration":504102,"distance":1779,"elevation_gain":8,"elevation_loss":25},{"version":1,"timestamp":"2022-06-14 15:54:45 +0000","elevation":1224,"source_type":11,"duration":506351,"distance":1785,"elevation_gain":8,"elevation_loss":25},{"version":1,"timestamp":"2022-06-14 15:54:47 +0000","elevation":1225,"source_type":11,"duration":508601,"distance":1791,"elevation_gain":8,"elevation_loss":25},{"version":1,"timestamp":"2022-06-14 15:54:49 +0000","elevation":1225,"source_type":11,"duration":510850,"distance":1796,"elevation_gain":8,"elevation_loss":25},{"version":1,"timestamp":"2022-06-14 15:54:52 +0000","elevation":1225,"source_type":11,"duration":513100,"distance":1802,"elevation_gain":8,"elevation_loss":25},{"version":1,"timestamp":"2022-06-14 15:54:54 +0000","elevation":1225,"source_type":11,"duration":515097,"distance":1808,"elevation_gain":8,"elevation_loss":25},{"version":1,"timestamp":"2022-06-14 15:54:56 +0000","elevation":1226,"source_type":11,"duration":517095,"distance":1814,"elevation_gain":8,"elevation_loss":25},{"version":1,"timestamp":"2022-06-14 15:54:58 +0000","elevation":1226,"source_type":11,"duration":519093,"distance":1820,"elevation_gain":8,"elevation_loss":25},{"version":1,"timestamp":"2022-06-14 15:55:00 +0000","elevation":1226,"source_type":11,"duration":521091,"distance":1826,"elevation_gain":8,"elevation_loss":25},{"version":1,"timestamp":"2022-06-14 15:55:01 +0000","elevation":1226,"source_type":11,"duration":522843,"distance":1832,"elevation_gain":8,"elevation_loss":25},{"version":1,"timestamp":"2022-06-14 15:55:03 +0000","elevation":1226,"source_type":11,"duration":524595,"distance":1838,"elevation_gain":8,"elevation_loss":25},{"version":1,"timestamp":"2022-06-14 15:55:05 +0000","elevation":1226,"source_type":11,"duration":526347,"distance":1844,"elevation_gain":8,"elevation_loss":25},{"version":1,"timestamp":"2022-06-14 15:55:07 +0000","elevation":1226,"source_type":11,"duration":528100,"distance":1851,"elevation_gain":8,"elevation_loss":25},{"version":1,"timestamp":"2022-06-14 15:55:14 +0000","elevation":1227,"source_type":11,"duration":535097,"distance":1874,"elevation_gain":8,"elevation_loss":25},{"version":1,"timestamp":"2022-06-14 15:55:22 +0000","elevation":1227,"source_type":11,"duration":543108,"distance":1900,"elevation_gain":13,"elevation_loss":25},{"version":1,"timestamp":"2022-06-14 15:55:28 +0000","elevation":1227,"source_type":11,"duration":549098,"distance":1923,"elevation_gain":13,"elevation_loss":25},{"version":1,"timestamp":"2022-06-14 15:55:35 +0000","elevation":1227,"source_type":11,"duration":556113,"distance":1947,"elevation_gain":13,"elevation_loss":25},{"version":1,"timestamp":"2022-06-14 15:55:42 +0000","elevation":1227,"source_type":11,"duration":563116,"distance":1972,"elevation_gain":13,"elevation_loss":25},{"version":1,"timestamp":"2022-06-14 15:55:50 +0000","elevation":1227,"source_type":11,"duration":571108,"distance":1997,"elevation_gain":13,"elevation_loss":25},{"version":1,"timestamp":"2022-06-14 15:55:58 +0000","elevation":1227,"source_type":11,"duration":579104,"distance":2022,"elevation_gain":13,"elevation_loss":25},{"version":1,"timestamp":"2022-06-14 15:56:06 +0000","elevation":1227,"source_type":11,"duration":587104,"distance":2045,"elevation_gain":13,"elevation_loss":25},{"version":1,"timestamp":"2022-06-14 15:56:13 +0000","elevation":1228,"source_type":11,"duration":594100,"distance":2069,"elevation_gain":14,"elevation_loss":25},{"version":1,"timestamp":"2022-06-14 15:56:21 +0000","elevation":1228,"source_type":11,"duration":602118,"distance":2093,"elevation_gain":14,"elevation_loss":25},{"version":1,"timestamp":"2022-06-14 15:56:29 +0000","elevation":1229,"source_type":11,"duration":610106,"distance":2117,"elevation_gain":14,"elevation_loss":25},{"version":1,"timestamp":"2022-06-14 15:56:37 +0000","elevation":1229,"source_type":11,"duration":618104,"distance":2142,"elevation_gain":14,"elevation_loss":25},{"version":1,"timestamp":"2022-06-14 15:56:45 +0000","elevation":1229,"source_type":11,"duration":626111,"distance":2166,"elevation_gain":15,"elevation_loss":25},{"version":1,"timestamp":"2022-06-14 15:56:53 +0000","elevation":1229,"source_type":11,"duration":634101,"distance":2192,"elevation_gain":15,"elevation_loss":25},{"version":1,"timestamp":"2022-06-14 15:57:00 +0000","elevation":1228,"source_type":11,"duration":641095,"distance":2216,"elevation_gain":15,"elevation_loss":25},{"version":1,"timestamp":"2022-06-14 15:57:08 +0000","elevation":1227,"source_type":11,"duration":649112,"distance":2242,"elevation_gain":15,"elevation_loss":25},{"version":1,"timestamp":"2022-06-14 15:57:15 +0000","elevation":1227,"source_type":11,"duration":656113,"distance":2265,"elevation_gain":15,"elevation_loss":25},{"version":1,"timestamp":"2022-06-14 15:57:23 +0000","elevation":1226,"source_type":11,"duration":664111,"distance":2291,"elevation_gain":15,"elevation_loss":25},{"version":1,"timestamp":"2022-06-14 15:57:31 +0000","elevation":1226,"source_type":11,"duration":672112,"distance":2316,"elevation_gain":15,"elevation_loss":25},{"version":1,"timestamp":"2022-06-14 15:57:38 +0000","elevation":1226,"source_type":11,"duration":679108,"distance":2340,"elevation_gain":15,"elevation_loss":25},{"version":1,"timestamp":"2022-06-14 15:57:46 +0000","elevation":1226,"source_type":11,"duration":687119,"distance":2364,"elevation_gain":15,"elevation_loss":25},{"version":1,"timestamp":"2022-06-14 15:57:50 +0000","elevation":1226,"source_type":11,"duration":691112,"distance":2375,"elevation_gain":15,"elevation_loss":25},{"version":1,"timestamp":"2022-06-14 15:57:54 +0000","elevation":1226,"source_type":11,"duration":695106,"distance":2387,"elevation_gain":15,"elevation_loss":25},{"version":1,"timestamp":"2022-06-14 15:57:56 +0000","elevation":1226,"source_type":11,"duration":697106,"distance":2393,"elevation_gain":15,"elevation_loss":25},{"version":1,"timestamp":"2022-06-14 15:57:58 +0000","elevation":1227,"source_type":11,"duration":699106,"distance":2399,"elevation_gain":15,"elevation_loss":25},{"version":1,"timestamp":"2022-06-14 15:58:00 +0000","elevation":1227,"source_type":11,"duration":701106,"distance":2405,"elevation_gain":15,"elevation_loss":25},{"version":1,"timestamp":"2022-06-14 15:58:02 +0000","elevation":1228,"source_type":11,"duration":703107,"distance":2411,"elevation_gain":15,"elevation_loss":25},{"version":1,"timestamp":"2022-06-14 15:58:04 +0000","elevation":1228,"source_type":11,"duration":705357,"distance":2417,"elevation_gain":15,"elevation_loss":25},{"version":1,"timestamp":"2022-06-14 15:58:06 +0000","elevation":1228,"source_type":11,"duration":707607,"distance":2423,"elevation_gain":15,"elevation_loss":25},{"version":1,"timestamp":"2022-06-14 15:58:08 +0000","elevation":1229,"source_type":11,"duration":709857,"distance":2429,"elevation_gain":15,"elevation_loss":25},{"version":1,"timestamp":"2022-06-14 15:58:11 +0000","elevation":1229,"source_type":11,"duration":712108,"distance":2436,"elevation_gain":15,"elevation_loss":25},{"version":1,"timestamp":"2022-06-14 15:58:13 +0000","elevation":1229,"source_type":11,"duration":714359,"distance":2442,"elevation_gain":15,"elevation_loss":25},{"version":1,"timestamp":"2022-06-14 15:58:15 +0000","elevation":1230,"source_type":11,"duration":716610,"distance":2448,"elevation_gain":15,"elevation_loss":25},{"version":1,"timestamp":"2022-06-14 15:58:17 +0000","elevation":1230,"source_type":11,"duration":718861,"distance":2454,"elevation_gain":16,"elevation_loss":25},{"version":1,"timestamp":"2022-06-14 15:58:20 +0000","elevation":1230,"source_type":11,"duration":721112,"distance":2460,"elevation_gain":16,"elevation_loss":25},{"version":1,"timestamp":"2022-06-14 15:58:22 +0000","elevation":1231,"source_type":11,"duration":723111,"distance":2466,"elevation_gain":16,"elevation_loss":25},{"version":1,"timestamp":"2022-06-14 15:58:24 +0000","elevation":1231,"source_type":11,"duration":725110,"distance":2472,"elevation_gain":17,"elevation_loss":25},{"version":1,"timestamp":"2022-06-14 15:58:26 +0000","elevation":1231,"source_type":11,"duration":727109,"distance":2477,"elevation_gain":17,"elevation_loss":25},{"version":1,"timestamp":"2022-06-14 15:58:28 +0000","elevation":1232,"source_type":11,"duration":729108,"distance":2483,"elevation_gain":17,"elevation_loss":25},{"version":1,"timestamp":"2022-06-14 15:58:29 +0000","elevation":1232,"source_type":11,"duration":730107,"distance":2486,"elevation_gain":17,"elevation_loss":25},{"version":1,"timestamp":"2022-06-14 15:58:30 +0000","elevation":1232,"source_type":11,"duration":731106,"distance":2489,"elevation_gain":18,"elevation_loss":25},{"version":1,"timestamp":"2022-06-14 15:58:31 +0000","elevation":1232,"source_type":11,"duration":732105,"distance":2491,"elevation_gain":18,"elevation_loss":25},{"version":1,"timestamp":"2022-06-14 15:58:32 +0000","elevation":1232,"source_type":11,"duration":733104,"distance":2493,"elevation_gain":18,"elevation_loss":25},{"version":1,"timestamp":"2022-06-14 15:58:33 +0000","elevation":1232,"source_type":11,"duration":734358,"distance":2496,"elevation_gain":18,"elevation_loss":25},{"version":1,"timestamp":"2022-06-14 15:58:34 +0000","elevation":1232,"source_type":11,"duration":735612,"distance":2500,"elevation_gain":18,"elevation_loss":25},{"version":1,"timestamp":"2022-06-14 15:58:35 +0000","elevation":1232,"source_type":11,"duration":736866,"distance":2504,"elevation_gain":18,"elevation_loss":25},{"version":1,"timestamp":"2022-06-14 15:58:37 +0000","elevation":1232,"source_type":11,"duration":738121,"distance":2508,"elevation_gain":18,"elevation_loss":25},{"version":1,"timestamp":"2022-06-14 15:58:37 +0000","elevation":1232,"source_type":11,"duration":738867,"distance":2511,"elevation_gain":18,"elevation_loss":25},{"version":1,"timestamp":"2022-06-14 15:58:38 +0000","elevation":1232,"source_type":11,"duration":739613,"distance":2513,"elevation_gain":18,"elevation_loss":25},{"version":1,"timestamp":"2022-06-14 15:58:39 +0000","elevation":1232,"source_type":11,"duration":740359,"distance":2515,"elevation_gain":18,"elevation_loss":25},{"version":1,"timestamp":"2022-06-14 15:58:40 +0000","elevation":1232,"source_type":11,"duration":741105,"distance":2517,"elevation_gain":18,"elevation_loss":25},{"version":1,"timestamp":"2022-06-14 15:58:41 +0000","elevation":1231,"source_type":11,"duration":742356,"distance":2520,"elevation_gain":18,"elevation_loss":25},{"version":1,"timestamp":"2022-06-14 15:58:42 +0000","elevation":1231,"source_type":11,"duration":743608,"distance":2524,"elevation_gain":18,"elevation_loss":25},{"version":1,"timestamp":"2022-06-14 15:58:43 +0000","elevation":1231,"source_type":11,"duration":744859,"distance":2528,"elevation_gain":18,"elevation_loss":25},{"version":1,"timestamp":"2022-06-14 15:58:45 +0000","elevation":1231,"source_type":11,"duration":746111,"distance":2532,"elevation_gain":18,"elevation_loss":25},{"version":1,"timestamp":"2022-06-14 15:58:46 +0000","elevation":1231,"source_type":11,"duration":747857,"distance":2537,"elevation_gain":18,"elevation_loss":25},{"version":1,"timestamp":"2022-06-14 15:58:48 +0000","elevation":1231,"source_type":11,"duration":749603,"distance":2543,"elevation_gain":18,"elevation_loss":25},{"version":1,"timestamp":"2022-06-14 15:58:50 +0000","elevation":1231,"source_type":11,"duration":751349,"distance":2550,"elevation_gain":18,"elevation_loss":25},{"version":1,"timestamp":"2022-06-14 15:58:52 +0000","elevation":1231,"source_type":11,"duration":753095,"distance":2556,"elevation_gain":18,"elevation_loss":25},{"version":1,"timestamp":"2022-06-14 15:58:54 +0000","elevation":1231,"source_type":11,"duration":755095,"distance":2563,"elevation_gain":18,"elevation_loss":25},{"version":1,"timestamp":"2022-06-14 15:58:56 +0000","elevation":1230,"source_type":11,"duration":757095,"distance":2569,"elevation_gain":18,"elevation_loss":25},{"version":1,"timestamp":"2022-06-14 15:58:58 +0000","elevation":1230,"source_type":11,"duration":759095,"distance":2576,"elevation_gain":18,"elevation_loss":25},{"version":1,"timestamp":"2022-06-14 15:59:00 +0000","elevation":1230,"source_type":11,"duration":761095,"distance":2582,"elevation_gain":18,"elevation_loss":25},{"version":1,"timestamp":"2022-06-14 15:59:02 +0000","elevation":1230,"source_type":11,"duration":763096,"distance":2588,"elevation_gain":18,"elevation_loss":25},{"version":1,"timestamp":"2022-06-14 15:59:04 +0000","elevation":1230,"source_type":11,"duration":765098,"distance":2595,"elevation_gain":18,"elevation_loss":25},{"version":1,"timestamp":"2022-06-14 15:59:06 +0000","elevation":1230,"source_type":11,"duration":767100,"distance":2601,"elevation_gain":18,"elevation_loss":25},{"version":1,"timestamp":"2022-06-14 15:59:08 +0000","elevation":1229,"source_type":11,"duration":769102,"distance":2608,"elevation_gain":18,"elevation_loss":25},{"version":1,"timestamp":"2022-06-14 15:59:16 +0000","elevation":1229,"source_type":11,"duration":777125,"distance":2632,"elevation_gain":18,"elevation_loss":25},{"version":1,"timestamp":"2022-06-14 15:59:24 +0000","elevation":1228,"source_type":11,"duration":785114,"distance":2658,"elevation_gain":18,"elevation_loss":25},{"version":1,"timestamp":"2022-06-14 15:59:32 +0000","elevation":1227,"source_type":11,"duration":793108,"distance":2681,"elevation_gain":18,"elevation_loss":30},{"version":1,"timestamp":"2022-06-14 15:59:40 +0000","elevation":1226,"source_type":11,"duration":801099,"distance":2706,"elevation_gain":18,"elevation_loss":31},{"version":1,"timestamp":"2022-06-14 15:59:48 +0000","elevation":1224,"source_type":11,"duration":809101,"distance":2731,"elevation_gain":18,"elevation_loss":33},{"version":1,"timestamp":"2022-06-14 15:59:56 +0000","elevation":1224,"source_type":11,"duration":817104,"distance":2754,"elevation_gain":18,"elevation_loss":33},{"version":1,"timestamp":"2022-06-14 16:00:04 +0000","elevation":1224,"source_type":11,"duration":825100,"distance":2778,"elevation_gain":18,"elevation_loss":33},{"version":1,"timestamp":"2022-06-14 16:00:13 +0000","elevation":1223,"source_type":11,"duration":834112,"distance":2802,"elevation_gain":18,"elevation_loss":34},{"version":1,"timestamp":"2022-06-14 16:00:21 +0000","elevation":1223,"source_type":11,"duration":842109,"distance":2826,"elevation_gain":18,"elevation_loss":34},{"version":1,"timestamp":"2022-06-14 16:00:30 +0000","elevation":1224,"source_type":11,"duration":851113,"distance":2851,"elevation_gain":18,"elevation_loss":34},{"version":1,"timestamp":"2022-06-14 16:00:33 +0000","elevation":1224,"source_type":11,"duration":854108,"distance":2859,"elevation_gain":18,"elevation_loss":34},{"version":1,"timestamp":"2022-06-14 16:00:38 +0000","elevation":1224,"source_type":11,"duration":859130,"distance":2874,"elevation_gain":18,"elevation_loss":34},{"version":1,"timestamp":"2022-06-14 16:00:43 +0000","elevation":1224,"source_type":11,"duration":864113,"distance":2887,"elevation_gain":18,"elevation_loss":34},{"version":1,"timestamp":"2022-06-14 16:00:44 +0000","elevation":1224,"source_type":11,"duration":865114,"distance":2889,"elevation_gain":18,"elevation_loss":34},{"version":1,"timestamp":"2022-06-14 16:00:47 +0000","elevation":1224,"source_type":11,"duration":868115,"distance":2898,"elevation_gain":18,"elevation_loss":34},{"version":1,"timestamp":"2022-06-14 16:00:55 +0000","elevation":1225,"source_type":11,"duration":876122,"distance":2922,"elevation_gain":18,"elevation_loss":34},{"version":1,"timestamp":"2022-06-14 16:01:03 +0000","elevation":1225,"source_type":11,"duration":884111,"distance":2945,"elevation_gain":18,"elevation_loss":34},{"version":1,"timestamp":"2022-06-14 16:01:12 +0000","elevation":1225,"source_type":11,"duration":893114,"distance":2970,"elevation_gain":18,"elevation_loss":34},{"version":1,"timestamp":"2022-06-14 16:01:21 +0000","elevation":1225,"source_type":11,"duration":902105,"distance":2993,"elevation_gain":18,"elevation_loss":34},{"version":1,"timestamp":"2022-06-14 16:01:31 +0000","elevation":1226,"source_type":11,"duration":912110,"distance":3018,"elevation_gain":18,"elevation_loss":34},{"version":1,"timestamp":"2022-06-14 16:01:39 +0000","elevation":1227,"source_type":11,"duration":920103,"distance":3041,"elevation_gain":18,"elevation_loss":34},{"version":1,"timestamp":"2022-06-14 16:01:47 +0000","elevation":1228,"source_type":11,"duration":928103,"distance":3064,"elevation_gain":18,"elevation_loss":34},{"version":1,"timestamp":"2022-06-14 16:01:55 +0000","elevation":1228,"source_type":11,"duration":936108,"distance":3089,"elevation_gain":23,"elevation_loss":34},{"version":1,"timestamp":"2022-06-14 16:02:03 +0000","elevation":1229,"source_type":11,"duration":944094,"distance":3112,"elevation_gain":23,"elevation_loss":34},{"version":1,"timestamp":"2022-06-14 16:02:11 +0000","elevation":1229,"source_type":11,"duration":952101,"distance":3137,"elevation_gain":24,"elevation_loss":34},{"version":1,"timestamp":"2022-06-14 16:02:19 +0000","elevation":1230,"source_type":11,"duration":960126,"distance":3161,"elevation_gain":24,"elevation_loss":34},{"version":1,"timestamp":"2022-06-14 16:02:27 +0000","elevation":1230,"source_type":11,"duration":968111,"distance":3184,"elevation_gain":24,"elevation_loss":34},{"version":1,"timestamp":"2022-06-14 16:02:30 +0000","elevation":1230,"source_type":11,"duration":971115,"distance":3192,"elevation_gain":24,"elevation_loss":34},{"version":1,"timestamp":"2022-06-14 16:02:36 +0000","elevation":1231,"source_type":11,"duration":977104,"distance":3210,"elevation_gain":25,"elevation_loss":34},{"version":1,"timestamp":"2022-06-14 16:02:40 +0000","elevation":1231,"source_type":11,"duration":981106,"distance":3221,"elevation_gain":26,"elevation_loss":34},{"version":1,"timestamp":"2022-06-14 16:02:44 +0000","elevation":1232,"source_type":11,"duration":985109,"distance":3234,"elevation_gain":26,"elevation_loss":34},{"version":1,"timestamp":"2022-06-14 16:02:46 +0000","elevation":1232,"source_type":11,"duration":987107,"distance":3239,"elevation_gain":26,"elevation_loss":34},{"version":1,"timestamp":"2022-06-14 16:02:48 +0000","elevation":1232,"source_type":11,"duration":989105,"distance":3245,"elevation_gain":26,"elevation_loss":34},{"version":1,"timestamp":"2022-06-14 16:02:50 +0000","elevation":1232,"source_type":11,"duration":991103,"distance":3251,"elevation_gain":26,"elevation_loss":34},{"version":1,"timestamp":"2022-06-14 16:02:52 +0000","elevation":1232,"source_type":11,"duration":993102,"distance":3257,"elevation_gain":26,"elevation_loss":34},{"version":1,"timestamp":"2022-06-14 16:02:54 +0000","elevation":1232,"source_type":11,"duration":995355,"distance":3263,"elevation_gain":26,"elevation_loss":34},{"version":1,"timestamp":"2022-06-14 16:02:56 +0000","elevation":1232,"source_type":11,"duration":997609,"distance":3269,"elevation_gain":27,"elevation_loss":34},{"version":1,"timestamp":"2022-06-14 16:02:58 +0000","elevation":1233,"source_type":11,"duration":999863,"distance":3275,"elevation_gain":27,"elevation_loss":34},{"version":1,"timestamp":"2022-06-14 16:03:01 +0000","elevation":1233,"source_type":11,"duration":1002117,"distance":3282,"elevation_gain":27,"elevation_loss":34},{"version":1,"timestamp":"2022-06-14 16:03:03 +0000","elevation":1233,"source_type":11,"duration":1004114,"distance":3288,"elevation_gain":27,"elevation_loss":34},{"version":1,"timestamp":"2022-06-14 16:03:05 +0000","elevation":1233,"source_type":11,"duration":1006112,"distance":3294,"elevation_gain":27,"elevation_loss":34},{"version":1,"timestamp":"2022-06-14 16:03:07 +0000","elevation":1233,"source_type":11,"duration":1008110,"distance":3300,"elevation_gain":28,"elevation_loss":34},{"version":1,"timestamp":"2022-06-14 16:03:09 +0000","elevation":1234,"source_type":11,"duration":1010108,"distance":3306,"elevation_gain":28,"elevation_loss":34},{"version":1,"timestamp":"2022-06-14 16:03:11 +0000","elevation":1234,"source_type":11,"duration":1012356,"distance":3311,"elevation_gain":28,"elevation_loss":34},{"version":1,"timestamp":"2022-06-14 16:03:13 +0000","elevation":1234,"source_type":11,"duration":1014605,"distance":3317,"elevation_gain":28,"elevation_loss":34},{"version":1,"timestamp":"2022-06-14 16:03:15 +0000","elevation":1234,"source_type":11,"duration":1016853,"distance":3322,"elevation_gain":28,"elevation_loss":34},{"version":1,"timestamp":"2022-06-14 16:03:18 +0000","elevation":1234,"source_type":11,"duration":1019102,"distance":3328,"elevation_gain":29,"elevation_loss":34},{"version":1,"timestamp":"2022-06-14 16:03:20 +0000","elevation":1235,"source_type":11,"duration":1021352,"distance":3334,"elevation_gain":29,"elevation_loss":34},{"version":1,"timestamp":"2022-06-14 16:03:22 +0000","elevation":1235,"source_type":11,"duration":1023603,"distance":3340,"elevation_gain":29,"elevation_loss":34},{"version":1,"timestamp":"2022-06-14 16:03:24 +0000","elevation":1235,"source_type":11,"duration":1025853,"distance":3346,"elevation_gain":29,"elevation_loss":34},{"version":1,"timestamp":"2022-06-14 16:03:27 +0000","elevation":1236,"source_type":11,"duration":1028104,"distance":3352,"elevation_gain":30,"elevation_loss":34},{"version":1,"timestamp":"2022-06-14 16:03:35 +0000","elevation":1237,"source_type":11,"duration":1036114,"distance":3377,"elevation_gain":31,"elevation_loss":34},{"version":1,"timestamp":"2022-06-14 16:03:44 +0000","elevation":1237,"source_type":11,"duration":1045110,"distance":3401,"elevation_gain":31,"elevation_loss":34},{"version":1,"timestamp":"2022-06-14 16:03:53 +0000","elevation":1237,"source_type":11,"duration":1054111,"distance":3425,"elevation_gain":32,"elevation_loss":34},{"version":1,"timestamp":"2022-06-14 16:04:02 +0000","elevation":1237,"source_type":11,"duration":1063107,"distance":3449,"elevation_gain":32,"elevation_loss":34},{"version":1,"timestamp":"2022-06-14 16:04:06 +0000","elevation":1238,"source_type":11,"duration":1067122,"distance":3459,"elevation_gain":32,"elevation_loss":34},{"version":1,"timestamp":"2022-06-14 16:04:11 +0000","elevation":1238,"source_type":11,"duration":1072108,"distance":3473,"elevation_gain":32,"elevation_loss":34},{"version":1,"timestamp":"2022-06-14 16:04:13 +0000","elevation":1238,"source_type":11,"duration":1074108,"distance":3478,"elevation_gain":32,"elevation_loss":34},{"version":1,"timestamp":"2022-06-14 16:04:17 +0000","elevation":1238,"source_type":11,"duration":1078116,"distance":3490,"elevation_gain":32,"elevation_loss":34},{"version":1,"timestamp":"2022-06-14 16:04:19 +0000","elevation":1238,"source_type":11,"duration":1080104,"distance":3497,"elevation_gain":32,"elevation_loss":34},{"version":1,"timestamp":"2022-06-14 16:04:28 +0000","elevation":1238,"source_type":11,"duration":1089107,"distance":3521,"elevation_gain":32,"elevation_loss":34},{"version":1,"timestamp":"2022-06-14 16:04:33 +0000","elevation":1238,"source_type":11,"duration":1094107,"distance":3532,"elevation_gain":32,"elevation_loss":34},{"version":1,"timestamp":"2022-06-14 16:04:34 +0000","elevation":1238,"source_type":11,"duration":1095605,"distance":3535,"elevation_gain":32,"elevation_loss":34},{"version":1,"timestamp":"2022-06-14 16:04:36 +0000","elevation":1238,"source_type":11,"duration":1097104,"distance":3539,"elevation_gain":32,"elevation_loss":34},{"version":1,"timestamp":"2022-06-14 16:04:37 +0000","elevation":1238,"source_type":11,"duration":1098602,"distance":3543,"elevation_gain":32,"elevation_loss":34},{"version":1,"timestamp":"2022-06-14 16:04:39 +0000","elevation":1238,"source_type":11,"duration":1100101,"distance":3547,"elevation_gain":32,"elevation_loss":34},{"version":1,"timestamp":"2022-06-14 16:04:41 +0000","elevation":1238,"source_type":11,"duration":1102103,"distance":3552,"elevation_gain":33,"elevation_loss":34},{"version":1,"timestamp":"2022-06-14 16:04:43 +0000","elevation":1239,"source_type":11,"duration":1104105,"distance":3558,"elevation_gain":33,"elevation_loss":34},{"version":1,"timestamp":"2022-06-14 16:04:45 +0000","elevation":1239,"source_type":11,"duration":1106107,"distance":3565,"elevation_gain":33,"elevation_loss":34},{"version":1,"timestamp":"2022-06-14 16:04:47 +0000","elevation":1239,"source_type":11,"duration":1108109,"distance":3573,"elevation_gain":33,"elevation_loss":34},{"version":1,"timestamp":"2022-06-14 16:04:49 +0000","elevation":1239,"source_type":11,"duration":1110105,"distance":3579,"elevation_gain":33,"elevation_loss":34},{"version":1,"timestamp":"2022-06-14 16:04:51 +0000","elevation":1239,"source_type":11,"duration":1112101,"distance":3586,"elevation_gain":33,"elevation_loss":34},{"version":1,"timestamp":"2022-06-14 16:04:53 +0000","elevation":1240,"source_type":11,"duration":1114097,"distance":3592,"elevation_gain":34,"elevation_loss":34},{"version":1,"timestamp":"2022-06-14 16:04:55 +0000","elevation":1240,"source_type":11,"duration":1116093,"distance":3598,"elevation_gain":34,"elevation_loss":34},{"version":1,"timestamp":"2022-06-14 16:04:57 +0000","elevation":1240,"source_type":11,"duration":1118093,"distance":3604,"elevation_gain":34,"elevation_loss":34},{"version":1,"timestamp":"2022-06-14 16:04:59 +0000","elevation":1240,"source_type":11,"duration":1120093,"distance":3611,"elevation_gain":34,"elevation_loss":34},{"version":1,"timestamp":"2022-06-14 16:05:01 +0000","elevation":1240,"source_type":11,"duration":1122093,"distance":3617,"elevation_gain":34,"elevation_loss":34},{"version":1,"timestamp":"2022-06-14 16:05:03 +0000","elevation":1240,"source_type":11,"duration":1124093,"distance":3623,"elevation_gain":34,"elevation_loss":34},{"version":1,"timestamp":"2022-06-14 16:05:05 +0000","elevation":1240,"source_type":11,"duration":1126094,"distance":3630,"elevation_gain":34,"elevation_loss":34},{"version":1,"timestamp":"2022-06-14 16:05:07 +0000","elevation":1240,"source_type":11,"duration":1128095,"distance":3636,"elevation_gain":34,"elevation_loss":34},{"version":1,"timestamp":"2022-06-14 16:05:09 +0000","elevation":1240,"source_type":11,"duration":1130096,"distance":3642,"elevation_gain":34,"elevation_loss":34},{"version":1,"timestamp":"2022-06-14 16:05:11 +0000","elevation":1240,"source_type":11,"duration":1132098,"distance":3649,"elevation_gain":34,"elevation_loss":34},{"version":1,"timestamp":"2022-06-14 16:05:13 +0000","elevation":1240,"source_type":11,"duration":1134347,"distance":3655,"elevation_gain":34,"elevation_loss":34},{"version":1,"timestamp":"2022-06-14 16:05:15 +0000","elevation":1240,"source_type":11,"duration":1136596,"distance":3662,"elevation_gain":34,"elevation_loss":34},{"version":1,"timestamp":"2022-06-14 16:05:17 +0000","elevation":1240,"source_type":11,"duration":1138845,"distance":3669,"elevation_gain":34,"elevation_loss":34},{"version":1,"timestamp":"2022-06-14 16:05:20 +0000","elevation":1240,"source_type":11,"duration":1141095,"distance":3675,"elevation_gain":34,"elevation_loss":34},{"version":1,"timestamp":"2022-06-14 16:05:22 +0000","elevation":1240,"source_type":11,"duration":1143095,"distance":3681,"elevation_gain":34,"elevation_loss":34},{"version":1,"timestamp":"2022-06-14 16:05:24 +0000","elevation":1240,"source_type":11,"duration":1145095,"distance":3687,"elevation_gain":34,"elevation_loss":34},{"version":1,"timestamp":"2022-06-14 16:05:26 +0000","elevation":1240,"source_type":11,"duration":1147095,"distance":3693,"elevation_gain":34,"elevation_loss":34},{"version":1,"timestamp":"2022-06-14 16:05:28 +0000","elevation":1240,"source_type":11,"duration":1149096,"distance":3699,"elevation_gain":34,"elevation_loss":34},{"version":1,"timestamp":"2022-06-14 16:05:36 +0000","elevation":1239,"source_type":11,"duration":1157094,"distance":3724,"elevation_gain":34,"elevation_loss":34},{"version":1,"timestamp":"2022-06-14 16:05:44 +0000","elevation":1239,"source_type":11,"duration":1165095,"distance":3748,"elevation_gain":34,"elevation_loss":34},{"version":1,"timestamp":"2022-06-14 16:05:52 +0000","elevation":1238,"source_type":11,"duration":1173094,"distance":3771,"elevation_gain":34,"elevation_loss":34},{"version":1,"timestamp":"2022-06-14 16:06:00 +0000","elevation":1238,"source_type":11,"duration":1181103,"distance":3796,"elevation_gain":34,"elevation_loss":34},{"version":1,"timestamp":"2022-06-14 16:06:08 +0000","elevation":1237,"source_type":11,"duration":1189097,"distance":3820,"elevation_gain":34,"elevation_loss":34},{"version":1,"timestamp":"2022-06-14 16:06:16 +0000","elevation":1237,"source_type":11,"duration":1197094,"distance":3843,"elevation_gain":34,"elevation_loss":34},{"version":1,"timestamp":"2022-06-14 16:06:24 +0000","elevation":1237,"source_type":11,"duration":1205100,"distance":3866,"elevation_gain":34,"elevation_loss":34},{"version":1,"timestamp":"2022-06-14 16:06:33 +0000","elevation":1237,"source_type":11,"duration":1214103,"distance":3888,"elevation_gain":34,"elevation_loss":34},{"version":1,"timestamp":"2022-06-14 16:06:42 +0000","elevation":1238,"source_type":11,"duration":1223098,"distance":3914,"elevation_gain":34,"elevation_loss":34},{"version":1,"timestamp":"2022-06-14 16:06:50 +0000","elevation":1238,"source_type":11,"duration":1231100,"distance":3938,"elevation_gain":34,"elevation_loss":34},{"version":1,"timestamp":"2022-06-14 16:06:58 +0000","elevation":1237,"source_type":11,"duration":1239100,"distance":3962,"elevation_gain":34,"elevation_loss":34},{"version":1,"timestamp":"2022-06-14 16:07:06 +0000","elevation":1237,"source_type":11,"duration":1247094,"distance":3986,"elevation_gain":34,"elevation_loss":34},{"version":1,"timestamp":"2022-06-14 16:07:14 +0000","elevation":1237,"source_type":11,"duration":1255097,"distance":4011,"elevation_gain":34,"elevation_loss":34},{"version":1,"timestamp":"2022-06-14 16:07:22 +0000","elevation":1236,"source_type":11,"duration":1263101,"distance":4035,"elevation_gain":34,"elevation_loss":34},{"version":1,"timestamp":"2022-06-14 16:07:30 +0000","elevation":1236,"source_type":11,"duration":1271104,"distance":4060,"elevation_gain":34,"elevation_loss":34},{"version":1,"timestamp":"2022-06-14 16:07:38 +0000","elevation":1236,"source_type":11,"duration":1279097,"distance":4085,"elevation_gain":34,"elevation_loss":34},{"version":1,"timestamp":"2022-06-14 16:07:46 +0000","elevation":1235,"source_type":11,"duration":1287101,"distance":4110,"elevation_gain":34,"elevation_loss":34},{"version":1,"timestamp":"2022-06-14 16:07:54 +0000","elevation":1235,"source_type":11,"duration":1295095,"distance":4133,"elevation_gain":34,"elevation_loss":39},{"version":1,"timestamp":"2022-06-14 16:08:02 +0000","elevation":1234,"source_type":11,"duration":1303094,"distance":4158,"elevation_gain":34,"elevation_loss":40},{"version":1,"timestamp":"2022-06-14 16:08:09 +0000","elevation":1232,"source_type":11,"duration":1310094,"distance":4182,"elevation_gain":34,"elevation_loss":41},{"version":1,"timestamp":"2022-06-14 16:08:16 +0000","elevation":1231,"source_type":11,"duration":1317101,"distance":4206,"elevation_gain":34,"elevation_loss":42},{"version":1,"timestamp":"2022-06-14 16:08:24 +0000","elevation":1230,"source_type":11,"duration":1325095,"distance":4232,"elevation_gain":34,"elevation_loss":43},{"version":1,"timestamp":"2022-06-14 16:08:32 +0000","elevation":1230,"source_type":11,"duration":1333095,"distance":4257,"elevation_gain":34,"elevation_loss":44},{"version":1,"timestamp":"2022-06-14 16:08:39 +0000","elevation":1231,"source_type":11,"duration":1340095,"distance":4282,"elevation_gain":34,"elevation_loss":44},{"version":1,"timestamp":"2022-06-14 16:08:46 +0000","elevation":1233,"source_type":11,"duration":1347095,"distance":4307,"elevation_gain":34,"elevation_loss":44},{"version":1,"timestamp":"2022-06-14 16:08:53 +0000","elevation":1234,"source_type":11,"duration":1354100,"distance":4331,"elevation_gain":34,"elevation_loss":44},{"version":1,"timestamp":"2022-06-14 16:09:01 +0000","elevation":1236,"source_type":11,"duration":1362100,"distance":4357,"elevation_gain":40,"elevation_loss":44},{"version":1,"timestamp":"2022-06-14 16:09:08 +0000","elevation":1236,"source_type":11,"duration":1369097,"distance":4383,"elevation_gain":40,"elevation_loss":44},{"version":1,"timestamp":"2022-06-14 16:09:15 +0000","elevation":1237,"source_type":11,"duration":1376093,"distance":4408,"elevation_gain":41,"elevation_loss":44},{"version":1,"timestamp":"2022-06-14 16:09:23 +0000","elevation":1238,"source_type":11,"duration":1384100,"distance":4434,"elevation_gain":42,"elevation_loss":44},{"version":1,"timestamp":"2022-06-14 16:09:31 +0000","elevation":1239,"source_type":11,"duration":1392101,"distance":4460,"elevation_gain":43,"elevation_loss":44},{"version":1,"timestamp":"2022-06-14 16:09:40 +0000","elevation":1239,"source_type":11,"duration":1401095,"distance":4482,"elevation_gain":43,"elevation_loss":44},{"version":1,"timestamp":"2022-06-14 16:09:42 +0000","elevation":1239,"source_type":11,"duration":1403598,"distance":4489,"elevation_gain":43,"elevation_loss":44},{"version":1,"timestamp":"2022-06-14 16:09:45 +0000","elevation":1239,"source_type":11,"duration":1406101,"distance":4494,"elevation_gain":43,"elevation_loss":44},{"version":1,"timestamp":"2022-06-14 16:09:46 +0000","elevation":1239,"source_type":11,"duration":1407352,"distance":4498,"elevation_gain":43,"elevation_loss":44},{"version":1,"timestamp":"2022-06-14 16:09:47 +0000","elevation":1239,"source_type":11,"duration":1408603,"distance":4501,"elevation_gain":43,"elevation_loss":44},{"version":1,"timestamp":"2022-06-14 16:09:48 +0000","elevation":1239,"source_type":11,"duration":1409854,"distance":4506,"elevation_gain":44,"elevation_loss":44},{"version":1,"timestamp":"2022-06-14 16:09:50 +0000","elevation":1239,"source_type":11,"duration":1411105,"distance":4510,"elevation_gain":44,"elevation_loss":44},{"version":1,"timestamp":"2022-06-14 16:09:52 +0000","elevation":1239,"source_type":11,"duration":1413102,"distance":4516,"elevation_gain":44,"elevation_loss":44},{"version":1,"timestamp":"2022-06-14 16:09:54 +0000","elevation":1239,"source_type":11,"duration":1415099,"distance":4522,"elevation_gain":44,"elevation_loss":44},{"version":1,"timestamp":"2022-06-14 16:09:56 +0000","elevation":1239,"source_type":11,"duration":1417096,"distance":4528,"elevation_gain":44,"elevation_loss":44},{"version":1,"timestamp":"2022-06-14 16:09:58 +0000","elevation":1239,"source_type":11,"duration":1419094,"distance":4535,"elevation_gain":44,"elevation_loss":44},{"version":1,"timestamp":"2022-06-14 16:09:58 +0000","elevation":1239,"source_type":11,"duration":1419843,"distance":4539,"elevation_gain":44,"elevation_loss":44},{"version":1,"timestamp":"2022-06-14 16:09:59 +0000","elevation":1239,"source_type":11,"duration":1420593,"distance":4541,"elevation_gain":44,"elevation_loss":44},{"version":1,"timestamp":"2022-06-14 16:10:00 +0000","elevation":1239,"source_type":11,"duration":1421343,"distance":4543,"elevation_gain":44,"elevation_loss":44},{"version":1,"timestamp":"2022-06-14 16:10:01 +0000","elevation":1239,"source_type":11,"duration":1422093,"distance":4544,"elevation_gain":44,"elevation_loss":44},{"version":1,"timestamp":"2022-06-14 16:10:01 +0000","elevation":1239,"source_type":11,"duration":1422592,"distance":4546,"elevation_gain":44,"elevation_loss":44},{"version":1,"timestamp":"2022-06-14 16:10:02 +0000","elevation":1239,"source_type":11,"duration":1423092,"distance":4548,"elevation_gain":44,"elevation_loss":44},{"version":1,"timestamp":"2022-06-14 16:10:02 +0000","elevation":1239,"source_type":11,"duration":1423592,"distance":4549,"elevation_gain":44,"elevation_loss":44},{"version":1,"timestamp":"2022-06-14 16:10:03 +0000","elevation":1240,"source_type":11,"duration":1424092,"distance":4550,"elevation_gain":44,"elevation_loss":44},{"version":1,"timestamp":"2022-06-14 16:10:03 +0000","elevation":1240,"source_type":11,"duration":1424842,"distance":4552,"elevation_gain":44,"elevation_loss":44},{"version":1,"timestamp":"2022-06-14 16:10:04 +0000","elevation":1240,"source_type":11,"duration":1425592,"distance":4555,"elevation_gain":44,"elevation_loss":44},{"version":1,"timestamp":"2022-06-14 16:10:05 +0000","elevation":1240,"source_type":11,"duration":1426342,"distance":4558,"elevation_gain":44,"elevation_loss":44},{"version":1,"timestamp":"2022-06-14 16:10:06 +0000","elevation":1240,"source_type":11,"duration":1427093,"distance":4560,"elevation_gain":44,"elevation_loss":44},{"version":1,"timestamp":"2022-06-14 16:10:06 +0000","elevation":1240,"source_type":11,"duration":1427343,"distance":4562,"elevation_gain":44,"elevation_loss":44},{"version":1,"timestamp":"2022-06-14 16:10:06 +0000","elevation":1240,"source_type":11,"duration":1427594,"distance":4563,"elevation_gain":44,"elevation_loss":44},{"version":1,"timestamp":"2022-06-14 16:10:06 +0000","elevation":1240,"source_type":11,"duration":1427844,"distance":4563,"elevation_gain":44,"elevation_loss":44},{"version":1,"timestamp":"2022-06-14 16:10:07 +0000","elevation":1240,"source_type":11,"duration":1428095,"distance":4564,"elevation_gain":44,"elevation_loss":44},{"version":1,"timestamp":"2022-06-14 16:10:10 +0000","elevation":1240,"source_type":11,"duration":1431092,"distance":4573,"elevation_gain":44,"elevation_loss":44},{"version":1,"timestamp":"2022-06-14 16:10:12 +0000","elevation":1240,"source_type":11,"duration":1433094,"distance":4580,"elevation_gain":44,"elevation_loss":44},{"version":1,"timestamp":"2022-06-14 16:10:14 +0000","elevation":1240,"source_type":11,"duration":1435094,"distance":4586,"elevation_gain":44,"elevation_loss":44},{"version":1,"timestamp":"2022-06-14 16:10:15 +0000","elevation":1240,"source_type":11,"duration":1436096,"distance":4589,"elevation_gain":44,"elevation_loss":44},{"version":1,"timestamp":"2022-06-14 16:10:16 +0000","elevation":1240,"source_type":11,"duration":1437093,"distance":4592,"elevation_gain":44,"elevation_loss":44},{"version":1,"timestamp":"2022-06-14 16:10:17 +0000","elevation":1240,"source_type":11,"duration":1438094,"distance":4595,"elevation_gain":44,"elevation_loss":44},{"version":1,"timestamp":"2022-06-14 16:10:18 +0000","elevation":1240,"source_type":11,"duration":1439092,"distance":4599,"elevation_gain":44,"elevation_loss":44},{"version":1,"timestamp":"2022-06-14 16:10:19 +0000","elevation":1240,"source_type":11,"duration":1440092,"distance":4602,"elevation_gain":44,"elevation_loss":44},{"version":1,"timestamp":"2022-06-14 16:10:22 +0000","elevation":1240,"source_type":11,"duration":1443092,"distance":4611,"elevation_gain":44,"elevation_loss":44},{"version":1,"timestamp":"2022-06-14 16:10:30 +0000","elevation":1240,"source_type":11,"duration":1451092,"distance":4635,"elevation_gain":44,"elevation_loss":44},{"version":1,"timestamp":"2022-06-14 16:10:33 +0000","elevation":1240,"source_type":11,"duration":1454099,"distance":4644,"elevation_gain":44,"elevation_loss":44},{"version":1,"timestamp":"2022-06-14 16:10:35 +0000","elevation":1240,"source_type":11,"duration":1456099,"distance":4650,"elevation_gain":44,"elevation_loss":44},{"version":1,"timestamp":"2022-06-14 16:10:38 +0000","elevation":1240,"source_type":11,"duration":1459096,"distance":4657,"elevation_gain":44,"elevation_loss":44},{"version":1,"timestamp":"2022-06-14 16:10:46 +0000","elevation":1240,"source_type":11,"duration":1467098,"distance":4683,"elevation_gain":44,"elevation_loss":44},{"version":1,"timestamp":"2022-06-14 16:10:54 +0000","elevation":1240,"source_type":11,"duration":1475094,"distance":4708,"elevation_gain":45,"elevation_loss":44},{"version":1,"timestamp":"2022-06-14 16:11:02 +0000","elevation":1241,"source_type":11,"duration":1483095,"distance":4733,"elevation_gain":45,"elevation_loss":44},{"version":1,"timestamp":"2022-06-14 16:11:10 +0000","elevation":1240,"source_type":11,"duration":1491094,"distance":4756,"elevation_gain":45,"elevation_loss":44},{"version":1,"timestamp":"2022-06-14 16:11:18 +0000","elevation":1240,"source_type":11,"duration":1499094,"distance":4779,"elevation_gain":45,"elevation_loss":44},{"version":1,"timestamp":"2022-06-14 16:11:26 +0000","elevation":1240,"source_type":11,"duration":1507096,"distance":4803,"elevation_gain":45,"elevation_loss":44},{"version":1,"timestamp":"2022-06-14 16:11:31 +0000","elevation":1239,"source_type":11,"duration":1512101,"distance":4816,"elevation_gain":45,"elevation_loss":44},{"version":1,"timestamp":"2022-06-14 16:11:35 +0000","elevation":1239,"source_type":11,"duration":1516094,"distance":4828,"elevation_gain":45,"elevation_loss":44},{"version":1,"timestamp":"2022-06-14 16:11:44 +0000","elevation":1238,"source_type":11,"duration":1525109,"distance":4853,"elevation_gain":45,"elevation_loss":44},{"version":1,"timestamp":"2022-06-14 16:11:51 +0000","elevation":1238,"source_type":11,"duration":1532110,"distance":4877,"elevation_gain":45,"elevation_loss":44},{"version":1,"timestamp":"2022-06-14 16:11:59 +0000","elevation":1237,"source_type":11,"duration":1540120,"distance":4901,"elevation_gain":45,"elevation_loss":44},{"version":1,"timestamp":"2022-06-14 16:12:07 +0000","elevation":1237,"source_type":11,"duration":1548136,"distance":4926,"elevation_gain":45,"elevation_loss":44},{"version":1,"timestamp":"2022-06-14 16:12:15 +0000","elevation":1237,"source_type":11,"duration":1556130,"distance":4950,"elevation_gain":45,"elevation_loss":44},{"version":1,"timestamp":"2022-06-14 16:12:23 +0000","elevation":1237,"source_type":11,"duration":1564133,"distance":4972,"elevation_gain":45,"elevation_loss":44},{"version":1,"timestamp":"2022-06-14 16:12:31 +0000","elevation":1237,"source_type":11,"duration":1572105,"distance":4994,"elevation_gain":45,"elevation_loss":44},{"version":1,"timestamp":"2022-06-14 16:12:34 +0000","elevation":1237,"source_type":11,"duration":1575136,"distance":5003,"elevation_gain":45,"elevation_loss":44},{"version":1,"timestamp":"2022-06-14 16:12:34 +0000","elevation":1237,"source_type":11,"duration":1575621,"distance":5004,"elevation_gain":45,"elevation_loss":44},{"version":1,"timestamp":"2022-06-14 16:12:35 +0000","elevation":1237,"source_type":11,"duration":1576106,"distance":5006,"elevation_gain":45,"elevation_loss":44},{"version":1,"timestamp":"2022-06-14 16:12:35 +0000","elevation":1237,"source_type":11,"duration":1576362,"distance":5006,"elevation_gain":45,"elevation_loss":44},{"version":1,"timestamp":"2022-06-14 16:12:35 +0000","elevation":1237,"source_type":11,"duration":1576618,"distance":5007,"elevation_gain":45,"elevation_loss":44},{"version":1,"timestamp":"2022-06-14 16:12:35 +0000","elevation":1237,"source_type":11,"duration":1576874,"distance":5008,"elevation_gain":45,"elevation_loss":44},{"version":1,"timestamp":"2022-06-14 16:12:36 +0000","elevation":1237,"source_type":11,"duration":1577130,"distance":5008,"elevation_gain":45,"elevation_loss":44},{"version":1,"timestamp":"2022-06-14 16:12:37 +0000","elevation":1237,"source_type":11,"duration":1578377,"distance":5011,"elevation_gain":45,"elevation_loss":44},{"version":1,"timestamp":"2022-06-14 16:12:38 +0000","elevation":1237,"source_type":11,"duration":1579625,"distance":5014,"elevation_gain":45,"elevation_loss":44},{"version":1,"timestamp":"2022-06-14 16:12:39 +0000","elevation":1236,"source_type":11,"duration":1580872,"distance":5018,"elevation_gain":45,"elevation_loss":44},{"version":1,"timestamp":"2022-06-14 16:12:41 +0000","elevation":1236,"source_type":11,"duration":1582120,"distance":5022,"elevation_gain":45,"elevation_loss":44}]