{"start_time":1654225982000,"end_time":1654227712000,"created_at":1654356004000,"updated_at":1654356005000,"start_time_timezone_offset":7200000,"end_time_timezone_offset":7200000,"distance":5024,"duration":1713692,"elevation_gain":45,"elevation_loss":44,"average_speed":"10.554583549499512","calories":309,"longitude":27.46866226196289,"latitude":"-11.646978378295898","max_speed":"13.848383903503418","pause_duration":16308,"duration_per_km":341101,"max_step_frequency":173,"avg_step_frequency":164,"total_steps":4688,"manual":false,"edited":false,"completed":true,"live_tracking_active":false,"live_tracking_enabled":false,"cheering_enabled":false,"indoor":false,"id":"00ef5d90-d7db-4f3e-9162-8d5b32694486","subjective_feeling_id":"1","sport_type_id":"1","user_equipment_ids":["60fed1a515961cf5549088b5"]}