{"start_time":1640365679000,"end_time":1640366297000,"created_at":1640365680000,"updated_at":1641292607000,"start_time_timezone_offset":7200000,"end_time_timezone_offset":7200000,"distance":1832,"duration":580947,"elevation_gain":5,"elevation_loss":16,"average_speed":"11.353267669677734","calories":104,"longitude":27.47312355041504,"latitude":"-11.660550117492676","max_speed":"14.327198028564453","pause_duration":37053,"duration_per_km":317111,"temperature":21.0,"max_step_frequency":171,"avg_step_frequency":159,"total_steps":1508,"manual":false,"edited":false,"completed":true,"live_tracking_active":false,"live_tracking_enabled":true,"cheering_enabled":true,"indoor":false,"id":"02aad4a6-78ea-4d76-b53b-0fe681ff15fb","weather_condition_id":"5","subjective_feeling_id":"1","sport_type_id":"1","user_equipment_ids":["60fed1a515961cf5549088b5"]}