{"start_time":1627312803000,"end_time":1627313542000,"created_at":1627312804000,"updated_at":1641292607000,"start_time_timezone_offset":7200000,"end_time_timezone_offset":7200000,"distance":2392,"duration":739000,"elevation_gain":8,"elevation_loss":10,"average_speed":11.65204906463623,"calories":134,"longitude":"27.468523025512695","latitude":"-11.647061347961426","max_speed":"14.517749786376953","pause_duration":0,"duration_per_km":308946,"temperature":19.0,"max_step_frequency":169,"avg_step_frequency":160,"total_steps":1985,"manual":false,"edited":false,"completed":true,"live_tracking_active":false,"live_tracking_enabled":true,"cheering_enabled":true,"indoor":false,"id":"031df784-d7c5-4631-88de-bdb93cbc9224","weather_condition_id":"1","subjective_feeling_id":"1","sport_type_id":"1","user_equipment_ids":["60fed1a515961cf5549088b5"]}