{"start_time":1628006263000,"end_time":1628006989000,"created_at":1628006264000,"updated_at":1641292607000,"start_time_timezone_offset":7200000,"end_time_timezone_offset":7200000,"distance":2250,"duration":726000,"elevation_gain":14,"elevation_loss":15,"average_speed":"11.158924102783203","calories":121,"longitude":"27.468578338623047","latitude":"-11.647004127502441","max_speed":"14.023538589477539","pause_duration":0,"duration_per_km":322667,"temperature":24.0,"max_step_frequency":171,"avg_step_frequency":158,"total_steps":1883,"manual":false,"edited":false,"completed":true,"live_tracking_active":false,"live_tracking_enabled":true,"cheering_enabled":true,"indoor":false,"id":"05ea7d92-0884-4f6c-8bfd-a26dc26e6c12","weather_condition_id":"1","subjective_feeling_id":"2","sport_type_id":"1","user_equipment_ids":["60fed1a515961cf5549088b5"]}