{"start_time":1655395986000,"end_time":1655397599000,"created_at":1655395987000,"updated_at":1655397659000,"start_time_timezone_offset":7200000,"end_time_timezone_offset":7200000,"distance":5015,"duration":1612377,"elevation_gain":45,"elevation_loss":50,"average_speed":11.2,"calories":302,"longitude":27.468578,"latitude":-11.64701,"max_speed":15.592098,"pause_duration":0,"duration_per_km":321511,"temperature":23.0,"pulse_avg":0,"pulse_max":0,"manual":false,"edited":false,"completed":true,"live_tracking_active":false,"live_tracking_enabled":true,"cheering_enabled":true,"indoor":false,"id":"0783e1bc-4969-4e2b-961e-bbd3e491bcce","weather_condition_id":"5","surface_id":"1","subjective_feeling_id":"1","sport_type_id":"1","user_equipment_ids":["60fed1a515961cf5549088b5"]}