{"start_time":1627834299000,"end_time":1627835168000,"created_at":1627837164000,"updated_at":1641292607000,"start_time_timezone_offset":7200000,"end_time_timezone_offset":7200000,"distance":2697,"duration":869000,"elevation_gain":17,"elevation_loss":15,"average_speed":"11.172295570373535","calories":148,"longitude":27.46853256225586,"latitude":"-11.646958351135254","max_speed":13.96765422821045,"pause_duration":0,"duration_per_km":322210,"max_step_frequency":180,"avg_step_frequency":158,"total_steps":2288,"manual":false,"edited":false,"completed":true,"live_tracking_active":false,"live_tracking_enabled":false,"cheering_enabled":false,"indoor":false,"id":"087ada66-ff0b-4dea-a324-8dd97d5c8ce2","subjective_feeling_id":"1","sport_type_id":"1","user_equipment_ids":["60fed1a515961cf5549088b5"]}