{"start_time":1647098367000,"end_time":1647101320000,"created_at":1647098368000,"updated_at":1647103661000,"start_time_timezone_offset":7200000,"end_time_timezone_offset":7200000,"distance":7449,"duration":2908126,"elevation_gain":664,"elevation_loss":201,"average_speed":9.221195220947266,"calories":462,"longitude":27.46868324279785,"latitude":"-11.647024154663086","max_speed":"14.927254676818848","pause_duration":44874,"duration_per_km":390405,"temperature":23.0,"max_step_frequency":173,"avg_step_frequency":155,"total_steps":7500,"manual":false,"edited":false,"completed":true,"live_tracking_active":false,"live_tracking_enabled":true,"cheering_enabled":true,"indoor":false,"id":"0a2ae1ce-0339-45d2-905c-67156af7d849","weather_condition_id":"2","subjective_feeling_id":"1","sport_type_id":"1","user_equipment_ids":["60fed1a515961cf5549088b5"]}