{"start_time":1642694427000,"end_time":1642698201000,"created_at":1642694427000,"updated_at":1642698224000,"start_time_timezone_offset":7200000,"end_time_timezone_offset":7200000,"distance":6370,"duration":2827134,"elevation_gain":55,"elevation_loss":55,"average_speed":8.110857009887695,"calories":413,"longitude":"27.468801498413086","latitude":-11.6468505859375,"max_speed":"14.571806907653809","pause_duration":946866,"duration_per_km":443820,"temperature":21.0,"max_step_frequency":173,"avg_step_frequency":135,"total_steps":5954,"manual":false,"edited":false,"completed":true,"live_tracking_active":false,"live_tracking_enabled":true,"cheering_enabled":true,"indoor":false,"id":"0bf3cadc-f0a2-4338-8c3a-9b1a22e282ee","weather_condition_id":"2","subjective_feeling_id":"1","sport_type_id":"1","user_equipment_ids":["60fed1a515961cf5549088b5"]}