{"start_time":1653363526000,"end_time":1653365341000,"created_at":1653363526000,"updated_at":1654100479000,"start_time_timezone_offset":7200000,"end_time_timezone_offset":7200000,"distance":5024,"duration":1815000,"elevation_gain":46,"elevation_loss":44,"average_speed":9.964958190917969,"calories":310,"longitude":"27.468524932861328","latitude":"-11.646751403808594","max_speed":19.8763427734375,"pause_duration":0,"duration_per_km":361266,"temperature":13.0,"max_step_frequency":171,"avg_step_frequency":151,"total_steps":4563,"manual":false,"edited":false,"completed":true,"live_tracking_active":false,"live_tracking_enabled":true,"cheering_enabled":true,"indoor":false,"id":"0e13e890-b2c1-4008-bdc3-a45b63a38fa1","weather_condition_id":"5","subjective_feeling_id":"1","sport_type_id":"1","user_equipment_ids":["60fed1a515961cf5549088b5"]}