{"start_time":1655741800000,"end_time":1655743314000,"created_at":1655741801000,"updated_at":1655743399000,"start_time_timezone_offset":7200000,"end_time_timezone_offset":7200000,"distance":5007,"duration":1512687,"elevation_gain":45,"elevation_loss":44,"average_speed":11.921,"calories":295,"longitude":27.468645,"latitude":-11.647007,"max_speed":16.632624,"pause_duration":0,"duration_per_km":302114,"temperature":22.0,"pulse_avg":0,"pulse_max":0,"manual":false,"edited":false,"completed":true,"live_tracking_active":false,"live_tracking_enabled":true,"cheering_enabled":true,"indoor":false,"id":"0f629c93-c0ae-4da6-8e14-bf3e00042f64","weather_condition_id":"5","surface_id":"1","subjective_feeling_id":"1","sport_type_id":"1","user_equipment_ids":["60fed1a515961cf5549088b5"]}