{"start_time":1638027125000,"end_time":1638029641000,"created_at":1638027126000,"updated_at":1641292607000,"start_time_timezone_offset":7200000,"end_time_timezone_offset":7200000,"distance":3488,"duration":1183820,"elevation_gain":32,"elevation_loss":34,"average_speed":"10.606557846069336","calories":211,"longitude":"27.468692779541016","latitude":"-11.646998405456543","max_speed":"17.061752319335938","pause_duration":1332180,"duration_per_km":339398,"temperature":24.0,"max_step_frequency":169,"avg_step_frequency":161,"total_steps":3127,"manual":false,"edited":false,"completed":true,"live_tracking_active":false,"live_tracking_enabled":true,"cheering_enabled":true,"indoor":false,"id":"1299cd42-3039-45a0-85c5-4bc712e2e56f","weather_condition_id":"2","subjective_feeling_id":"2","sport_type_id":"1","user_equipment_ids":["60fed1a515961cf5549088b5"]}