{"start_time":1597423075000,"end_time":1597423605000,"created_at":1597423077000,"updated_at":1641292607000,"start_time_timezone_offset":7200000,"end_time_timezone_offset":7200000,"distance":1118,"duration":365846,"elevation_gain":0,"elevation_loss":17,"average_speed":"11.004793167114258","calories":51,"longitude":27.47188377380371,"latitude":"-11.653607368469238","max_speed":"15.449007034301758","pause_duration":164154,"duration_per_km":327233,"temperature":23.0,"max_step_frequency":184,"avg_step_frequency":157,"total_steps":1397,"manual":false,"edited":false,"completed":true,"live_tracking_active":false,"live_tracking_enabled":true,"cheering_enabled":true,"indoor":false,"id":"149105ae-277b-4693-ae0a-bf9a1a7fd5dd","weather_condition_id":"5","surface_id":"5","subjective_feeling_id":"5","sport_type_id":"1"}