{"start_time":1653880311000,"end_time":1653882066000,"created_at":1653898386000,"updated_at":1654100480000,"start_time_timezone_offset":7200000,"end_time_timezone_offset":7200000,"distance":5034,"duration":1755000,"elevation_gain":36,"elevation_loss":33,"average_speed":"10.326676368713379","calories":311,"longitude":"27.468599319458008","latitude":"-11.646994590759277","max_speed":"14.579078674316406","pause_duration":0,"duration_per_km":348629,"max_step_frequency":176,"avg_step_frequency":164,"total_steps":4833,"manual":false,"edited":false,"completed":true,"live_tracking_active":false,"live_tracking_enabled":false,"cheering_enabled":false,"indoor":false,"id":"151495d5-1cff-40bc-b635-a1d981cb8a16","weather_condition_id":"5","subjective_feeling_id":"1","sport_type_id":"1","user_equipment_ids":["60fed1a515961cf5549088b5"]}