{
  "start_time": 1657382703000,
  "end_time": 1657384237000,
  "created_at": 1657382704000,
  "updated_at": 1657384694000,
  "start_time_timezone_offset": 7200000,
  "end_time_timezone_offset": 7200000,
  "distance": 5019,
  "duration": 1532582,
  "elevation_gain": 59,
  "elevation_loss": 57,
  "average_speed": 11.794,
  "calories": 289,
  "longitude": 27.468632,
  "latitude": -11.646995,
  "max_speed": 19.672379,
  "pause_duration": 0,
  "duration_per_km": 305356,
  "temperature": 21.0,
  "pulse_avg": 0,
  "pulse_max": 0,
  "manual": false,
  "edited": false,
  "completed": true,
  "live_tracking_active": false,
  "live_tracking_enabled": true,
  "cheering_enabled": true,
  "indoor": false,
  "id": "162f33f2-d2aa-477b-91ac-a1607939cf84",
  "weather_condition_id": "1",
  "surface_id": "1",
  "subjective_feeling_id": "1",
  "sport_type_id": "1",
  "user_equipment_ids": [
    "60fed1a515961cf5549088b5"
  ]
}