{"start_time":1632151395000,"end_time":1632152873000,"created_at":1632151396000,"updated_at":1641292607000,"start_time_timezone_offset":7200000,"end_time_timezone_offset":7200000,"distance":4564,"duration":1478000,"elevation_gain":44,"elevation_loss":44,"average_speed":"11.117558479309082","calories":276,"longitude":27.46859359741211,"latitude":"-11.646994590759277","max_speed":"13.879446029663086","pause_duration":0,"duration_per_km":323839,"temperature":30.0,"max_step_frequency":176,"avg_step_frequency":163,"total_steps":4045,"manual":false,"edited":false,"completed":true,"live_tracking_active":false,"live_tracking_enabled":true,"cheering_enabled":true,"indoor":false,"id":"182be876-f399-4d32-8c7d-248baa6582fe","weather_condition_id":"1","subjective_feeling_id":"1","sport_type_id":"1","user_equipment_ids":["60fed1a515961cf5549088b5"]}