{"start_time":1605245803000,"end_time":1605248123000,"created_at":1605245804000,"updated_at":1641292607000,"start_time_timezone_offset":7200000,"end_time_timezone_offset":7200000,"distance":3349,"duration":2319976,"elevation_gain":18,"elevation_loss":6,"average_speed":5.197158336639404,"calories":215,"longitude":"27.469478607177734","latitude":"-11.648276329040527","max_speed":11.67440414428711,"pause_duration":24,"duration_per_km":692737,"temperature":19.0,"max_step_frequency":121,"avg_step_frequency":106,"total_steps":3923,"manual":false,"edited":false,"completed":true,"live_tracking_active":false,"live_tracking_enabled":true,"cheering_enabled":true,"indoor":false,"id":"1a96d6dd-99aa-4b80-a4ed-c23589b9ea4a","weather_condition_id":"2","subjective_feeling_id":"1","sport_type_id":"1"}