{"start_time":1648567388000,"end_time":1648571528000,"created_at":1648827129000,"updated_at":1648827129000,"start_time_timezone_offset":7200000,"end_time_timezone_offset":7200000,"distance":5203,"duration":4140000,"elevation_gain":769,"elevation_loss":46,"average_speed":4.524283409118652,"calories":396,"longitude":"27.478227615356445","latitude":-11.61499309539795,"max_speed":"7.0265727043151855","pause_duration":0,"duration_per_km":795695,"max_step_frequency":117,"avg_step_frequency":97,"total_steps":6493,"manual":false,"edited":false,"completed":true,"live_tracking_active":false,"live_tracking_enabled":false,"cheering_enabled":false,"indoor":false,"id":"1cec9d6b-f3c9-4df1-b95d-5dbfe1d05fd6","subjective_feeling_id":"1","sport_type_id":"1","user_equipment_ids":["60fed1a515961cf5549088b5"]}