{"start_time":1633448413000,"end_time":1633449535000,"created_at":1633448414000,"updated_at":1641292607000,"start_time_timezone_offset":7200000,"end_time_timezone_offset":7200000,"distance":3312,"duration":1043512,"elevation_gain":28,"elevation_loss":34,"average_speed":"11.426811218261719","calories":196,"longitude":"27.468502044677734","latitude":"-11.647090911865234","max_speed":"14.288604736328125","pause_duration":78488,"duration_per_km":315070,"temperature":27.0,"max_step_frequency":168,"avg_step_frequency":162,"total_steps":2819,"manual":false,"edited":false,"completed":true,"live_tracking_active":false,"live_tracking_enabled":true,"cheering_enabled":true,"indoor":false,"id":"1f5c0cfe-42e1-4f9f-81ca-8236f1adbcf4","weather_condition_id":"2","subjective_feeling_id":"3","sport_type_id":"1","user_equipment_ids":["60fed1a515961cf5549088b5"]}