{"start_time":1654616439000,"end_time":1654620108000,"created_at":1654706178000,"updated_at":1654706178000,"start_time_timezone_offset":7200000,"end_time_timezone_offset":7200000,"distance":10023,"duration":3669000,"elevation_gain":276,"elevation_loss":698,"average_speed":9.834148406982422,"calories":598,"longitude":27.4686222076416,"latitude":-11.64702320098877,"max_speed":"14.258026123046875","pause_duration":0,"duration_per_km":366058,"max_step_frequency":174,"avg_step_frequency":160,"total_steps":9845,"manual":false,"edited":false,"completed":true,"live_tracking_active":false,"live_tracking_enabled":false,"cheering_enabled":false,"indoor":false,"id":"24331813-beab-4669-bcd2-3967317984f1","subjective_feeling_id":"1","sport_type_id":"1","user_equipment_ids":["60fed1a515961cf5549088b5"]}