{"start_time":1633879596000,"end_time":1633881224000,"created_at":1633879597000,"updated_at":1641292607000,"start_time_timezone_offset":7200000,"end_time_timezone_offset":7200000,"distance":5016,"duration":1627996,"elevation_gain":45,"elevation_loss":44,"average_speed":"11.092480659484863","calories":306,"longitude":"27.468608856201172","latitude":"-11.647018432617188","max_speed":"14.438133239746094","pause_duration":4,"duration_per_km":324561,"temperature":33.0,"max_step_frequency":166,"avg_step_frequency":159,"total_steps":4322,"manual":false,"edited":false,"completed":true,"live_tracking_active":false,"live_tracking_enabled":true,"cheering_enabled":true,"indoor":false,"id":"246185ce-c54d-4932-8605-38e652c8b75f","weather_condition_id":"1","subjective_feeling_id":"1","sport_type_id":"1","user_equipment_ids":["60fed1a515961cf5549088b5"]}