{"start_time":1631550628000,"end_time":1631552517000,"created_at":1631550644000,"updated_at":1641292607000,"start_time_timezone_offset":7200000,"end_time_timezone_offset":7200000,"distance":3445,"duration":1889000,"elevation_gain":0,"elevation_loss":20,"average_speed":6.565593242645264,"calories":211,"longitude":"27.484285354614258","latitude":"-11.653728485107422","max_speed":"14.244929313659668","pause_duration":0,"duration_per_km":548331,"temperature":27.0,"max_step_frequency":180,"avg_step_frequency":113,"total_steps":3541,"manual":false,"edited":false,"completed":true,"live_tracking_active":false,"live_tracking_enabled":true,"cheering_enabled":true,"indoor":false,"id":"24924ff8-452d-495f-a4eb-a5f28a5249b2","weather_condition_id":"2","subjective_feeling_id":"1","sport_type_id":"1","user_equipment_ids":["60fed1a515961cf5549088b5"]}