{"start_time":1652974033000,"end_time":1652977062000,"created_at":1652974034000,"updated_at":1652978069000,"start_time_timezone_offset":7200000,"end_time_timezone_offset":7200000,"distance":8220,"duration":3029000,"elevation_gain":242,"elevation_loss":663,"average_speed":9.769560813903809,"calories":477,"longitude":27.46936798095703,"latitude":"-11.646968841552734","max_speed":13.06946849822998,"pause_duration":950972,"duration_per_km":368491,"temperature":22.0,"max_step_frequency":168,"avg_step_frequency":141,"total_steps":6856,"manual":false,"edited":false,"completed":true,"live_tracking_active":false,"live_tracking_enabled":true,"cheering_enabled":true,"indoor":false,"id":"24b6a7fa-6f0e-4e3a-84aa-22f31c1cd39c","weather_condition_id":"1","subjective_feeling_id":"1","sport_type_id":"1","user_equipment_ids":["60fed1a515961cf5549088b5"]}