{
  "start_time": 1657465720000,
  "end_time": 1657470913000,
  "created_at": 1657465721000,
  "updated_at": 1657470978000,
  "start_time_timezone_offset": 7200000,
  "end_time_timezone_offset": 7200000,
  "distance": 15017,
  "duration": 5192058,
  "elevation_gain": 132,
  "elevation_loss": 139,
  "average_speed": 10.412,
  "calories": 888,
  "longitude": 27.468554,
  "latitude": -11.647014,
  "max_speed": 13.721652,
  "pause_duration": 0,
  "duration_per_km": 345745,
  "temperature": 24.0,
  "pulse_avg": 0,
  "pulse_max": 0,
  "manual": false,
  "edited": false,
  "completed": true,
  "live_tracking_active": false,
  "live_tracking_enabled": true,
  "cheering_enabled": true,
  "indoor": false,
  "story_run_key": "story_run_inspiration_2",
  "id": "24eb5542-bdd2-4ea2-aba5-c230c54c12f1",
  "weather_condition_id": "1",
  "surface_id": "1",
  "subjective_feeling_id": "1",
  "sport_type_id": "1",
  "user_equipment_ids": [
    "60fed1a515961cf5549088b5"
  ]
}