{"start_time":1653534892000,"end_time":1653536509000,"created_at":1653534893000,"updated_at":1654100480000,"start_time_timezone_offset":7200000,"end_time_timezone_offset":7200000,"distance":5018,"duration":1617000,"elevation_gain":46,"elevation_loss":45,"average_speed":"11.171798706054688","calories":302,"longitude":"27.468549728393555","latitude":-11.64673900604248,"max_speed":"19.610801696777344","pause_duration":0,"duration_per_km":322240,"temperature":11.0,"max_step_frequency":181,"avg_step_frequency":166,"total_steps":4497,"manual":false,"edited":false,"completed":true,"live_tracking_active":false,"live_tracking_enabled":true,"cheering_enabled":true,"indoor":false,"id":"32532424-55b9-4152-9b84-9401ff21fb89","weather_condition_id":"5","subjective_feeling_id":"1","sport_type_id":"1","user_equipment_ids":["60fed1a515961cf5549088b5"]}