{"start_time":1641225400000,"end_time":1641227832000,"created_at":1641225401000,"updated_at":1641292607000,"start_time_timezone_offset":7200000,"end_time_timezone_offset":7200000,"distance":5450,"duration":2187309,"elevation_gain":53,"elevation_loss":44,"average_speed":8.969483375549316,"calories":343,"longitude":"27.468700408935547","latitude":"-11.646982192993164","max_speed":"14.245085716247559","pause_duration":244691,"duration_per_km":401341,"temperature":23.0,"max_step_frequency":173,"avg_step_frequency":143,"total_steps":5109,"manual":false,"edited":false,"completed":true,"live_tracking_active":false,"live_tracking_enabled":true,"cheering_enabled":true,"indoor":false,"id":"32ad208f-d765-4ffc-b19f-d69bd2db894a","weather_condition_id":"2","subjective_feeling_id":"1","sport_type_id":"1","user_equipment_ids":["60fed1a515961cf5549088b5"]}