{"start_time":1656344220000,"end_time":1656349415000,"created_at":1656344295000,"updated_at":1656350784000,"start_time_timezone_offset":7200000,"end_time_timezone_offset":7200000,"distance":15020,"duration":5195000,"elevation_gain":133,"elevation_loss":138,"average_speed":10.408,"calories":975,"longitude":27.46864,"latitude":-11.64699,"max_speed":36.270878,"pause_duration":0,"duration_per_km":345872,"temperature":21.0,"pulse_avg":0,"pulse_max":0,"manual":false,"edited":false,"completed":true,"live_tracking_active":false,"live_tracking_enabled":true,"cheering_enabled":true,"indoor":false,"id":"36036605-d489-4fe3-ab1c-e6b190c98d23","weather_condition_id":"5","surface_id":"1","subjective_feeling_id":"1","sport_type_id":"1","user_equipment_ids":["60fed1a515961cf5549088b5"]}