{"start_time":1655914604000,"end_time":1655916177000,"created_at":1655914605000,"updated_at":1655916284000,"start_time_timezone_offset":7200000,"end_time_timezone_offset":7200000,"distance":5024,"duration":1571556,"elevation_gain":45,"elevation_loss":44,"average_speed":11.513,"calories":300,"longitude":27.468636,"latitude":-11.647017,"max_speed":16.05229,"pause_duration":0,"duration_per_km":312810,"temperature":21.0,"pulse_avg":0,"pulse_max":0,"manual":false,"edited":false,"completed":true,"live_tracking_active":false,"live_tracking_enabled":true,"cheering_enabled":true,"indoor":false,"id":"3a5dfa8c-6500-4db9-bce4-01cff515f97f","weather_condition_id":"5","surface_id":"1","subjective_feeling_id":"1","sport_type_id":"1","user_equipment_ids":["60fed1a515961cf5549088b5"]}