{"start_time":1654485604000,"end_time":1654487265000,"created_at":1654485605000,"updated_at":1654487301000,"start_time_timezone_offset":7200000,"end_time_timezone_offset":7200000,"distance":5024,"duration":1660601,"elevation_gain":45,"elevation_loss":44,"average_speed":10.895,"calories":307,"longitude":27.468576,"latitude":-11.647012,"max_speed":18.858414,"pause_duration":0,"duration_per_km":330534,"temperature":11.0,"pulse_avg":0,"pulse_max":0,"manual":false,"edited":false,"completed":true,"live_tracking_active":false,"live_tracking_enabled":true,"cheering_enabled":true,"indoor":false,"id":"3e5f3d93-190f-4b5f-a00b-7ae994385459","weather_condition_id":"5","subjective_feeling_id":"1","sport_type_id":"1","user_equipment_ids":["60fed1a515961cf5549088b5"]}