{"start_time":1649821529000,"end_time":1649827722000,"created_at":1649821531000,"updated_at":1649827733000,"start_time_timezone_offset":7200000,"end_time_timezone_offset":7200000,"distance":11201,"duration":5270801,"elevation_gain":1015,"elevation_loss":320,"average_speed":7.650523662567139,"calories":732,"longitude":27.46868896484375,"latitude":"-11.647040367126465","max_speed":"13.371953964233398","pause_duration":922199,"duration_per_km":470565,"temperature":18.0,"max_step_frequency":275,"avg_step_frequency":139,"total_steps":12190,"manual":false,"edited":false,"completed":true,"live_tracking_active":false,"live_tracking_enabled":true,"cheering_enabled":true,"indoor":false,"id":"3eb02435-0190-424b-bad8-9fcd7c7fbe8d","weather_condition_id":"1","sport_type_id":"1","user_equipment_ids":["60fed1a515961cf5549088b5"]}