{"start_time":1633534906000,"end_time":1633536590000,"created_at":1633534908000,"updated_at":1641292607000,"start_time_timezone_offset":7200000,"end_time_timezone_offset":7200000,"distance":5031,"duration":1683998,"elevation_gain":45,"elevation_loss":44,"average_speed":10.75477123260498,"calories":309,"longitude":27.4686222076416,"latitude":"-11.647037506103516","max_speed":"14.361845970153809","pause_duration":2,"duration_per_km":334724,"temperature":29.0,"max_step_frequency":171,"avg_step_frequency":160,"total_steps":4508,"manual":false,"edited":false,"completed":true,"live_tracking_active":false,"live_tracking_enabled":true,"cheering_enabled":true,"indoor":false,"id":"3f36ffbb-f9d8-462d-a6b4-79844c9a7846","weather_condition_id":"2","subjective_feeling_id":"1","sport_type_id":"1","user_equipment_ids":["60fed1a515961cf5549088b5"]}