{"start_time":1654356040000,"end_time":1654357645000,"created_at":1654356041000,"updated_at":1654357746000,"start_time_timezone_offset":7200000,"end_time_timezone_offset":7200000,"distance":5032,"duration":1605000,"elevation_gain":45,"elevation_loss":44,"average_speed":"11.286727905273438","calories":305,"longitude":27.46855926513672,"latitude":"-11.647055625915527","max_speed":"16.175952911376953","pause_duration":0,"duration_per_km":318959,"temperature":22.0,"max_step_frequency":180,"avg_step_frequency":168,"total_steps":4522,"manual":false,"edited":false,"completed":true,"live_tracking_active":false,"live_tracking_enabled":true,"cheering_enabled":true,"indoor":false,"id":"41bdc27f-c9bf-4e5b-a8cd-5f6159b4e196","weather_condition_id":"1","subjective_feeling_id":"1","sport_type_id":"1","user_equipment_ids":["60fed1a515961cf5549088b5"]}