{"start_time":1654010626000,"end_time":1654014615000,"created_at":1654015261000,"updated_at":1654100480000,"start_time_timezone_offset":7200000,"end_time_timezone_offset":7200000,"distance":10011,"duration":3989000,"elevation_gain":538,"elevation_loss":741,"average_speed":9.034476280212402,"calories":617,"longitude":27.46861457824707,"latitude":"-11.647004127502441","max_speed":"14.665431022644043","pause_duration":0,"duration_per_km":398462,"max_step_frequency":171,"avg_step_frequency":154,"total_steps":10277,"manual":false,"edited":false,"completed":true,"live_tracking_active":false,"live_tracking_enabled":false,"cheering_enabled":false,"indoor":false,"id":"4274e574-286f-4521-8c2e-0557fe31ba44","subjective_feeling_id":"1","sport_type_id":"1","user_equipment_ids":["60fed1a515961cf5549088b5"]}