{"start_time":1602502924000,"end_time":1602504478000,"created_at":1602502925000,"updated_at":1641292607000,"start_time_timezone_offset":7200000,"end_time_timezone_offset":7200000,"distance":2120,"duration":1553980,"elevation_gain":5,"elevation_loss":0,"average_speed":4.91014289855957,"calories":134,"longitude":"27.473421096801758","latitude":"-11.652952194213867","max_speed":7.382152557373047,"pause_duration":20,"duration_per_km":733009,"temperature":27.0,"max_step_frequency":117,"avg_step_frequency":103,"total_steps":2582,"manual":false,"edited":false,"completed":true,"live_tracking_active":false,"live_tracking_enabled":true,"cheering_enabled":true,"indoor":false,"id":"44159ce5-dec8-4cef-8e7c-a961f14cb691","weather_condition_id":"2","sport_type_id":"1"}