{"start_time":1638720991000,"end_time":1638726069000,"created_at":1638720992000,"updated_at":1650878348000,"start_time_timezone_offset":0,"end_time_timezone_offset":7200000,"distance":5014,"duration":5078000,"elevation_gain":20,"elevation_loss":21,"average_speed":"3.5544278621673584","calories":398,"longitude":"27.467504501342773","latitude":-11.64760684967041,"max_speed":7.012458801269531,"pause_duration":1545,"duration_per_km":1012764,"temperature":27.0,"pulse_avg":0,"pulse_max":0,"completed":true,"live_tracking_active":false,"live_tracking_enabled":true,"cheering_enabled":true,"id":"4896ad77-af8b-4bdf-be0c-f2d778097668","weather_condition_id":"2","sport_type_id":"1"}