{"start_time":1643383499000,"end_time":1643387713000,"created_at":1643383500000,"updated_at":1643387737000,"start_time_timezone_offset":7200000,"end_time_timezone_offset":7200000,"distance":4167,"duration":4214000,"elevation_gain":24,"elevation_loss":23,"average_speed":3.560007095336914,"calories":325,"longitude":"27.468608856201172","latitude":"-11.646937370300293","max_speed":"14.484613418579102","pause_duration":0,"duration_per_km":1011279,"temperature":22.0,"notes":"Walking ","max_step_frequency":168,"avg_step_frequency":106,"total_steps":4287,"manual":false,"edited":false,"completed":true,"live_tracking_active":false,"live_tracking_enabled":true,"cheering_enabled":true,"indoor":false,"id":"530f166c-96cf-4ca5-9136-af07fe71a275","weather_condition_id":"2","subjective_feeling_id":"1","sport_type_id":"1","user_equipment_ids":["60fed1a515961cf5549088b5"]}