{"start_time":1654139536000,"end_time":1654141279000,"created_at":1654356004000,"updated_at":1654356005000,"start_time_timezone_offset":7200000,"end_time_timezone_offset":7200000,"distance":5092,"duration":1729259,"elevation_gain":29,"elevation_loss":18,"average_speed":"10.601120948791504","calories":326,"longitude":27.46868896484375,"latitude":"-11.646915435791016","max_speed":"14.119291305541992","pause_duration":13741,"duration_per_km":339603,"temperature":22.0,"max_step_frequency":174,"avg_step_frequency":163,"total_steps":4688,"manual":false,"edited":false,"completed":true,"live_tracking_active":false,"live_tracking_enabled":false,"cheering_enabled":false,"indoor":false,"id":"55d8105a-e942-4582-b405-5d5afbbd4216","weather_condition_id":"5","subjective_feeling_id":"1","sport_type_id":"1","user_equipment_ids":["60fed1a515961cf5549088b5"]}