{
  "start_time": 1476895857000,
  "end_time": 1476896035000,
  "created_at": 1476896059000,
  "updated_at": 1642128629000,
  "start_time_timezone_offset": 0,
  "end_time_timezone_offset": 0,
  "distance": 334,
  "duration": 156023,
  "elevation_gain": 0,
  "elevation_loss": 0,
  "average_speed": 7.708,
  "calories": 17,
  "pause_duration": 21212,
  "duration_per_km": 467135,
  "pulse_avg": 0,
  "pulse_max": 0,
  "max_step_frequency": 174,
  "avg_step_frequency": 143,
  "total_steps": 373,
  "manual": false,
  "edited": false,
  "completed": true,
  "live_tracking_active": false,
  "live_tracking_enabled": false,
  "cheering_enabled": false,
  "indoor": false,
  "id": "5807a53b7acb156c50babfc0",
  "sport_type_id": "19"
}