{"start_time":1653448327000,"end_time":1653449997000,"created_at":1653448328000,"updated_at":1654100480000,"start_time_timezone_offset":7200000,"end_time_timezone_offset":7200000,"distance":5027,"duration":1669985,"elevation_gain":46,"elevation_loss":44,"average_speed":"10.836767196655273","calories":305,"longitude":"27.468873977661133","latitude":"-11.646723747253418","max_speed":"21.705503463745117","pause_duration":15,"duration_per_km":332203,"temperature":12.0,"max_step_frequency":174,"avg_step_frequency":163,"total_steps":4579,"manual":false,"edited":false,"completed":true,"live_tracking_active":false,"live_tracking_enabled":true,"cheering_enabled":true,"indoor":false,"id":"590fec0e-1132-4459-9ba0-e2a856c284fb","weather_condition_id":"5","subjective_feeling_id":"1","sport_type_id":"1","user_equipment_ids":["60fed1a515961cf5549088b5"]}