{"start_time":1655308538000,"end_time":1655310117000,"created_at":1655308539000,"updated_at":1655310174000,"start_time_timezone_offset":7200000,"end_time_timezone_offset":7200000,"distance":5002,"duration":1577655,"elevation_gain":45,"elevation_loss":49,"average_speed":11.419,"calories":301,"longitude":27.468664,"latitude":-11.647035,"max_speed":15.307131,"pause_duration":0,"duration_per_km":315405,"temperature":24.0,"pulse_avg":0,"pulse_max":0,"manual":false,"edited":false,"completed":true,"live_tracking_active":false,"live_tracking_enabled":true,"cheering_enabled":true,"indoor":false,"id":"5bb23513-db7c-4791-8ed3-6784541105b4","weather_condition_id":"1","surface_id":"1","subjective_feeling_id":"1","sport_type_id":"1","user_equipment_ids":["60fed1a515961cf5549088b5"]}