{"start_time":1602865654000,"end_time":1602865953000,"created_at":1602865656000,"updated_at":1641292607000,"start_time_timezone_offset":7200000,"end_time_timezone_offset":7200000,"distance":854,"duration":298999,"elevation_gain":7,"elevation_loss":0,"average_speed":"10.287490844726562","calories":48,"longitude":"27.465167999267578","latitude":"-11.651719093322754","max_speed":"13.579568862915039","pause_duration":1,"duration_per_km":350116,"temperature":27.0,"max_step_frequency":186,"avg_step_frequency":155,"total_steps":664,"manual":false,"edited":false,"completed":true,"live_tracking_active":false,"live_tracking_enabled":true,"cheering_enabled":true,"indoor":false,"id":"5c5b2333-8073-4739-ae17-1f97c0422877","weather_condition_id":"1","subjective_feeling_id":"5","sport_type_id":"1"}