{"start_time":1628434938000,"end_time":1628435762000,"created_at":1628528650000,"updated_at":1641292607000,"start_time_timezone_offset":7200000,"end_time_timezone_offset":7200000,"distance":2667,"duration":824000,"elevation_gain":26,"elevation_loss":26,"average_speed":"11.653417587280273","calories":142,"longitude":"27.468435287475586","latitude":-11.6470947265625,"max_speed":"14.372859954833984","pause_duration":0,"duration_per_km":308961,"max_step_frequency":171,"avg_step_frequency":159,"total_steps":2200,"manual":false,"edited":false,"completed":true,"live_tracking_active":false,"live_tracking_enabled":false,"cheering_enabled":false,"indoor":false,"id":"5d7a8190-4a6c-4edc-b78d-f72b4cda27e2","subjective_feeling_id":"1","sport_type_id":"1","user_equipment_ids":["60fed1a515961cf5549088b5"]}