{"start_time":1656083422000,"end_time":1656086621000,"created_at":1656083423000,"updated_at":1656087460000,"start_time_timezone_offset":7200000,"end_time_timezone_offset":7200000,"distance":10021,"duration":3197651,"elevation_gain":85,"elevation_loss":87,"average_speed":11.284,"calories":582,"longitude":27.468666,"latitude":-11.646954,"max_speed":15.600879,"pause_duration":0,"duration_per_km":319095,"temperature":24.0,"pulse_avg":0,"pulse_max":0,"manual":false,"edited":false,"completed":true,"live_tracking_active":false,"live_tracking_enabled":true,"cheering_enabled":true,"indoor":false,"id":"5dffe4c6-ffed-4317-bb67-a7d9f6b999e3","weather_condition_id":"1","surface_id":"1","subjective_feeling_id":"1","sport_type_id":"1","user_equipment_ids":["60fed1a515961cf5549088b5"]}