{"start_time":1632586771000,"end_time":1632588295000,"created_at":1632586772000,"updated_at":1641292607000,"start_time_timezone_offset":7200000,"end_time_timezone_offset":7200000,"distance":4518,"duration":1524000,"elevation_gain":44,"elevation_loss":44,"average_speed":"10.672101020812988","calories":274,"longitude":27.46856689453125,"latitude":"-11.647032737731934","max_speed":"14.413142204284668","pause_duration":0,"duration_per_km":337317,"temperature":28.0,"max_step_frequency":168,"avg_step_frequency":161,"total_steps":4114,"manual":false,"edited":false,"completed":true,"live_tracking_active":false,"live_tracking_enabled":true,"cheering_enabled":true,"indoor":false,"id":"5ea7fd45-48ff-4c14-bdb9-e8a379ca795d","weather_condition_id":"2","subjective_feeling_id":"1","sport_type_id":"1","user_equipment_ids":["60fed1a515961cf5549088b5"]}