{"start_time":1564758910000,"end_time":1564759164000,"created_at":1564758912000,"updated_at":1641292607000,"start_time_timezone_offset":7200000,"end_time_timezone_offset":7200000,"distance":879,"duration":253785,"elevation_gain":0,"elevation_loss":0,"average_speed":12.508,"calories":46,"longitude":27.477755,"latitude":-11.65863,"max_speed":14.68618,"pause_duration":0,"duration_per_km":288720,"temperature":28.0,"notes":"Second run","pulse_avg":0,"pulse_max":0,"avg_cadence":0,"max_cadence":0,"manual":false,"edited":false,"completed":true,"live_tracking_active":false,"live_tracking_enabled":true,"cheering_enabled":true,"indoor":false,"id":"60c454d3-afcc-4c94-a225-b70f053d2918","weather_condition_id":"2","surface_id":"4","subjective_feeling_id":"1","sport_type_id":"1"}