{"start_time":1655827800000,"end_time":1655829389000,"created_at":1655827825000,"updated_at":1655830790000,"start_time_timezone_offset":7200000,"end_time_timezone_offset":7200000,"distance":5020,"duration":1589000,"elevation_gain":46,"elevation_loss":45,"average_speed":11.373,"calories":324,"longitude":27.468605,"latitude":-11.647045,"max_speed":36.608974,"pause_duration":0,"duration_per_km":316534,"temperature":21.0,"pulse_avg":0,"pulse_max":0,"manual":false,"edited":false,"completed":true,"live_tracking_active":false,"live_tracking_enabled":true,"cheering_enabled":true,"indoor":false,"id":"61324932-7d55-4a6f-a92d-452689d48a80","weather_condition_id":"5","subjective_feeling_id":"1","sport_type_id":"1","user_equipment_ids":["60fed1a515961cf5549088b5"]}