{"start_time":1564756247000,"end_time":1564758185000,"created_at":1564756340000,"updated_at":1641292607000,"start_time_timezone_offset":7200000,"end_time_timezone_offset":7200000,"distance":1694,"duration":535604,"elevation_gain":19,"elevation_loss":0,"average_speed":11.399,"calories":95,"longitude":27.467215,"latitude":-11.647917,"max_speed":14.68618,"pause_duration":1401328,"duration_per_km":316177,"temperature":28.0,"notes":"First run\n","pulse_avg":0,"pulse_max":0,"avg_cadence":0,"max_cadence":0,"manual":false,"edited":false,"completed":true,"live_tracking_active":false,"live_tracking_enabled":true,"cheering_enabled":true,"indoor":false,"id":"6215ebbb-5952-4747-9968-84e9e09d81e2","weather_condition_id":"2","surface_id":"4","subjective_feeling_id":"1","sport_type_id":"1"}