{"start_time":1647101418000,"end_time":1647103158000,"created_at":1647101419000,"updated_at":1647103209000,"start_time_timezone_offset":7200000,"end_time_timezone_offset":7200000,"distance":3889,"duration":1648444,"elevation_gain":41,"elevation_loss":21,"average_speed":8.493241310119629,"calories":248,"longitude":27.46353530883789,"latitude":"-11.658652305603027","max_speed":"13.279414176940918","pause_duration":91556,"duration_per_km":423873,"temperature":22.0,"max_step_frequency":171,"avg_step_frequency":148,"total_steps":4495,"manual":false,"edited":false,"completed":true,"live_tracking_active":false,"live_tracking_enabled":true,"cheering_enabled":true,"indoor":false,"id":"62f5b962-bb13-477c-b688-6bcd4f2d2332","weather_condition_id":"2","subjective_feeling_id":"1","sport_type_id":"1","user_equipment_ids":["60fed1a515961cf5549088b5"]}