{"start_time":1626019451000,"end_time":1626021463000,"created_at":1626019452000,"updated_at":1641292607000,"start_time_timezone_offset":7200000,"end_time_timezone_offset":7200000,"distance":1805,"duration":560885,"elevation_gain":8,"elevation_loss":10,"average_speed":"11.582657814025879","calories":96,"longitude":"27.468599319458008","latitude":"-11.647007942199707","max_speed":17.28202247619629,"pause_duration":1451115,"duration_per_km":310740,"temperature":21.0,"max_step_frequency":180,"avg_step_frequency":167,"total_steps":1523,"manual":false,"edited":false,"completed":true,"live_tracking_active":false,"live_tracking_enabled":true,"cheering_enabled":true,"indoor":false,"id":"6bbe6463-0019-4542-a109-18acdb5e7a8c","weather_condition_id":"2","subjective_feeling_id":"1","sport_type_id":"1"}