{"start_time":1626277366000,"end_time":1626280512000,"created_at":1626277367000,"updated_at":1641292607000,"start_time_timezone_offset":7200000,"end_time_timezone_offset":7200000,"distance":1787,"duration":555742,"elevation_gain":9,"elevation_loss":11,"average_speed":"11.572672843933105","calories":94,"longitude":"27.468612670898438","latitude":"-11.647043228149414","max_speed":"14.015746116638184","pause_duration":2590258,"duration_per_km":310992,"temperature":24.0,"max_step_frequency":185,"avg_step_frequency":166,"total_steps":1465,"manual":false,"edited":false,"completed":true,"live_tracking_active":false,"live_tracking_enabled":true,"cheering_enabled":true,"indoor":false,"id":"6c9ea8be-4519-4aec-9742-0f3dd5e0f23b","weather_condition_id":"1","sport_type_id":"1"}