{"start_time":1641284097000,"end_time":1641720562000,"created_at":1641284098000,"updated_at":1641720569000,"start_time_timezone_offset":0,"end_time_timezone_offset":7200000,"distance":2452,"duration":2111672,"elevation_gain":19,"elevation_loss":0,"average_speed":4.18019437789917,"calories":189,"longitude":27.46942138671875,"latitude":"-11.648356437683105","max_speed":7.657374382019043,"pause_duration":547,"duration_per_km":861204,"pulse_avg":0,"pulse_max":0,"completed":true,"live_tracking_active":false,"live_tracking_enabled":true,"cheering_enabled":true,"id":"6f29d280-16b6-4762-af3f-c408288fc81a","subjective_feeling_id":"2","sport_type_id":"1","user_equipment_ids":["60fed1a515961cf5549088b5"]}