{"start_time":1649261133000,"end_time":1649262623000,"created_at":1649261134000,"updated_at":1649266326000,"start_time_timezone_offset":7200000,"end_time_timezone_offset":7200000,"distance":2619,"duration":1221425,"elevation_gain":21,"elevation_loss":18,"average_speed":7.719180583953857,"calories":169,"longitude":"27.468698501586914","latitude":"-11.647066116333008","max_speed":"13.187141418457031","pause_duration":268575,"duration_per_km":466371,"temperature":23.0,"notes":"I didn’t finish my run because it was raining 🥹","max_step_frequency":176,"avg_step_frequency":148,"total_steps":2583,"manual":false,"edited":false,"completed":true,"live_tracking_active":false,"live_tracking_enabled":true,"cheering_enabled":true,"indoor":false,"id":"70720210-97e4-4615-baa3-3bd07e901cd6","weather_condition_id":"2","surface_id":"1","subjective_feeling_id":"3","sport_type_id":"1","user_equipment_ids":["60fed1a515961cf5549088b5"]}