{"start_time":1643555393000,"end_time":1643559848000,"created_at":1643555394000,"updated_at":1643559870000,"start_time_timezone_offset":7200000,"end_time_timezone_offset":7200000,"distance":10421,"duration":4228766,"elevation_gain":94,"elevation_loss":95,"average_speed":8.87186050415039,"calories":654,"longitude":"27.468685150146484","latitude":"-11.646913528442383","max_speed":"14.818378448486328","pause_duration":226234,"duration_per_km":405793,"temperature":22.0,"max_step_frequency":171,"avg_step_frequency":145,"total_steps":10221,"manual":false,"edited":false,"completed":true,"live_tracking_active":false,"live_tracking_enabled":true,"cheering_enabled":true,"indoor":false,"id":"7187999f-f2c2-4e05-8c37-b3fd41cb3128","weather_condition_id":"2","subjective_feeling_id":"1","sport_type_id":"1","user_equipment_ids":["60fed1a515961cf5549088b5"]}