{"start_time":1653275798000,"end_time":1653277734000,"created_at":1653275798000,"updated_at":1654100479000,"start_time_timezone_offset":7200000,"end_time_timezone_offset":7200000,"distance":5017,"duration":1935998,"elevation_gain":46,"elevation_loss":44,"average_speed":9.329191207885742,"calories":312,"longitude":"27.468507766723633","latitude":"-11.646824836730957","max_speed":"14.362160682678223","pause_duration":2,"duration_per_km":385888,"temperature":17.0,"max_step_frequency":171,"avg_step_frequency":151,"total_steps":4856,"manual":false,"edited":false,"completed":true,"live_tracking_active":false,"live_tracking_enabled":true,"cheering_enabled":true,"indoor":false,"id":"733e1505-30be-4af3-a639-aa69718e76f7","weather_condition_id":"5","subjective_feeling_id":"1","sport_type_id":"1","user_equipment_ids":["60fed1a515961cf5549088b5"]}