{"start_time":1640881269000,"end_time":1640883980000,"created_at":1640881274000,"updated_at":1641292607000,"start_time_timezone_offset":7200000,"end_time_timezone_offset":7200000,"distance":5876,"duration":2591359,"elevation_gain":54,"elevation_loss":44,"average_speed":8.163320541381836,"calories":375,"longitude":"27.468700408935547","latitude":"-11.647049903869629","max_speed":"14.314738273620605","pause_duration":119641,"duration_per_km":441007,"temperature":27.0,"max_step_frequency":171,"avg_step_frequency":135,"total_steps":5810,"manual":false,"edited":false,"completed":true,"live_tracking_active":false,"live_tracking_enabled":true,"cheering_enabled":true,"indoor":false,"id":"7345262a-a0d3-4a71-be79-bc295eb2dbac","weather_condition_id":"2","subjective_feeling_id":"1","sport_type_id":"1","user_equipment_ids":["60fed1a515961cf5549088b5"]}