{"start_time":1656173246000,"end_time":1656174847000,"created_at":1656173247000,"updated_at":1656174933000,"start_time_timezone_offset":7200000,"end_time_timezone_offset":7200000,"distance":5016,"duration":1600308,"elevation_gain":45,"elevation_loss":44,"average_speed":11.286,"calories":299,"longitude":27.468575,"latitude":-11.647047,"max_speed":15.767289,"pause_duration":0,"duration_per_km":319041,"temperature":21.0,"pulse_avg":0,"pulse_max":0,"manual":false,"edited":false,"completed":true,"live_tracking_active":false,"live_tracking_enabled":true,"cheering_enabled":true,"indoor":false,"id":"77d1476a-b84f-4803-8c2e-3fa4e439c0c9","weather_condition_id":"2","surface_id":"1","subjective_feeling_id":"1","sport_type_id":"1","user_equipment_ids":["60fed1a515961cf5549088b5"]}