{"start_time":1655133207000,"end_time":1655135409000,"created_at":1655133208000,"updated_at":1655137023000,"start_time_timezone_offset":7200000,"end_time_timezone_offset":7200000,"distance":5015,"duration":1704665,"elevation_gain":45,"elevation_loss":44,"average_speed":"10.590936660766602","calories":307,"longitude":27.468725,"latitude":-11.647015,"max_speed":15.056757,"pause_duration":496911,"duration_per_km":339913,"temperature":24.0,"pulse_avg":0,"pulse_max":0,"manual":false,"edited":false,"completed":true,"live_tracking_active":false,"live_tracking_enabled":true,"cheering_enabled":true,"indoor":false,"id":"7f959ee3-f8ee-4329-abab-391698c48230","weather_condition_id":"1","subjective_feeling_id":"1","sport_type_id":"1"}