{"start_time":1637120606000,"end_time":1637121928000,"created_at":1637120607000,"updated_at":1650877689000,"start_time_timezone_offset":0,"end_time_timezone_offset":7200000,"distance":1905,"duration":894135,"elevation_gain":8,"elevation_loss":10,"average_speed":7.669819355010986,"calories":120,"longitude":"27.468549728393555","latitude":"-11.647041320800781","max_speed":"17.277772903442383","pause_duration":428460,"duration_per_km":469362,"temperature":18.0,"pulse_avg":0,"pulse_max":0,"completed":true,"live_tracking_active":false,"live_tracking_enabled":true,"cheering_enabled":true,"id":"81620403-e556-4da7-9386-ed9170bb3c10","weather_condition_id":"2","sport_type_id":"1"}