{"start_time":1602513782000,"end_time":1602515702000,"created_at":1602513782000,"updated_at":1641292607000,"start_time_timezone_offset":7200000,"end_time_timezone_offset":7200000,"distance":3469,"duration":1318806,"elevation_gain":749,"elevation_loss":378,"average_speed":9.469198226928711,"calories":164,"longitude":"27.484033584594727","latitude":"-11.664908409118652","max_speed":48.95399856567383,"pause_duration":601194,"duration_per_km":380169,"temperature":26.0,"max_step_frequency":117,"avg_step_frequency":91,"total_steps":638,"manual":false,"edited":false,"completed":true,"live_tracking_active":false,"live_tracking_enabled":true,"cheering_enabled":true,"indoor":false,"id":"81db2724-81cc-43f8-9cee-0c62ff11d835","weather_condition_id":"2","sport_type_id":"1"}