{"start_time":1625329084000,"end_time":1625329996000,"created_at":1625329085000,"updated_at":1641292607000,"start_time_timezone_offset":7200000,"end_time_timezone_offset":7200000,"distance":1931,"duration":728123,"elevation_gain":14,"elevation_loss":18,"average_speed":9.549752235412598,"calories":105,"longitude":"27.468374252319336","latitude":-11.64706802368164,"max_speed":16.29161262512207,"pause_duration":183877,"duration_per_km":377070,"temperature":21.0,"max_step_frequency":178,"avg_step_frequency":146,"total_steps":977,"manual":false,"edited":false,"completed":true,"live_tracking_active":false,"live_tracking_enabled":true,"cheering_enabled":true,"indoor":false,"id":"8209fe5d-b57a-4e8c-a620-7d697352e110","weather_condition_id":"2","subjective_feeling_id":"5","sport_type_id":"1"}