{
  "start_time": 1541321155000,
  "end_time": 1541321279000,
  "created_at": 1541321283000,
  "updated_at": 1641292607000,
  "start_time_timezone_offset": 0,
  "end_time_timezone_offset": 0,
  "distance": 0,
  "duration": 124000,
  "average_speed": 0.0,
  "calories": 4,
  "pause_duration": 0,
  "duration_per_km": 0,
  "manual": false,
  "completed": true,
  "fitness": {
    "additional_repetitions_in_last_set": 11,
    "max_repetitions": 13,
    "sets": [
      {
        "duration": 20000,
        "repetitions": 2,
        "repetitions_goal": 2
      },
      {
        "duration": 8000,
        "repetitions": 3,
        "repetitions_goal": 3
      },
      {
        "duration": 9000,
        "repetitions": 4,
        "repetitions_goal": 4
      },
      {
        "duration": 9000,
        "repetitions": 3,
        "repetitions_goal": 3
      },
      {
        "duration": 33000,
        "repetitions": 13,
        "repetitions_goal": 2
      }
    ]
  },
  "training_plan": {
    "Key": "pushup_100",
    "Level": 1,
    "LevelDay": 1,
    "LevelOverallDays": 10
  },
  "id": "8813afcf-a51d-4c31-9904-d0cf9e039008",
  "sport_type_id": "63"
}