{"start_time":1627117859000,"end_time":1627119514000,"created_at":1627117860000,"updated_at":1641292607000,"start_time_timezone_offset":7200000,"end_time_timezone_offset":7200000,"distance":2535,"duration":851940,"elevation_gain":9,"elevation_loss":12,"average_speed":"10.712020874023438","calories":144,"longitude":"27.468570709228516","latitude":"-11.647016525268555","max_speed":"16.453123092651367","pause_duration":803060,"duration_per_km":336071,"temperature":22.0,"max_step_frequency":180,"avg_step_frequency":165,"total_steps":806,"manual":false,"edited":false,"completed":true,"live_tracking_active":false,"live_tracking_enabled":true,"cheering_enabled":true,"indoor":false,"id":"8a83097c-3f95-439d-a5c7-a578e4fc4a10","weather_condition_id":"2","surface_id":"3","subjective_feeling_id":"1","sport_type_id":"1","user_equipment_ids":["60fed1a515961cf5549088b5"]}