{"start_time":1653621065000,"end_time":1653622721000,"created_at":1653754135000,"updated_at":1654100480000,"start_time_timezone_offset":7200000,"end_time_timezone_offset":7200000,"distance":5027,"duration":1656000,"elevation_gain":46,"elevation_loss":44,"average_speed":"10.928112983703613","calories":306,"longitude":"27.468708038330078","latitude":"-11.646916389465332","max_speed":"14.665613174438477","pause_duration":0,"duration_per_km":329421,"temperature":13.0,"max_step_frequency":176,"avg_step_frequency":165,"total_steps":4577,"manual":false,"edited":false,"completed":true,"live_tracking_active":false,"live_tracking_enabled":false,"cheering_enabled":false,"indoor":false,"id":"8b465c80-a62e-4873-98b1-7f01a50ea597","weather_condition_id":"5","subjective_feeling_id":"5","sport_type_id":"1","user_equipment_ids":["60fed1a515961cf5549088b5"]}