{"start_time":1651330260000,"end_time":1651333389000,"created_at":1651330261000,"updated_at":1651335467000,"start_time_timezone_offset":7200000,"end_time_timezone_offset":7200000,"distance":8490,"duration":3129000,"elevation_gain":271,"elevation_loss":547,"average_speed":9.767975807189941,"calories":498,"longitude":27.46864891052246,"latitude":-11.64702033996582,"max_speed":"13.669614791870117","pause_duration":1988999,"duration_per_km":368551,"max_step_frequency":171,"avg_step_frequency":141,"total_steps":6916,"manual":false,"edited":false,"completed":true,"live_tracking_active":false,"live_tracking_enabled":true,"cheering_enabled":true,"indoor":false,"id":"90d56a42-e6f2-43ce-83d4-0566e2ac665f","subjective_feeling_id":"2","sport_type_id":"1","user_equipment_ids":["60fed1a515961cf5549088b5"]}