{"start_time":1652456582000,"end_time":1652460622000,"created_at":1652456583000,"updated_at":1652460646000,"start_time_timezone_offset":7200000,"end_time_timezone_offset":7200000,"distance":3140,"duration":4040000,"elevation_gain":1183,"elevation_loss":36,"average_speed":"2.7977328300476074","calories":257,"longitude":"27.484216690063477","latitude":"-11.632320404052734","max_speed":8.48689079284668,"pause_duration":0,"duration_per_km":1286624,"temperature":23.0,"max_step_frequency":115,"avg_step_frequency":92,"total_steps":4004,"manual":false,"edited":false,"completed":true,"live_tracking_active":false,"live_tracking_enabled":true,"cheering_enabled":true,"indoor":false,"id":"9207307a-df9f-4c82-a884-110f8b2a7987","weather_condition_id":"1","subjective_feeling_id":"5","sport_type_id":"1","user_equipment_ids":["60fed1a515961cf5549088b5"]}