{"start_time":1639592095000,"end_time":1639593701000,"created_at":1639592096000,"updated_at":1641292607000,"start_time_timezone_offset":7200000,"end_time_timezone_offset":7200000,"distance":2826,"duration":1606000,"elevation_gain":30,"elevation_loss":18,"average_speed":6.334037780761719,"calories":200,"longitude":"27.460094451904297","latitude":"-11.661452293395996","max_speed":"14.111522674560547","pause_duration":0,"duration_per_km":568294,"temperature":23.0,"max_step_frequency":176,"avg_step_frequency":114,"total_steps":2954,"manual":false,"edited":false,"completed":true,"live_tracking_active":false,"live_tracking_enabled":true,"cheering_enabled":true,"indoor":false,"id":"9ceeabb1-8e6d-41ef-8f9c-ab0975bf3b6a","weather_condition_id":"5","subjective_feeling_id":"5","sport_type_id":"1","user_equipment_ids":["60fed1a515961cf5549088b5"]}