{"start_time":1626623508000,"end_time":1626626205000,"created_at":1626623509000,"updated_at":1641292607000,"start_time_timezone_offset":7200000,"end_time_timezone_offset":7200000,"distance":1729,"duration":472928,"elevation_gain":8,"elevation_loss":10,"average_speed":13.16141128540039,"calories":91,"longitude":27.46863555908203,"latitude":"-11.647016525268555","max_speed":"16.403764724731445","pause_duration":2224072,"duration_per_km":273527,"temperature":21.0,"max_step_frequency":178,"avg_step_frequency":165,"total_steps":1309,"manual":false,"edited":false,"completed":true,"live_tracking_active":false,"live_tracking_enabled":true,"cheering_enabled":true,"indoor":false,"id":"a0d41070-3b17-459a-a9a6-e9c33ec615c8","weather_condition_id":"1","subjective_feeling_id":"1","sport_type_id":"1","user_equipment_ids":["60fed1a515961cf5549088b5"]}