{"start_time":1570810979000,"end_time":1570811650000,"created_at":1570810981000,"updated_at":1641292607000,"start_time_timezone_offset":7200000,"end_time_timezone_offset":7200000,"distance":1407,"duration":479606,"elevation_gain":8,"elevation_loss":10,"average_speed":10.575,"calories":64,"longitude":27.468384,"latitude":-11.647102,"max_speed":14.363942,"pause_duration":190603,"duration_per_km":340871,"pulse_avg":0,"pulse_max":0,"avg_cadence":0,"max_cadence":0,"manual":false,"edited":false,"completed":true,"live_tracking_active":false,"live_tracking_enabled":true,"cheering_enabled":true,"indoor":false,"id":"a2594cc2-b9c6-4be8-a676-b7fbe32a0d11","surface_id":"3","subjective_feeling_id":"5","sport_type_id":"1"}