{"start_time":1655651604000,"end_time":1655655125000,"created_at":1655651605000,"updated_at":1655655181000,"start_time_timezone_offset":7200000,"end_time_timezone_offset":7200000,"distance":10020,"duration":3519944,"elevation_gain":85,"elevation_loss":87,"average_speed":10.251,"calories":593,"longitude":27.468718,"latitude":-11.647054,"max_speed":14.965864,"pause_duration":0,"duration_per_km":351292,"temperature":26.0,"pulse_avg":0,"pulse_max":0,"manual":false,"edited":false,"completed":true,"live_tracking_active":false,"live_tracking_enabled":true,"cheering_enabled":true,"indoor":false,"id":"a2839e25-3f7a-4a45-ba53-db0cc331e366","weather_condition_id":"1","surface_id":"1","subjective_feeling_id":"1","sport_type_id":"1","user_equipment_ids":["60fed1a515961cf5549088b5"]}