{"start_time":1652629590000,"end_time":1652633295000,"created_at":1652629591000,"updated_at":1652633345000,"start_time_timezone_offset":7200000,"end_time_timezone_offset":7200000,"distance":8187,"duration":3705000,"elevation_gain":284,"elevation_loss":635,"average_speed":7.954979419708252,"calories":512,"longitude":27.46854591369629,"latitude":"-11.646747589111328","max_speed":"13.695968627929688","pause_duration":0,"duration_per_km":452547,"temperature":21.0,"max_step_frequency":171,"avg_step_frequency":144,"total_steps":8862,"manual":false,"edited":false,"completed":true,"live_tracking_active":false,"live_tracking_enabled":true,"cheering_enabled":true,"indoor":false,"id":"ab69f9b3-6f91-4b18-b53d-2fa07b05c155","weather_condition_id":"1","subjective_feeling_id":"1","sport_type_id":"1","user_equipment_ids":["60fed1a515961cf5549088b5"]}