{"start_time":1628783226000,"end_time":1628784046000,"created_at":1628783227000,"updated_at":1641292607000,"start_time_timezone_offset":7200000,"end_time_timezone_offset":7200000,"distance":2696,"duration":819999,"elevation_gain":26,"elevation_loss":26,"average_speed":11.83640193939209,"calories":143,"longitude":"27.468618392944336","latitude":"-11.647029876708984","max_speed":"13.629154205322266","pause_duration":1,"duration_per_km":304154,"temperature":25.0,"max_step_frequency":169,"avg_step_frequency":162,"total_steps":2222,"manual":false,"edited":false,"completed":true,"live_tracking_active":false,"live_tracking_enabled":true,"cheering_enabled":true,"indoor":false,"id":"b212ef53-5a3d-43bf-a2f9-cd69de4a7654","weather_condition_id":"1","subjective_feeling_id":"1","sport_type_id":"1","user_equipment_ids":["60fed1a515961cf5549088b5"]}