{"start_time":1654789264000,"end_time":1654791624000,"created_at":1655137000000,"updated_at":1655137000000,"start_time_timezone_offset":7200000,"end_time_timezone_offset":7200000,"distance":3265,"duration":2359998,"elevation_gain":589,"elevation_loss":36,"average_speed":4.980909824371338,"calories":235,"longitude":"27.483919143676758","latitude":"-11.629240989685059","max_speed":8.34395694732666,"pause_duration":2,"duration_per_km":722817,"temperature":13.0,"max_step_frequency":119,"avg_step_frequency":108,"total_steps":4216,"manual":false,"edited":false,"completed":true,"live_tracking_active":false,"live_tracking_enabled":false,"cheering_enabled":false,"indoor":false,"id":"b2b4057d-9f16-4a6f-8569-d7911795a679","weather_condition_id":"2","subjective_feeling_id":"2","sport_type_id":"1","user_equipment_ids":["60fed1a515961cf5549088b5"]}