{"start_time":1597508038000,"end_time":1597510279000,"created_at":1597508039000,"updated_at":1641292607000,"start_time_timezone_offset":7200000,"end_time_timezone_offset":7200000,"distance":2061,"duration":650834,"elevation_gain":14,"elevation_loss":17,"average_speed":11.40058422088623,"calories":107,"longitude":27.46725082397461,"latitude":"-11.647917747497559","max_speed":"20.320510864257812","pause_duration":1590166,"duration_per_km":315786,"temperature":24.0,"max_step_frequency":187,"avg_step_frequency":160,"total_steps":1625,"manual":false,"edited":false,"completed":true,"live_tracking_active":false,"live_tracking_enabled":true,"cheering_enabled":true,"indoor":false,"id":"b35c2bd1-cc71-4ea7-99cd-86eeabb334d3","weather_condition_id":"1","surface_id":"1","subjective_feeling_id":"1","sport_type_id":"1"}