{"start_time":1630945725000,"end_time":1630946538000,"created_at":1630945727000,"updated_at":1641292607000,"start_time_timezone_offset":7200000,"end_time_timezone_offset":7200000,"distance":2246,"duration":676599,"elevation_gain":23,"elevation_loss":16,"average_speed":"11.951117515563965","calories":121,"longitude":27.46710777282715,"latitude":"-11.644268035888672","max_speed":"14.122624397277832","pause_duration":136401,"duration_per_km":301246,"temperature":27.0,"max_step_frequency":169,"avg_step_frequency":161,"total_steps":1813,"manual":false,"edited":false,"completed":true,"live_tracking_active":false,"live_tracking_enabled":true,"cheering_enabled":true,"indoor":false,"id":"b4c93100-8e12-4867-ab5e-e3680d02210d","weather_condition_id":"1","subjective_feeling_id":"5","sport_type_id":"1","user_equipment_ids":["60fed1a515961cf5549088b5"]}