{"start_time":1644765315000,"end_time":1644768431000,"created_at":1644765316000,"updated_at":1644768582000,"start_time_timezone_offset":7200000,"end_time_timezone_offset":7200000,"distance":7251,"duration":2889756,"elevation_gain":76,"elevation_loss":77,"average_speed":9.033477783203125,"calories":435,"longitude":"27.468717575073242","latitude":"-11.647025108337402","max_speed":"14.293669700622559","pause_duration":226244,"duration_per_km":398532,"temperature":23.0,"max_step_frequency":173,"avg_step_frequency":147,"total_steps":5324,"manual":false,"edited":false,"completed":true,"live_tracking_active":false,"live_tracking_enabled":true,"cheering_enabled":true,"indoor":false,"id":"b6ca62ba-d699-44c6-ae08-ca4eb27ca7d5","weather_condition_id":"2","sport_type_id":"1","user_equipment_ids":["60fed1a515961cf5549088b5"]}