{"start_time":1629734673000,"end_time":1629735402000,"created_at":1629750301000,"updated_at":1641292607000,"start_time_timezone_offset":7200000,"end_time_timezone_offset":7200000,"distance":2465,"duration":728997,"elevation_gain":15,"elevation_loss":26,"average_speed":"12.172024726867676","calories":126,"longitude":27.46862030029297,"latitude":"-11.647011756896973","max_speed":"14.339513778686523","pause_duration":3,"duration_per_km":295739,"max_step_frequency":169,"avg_step_frequency":161,"total_steps":1975,"manual":false,"edited":false,"completed":true,"live_tracking_active":false,"live_tracking_enabled":false,"cheering_enabled":false,"indoor":false,"id":"b86a26f6-c74f-47f8-899d-e192b93e50fd","subjective_feeling_id":"5","sport_type_id":"1","user_equipment_ids":["60fed1a515961cf5549088b5"]}