{"start_time":1570378928000,"end_time":1570379170000,"created_at":1570379020000,"updated_at":1641292607000,"start_time_timezone_offset":7200000,"end_time_timezone_offset":7200000,"distance":679,"duration":241108,"elevation_gain":0,"elevation_loss":0,"average_speed":10.143,"calories":37,"longitude":27.468988,"latitude":-11.646768,"max_speed":16.255087,"pause_duration":0,"duration_per_km":355093,"pulse_avg":0,"pulse_max":0,"avg_cadence":0,"max_cadence":0,"manual":false,"edited":false,"completed":true,"live_tracking_active":false,"live_tracking_enabled":true,"cheering_enabled":true,"indoor":false,"id":"bb39bef0-d47f-40cb-88fb-408adf994cb8","surface_id":"1","subjective_feeling_id":"1","sport_type_id":"1"}