{
  "start_time": 1657209349000,
  "end_time": 1657210880000,
  "created_at": 1657212649000,
  "updated_at": 1657212649000,
  "start_time_timezone_offset": 7200000,
  "end_time_timezone_offset": 7200000,
  "distance": 5034,
  "duration": 1531000,
  "elevation_gain": 61,
  "elevation_loss": 59,
  "average_speed": "11.835870742797852",
  "calories": 282,
  "longitude": "27.468591690063477",
  "latitude": "-11.646997451782227",
  "max_speed": 27.92502212524414,
  "pause_duration": 0,
  "duration_per_km": 304132,
  "max_step_frequency": 181,
  "avg_step_frequency": 163,
  "total_steps": 4111,
  "manual": false,
  "edited": false,
  "completed": true,
  "live_tracking_active": false,
  "live_tracking_enabled": false,
  "cheering_enabled": false,
  "indoor": false,
  "id": "be4d41bd-7b6a-429e-b651-8a869bb5f1e3",
  "subjective_feeling_id": "1",
  "sport_type_id": "1",
  "user_equipment_ids": [
    "60fed1a515961cf5549088b5"
  ]
}