{"start_time":1575716205000,"end_time":1575716507000,"created_at":1575716210000,"updated_at":1641292607000,"start_time_timezone_offset":7200000,"end_time_timezone_offset":7200000,"distance":952,"duration":301000,"elevation_gain":0,"elevation_loss":6,"average_speed":11.386,"calories":49,"longitude":27.47618,"latitude":-11.642395,"max_speed":13.588012,"pause_duration":0,"duration_per_km":316176,"temperature":24.0,"pulse_avg":0,"pulse_max":0,"avg_cadence":0,"max_cadence":0,"manual":false,"edited":false,"completed":true,"live_tracking_active":false,"live_tracking_enabled":true,"cheering_enabled":true,"indoor":false,"id":"c1adc126-ebf3-4608-bfab-03a978179711","weather_condition_id":"3","subjective_feeling_id":"5","sport_type_id":"1"}