{"start_time":1657123088000,"end_time":1657124658000,"created_at":1657128971000,"updated_at":1657128971000,"start_time_timezone_offset":7200000,"end_time_timezone_offset":7200000,"distance":5106,"duration":1569995,"elevation_gain":63,"elevation_loss":62,"average_speed":"11.707864761352539","calories":292,"longitude":27.46866226196289,"latitude":-11.64699935913086,"max_speed":"23.501367568969727","pause_duration":5,"duration_per_km":307480,"max_step_frequency":207,"avg_step_frequency":163,"total_steps":4282,"manual":false,"edited":false,"completed":true,"live_tracking_active":false,"live_tracking_enabled":false,"cheering_enabled":false,"indoor":false,"id":"c4a99273-6f88-48bd-8ddb-b9a3c945422f","subjective_feeling_id":"1","sport_type_id":"1","user_equipment_ids":["60fed1a515961cf5549088b5"]}