{"start_time":1626451751000,"end_time":1626453266000,"created_at":1626451753000,"updated_at":1641292607000,"start_time_timezone_offset":7200000,"end_time_timezone_offset":7200000,"distance":1730,"duration":508532,"elevation_gain":8,"elevation_loss":11,"average_speed":"12.246036529541016","calories":91,"longitude":"27.468610763549805","latitude":"-11.647050857543945","max_speed":"16.905054092407227","pause_duration":1006468,"duration_per_km":293949,"temperature":22.0,"max_step_frequency":173,"avg_step_frequency":160,"total_steps":2047,"manual":false,"edited":false,"completed":true,"live_tracking_active":false,"live_tracking_enabled":true,"cheering_enabled":true,"indoor":false,"id":"c4f152de-3e99-4ab7-b390-3e2422c52204","weather_condition_id":"2","subjective_feeling_id":"1","sport_type_id":"1"}