{"start_time":1654752966000,"end_time":1654756349000,"created_at":1654754398000,"updated_at":1654756358000,"start_time_timezone_offset":7200000,"end_time_timezone_offset":7200000,"distance":4398,"duration":3382986,"elevation_gain":44,"elevation_loss":829,"average_speed":4.680426120758057,"calories":328,"longitude":"27.469518661499023","latitude":"-11.647381782531738","max_speed":"13.268511772155762","pause_duration":14,"duration_per_km":769210,"temperature":13.0,"max_step_frequency":112,"avg_step_frequency":102,"total_steps":5648,"manual":false,"edited":false,"completed":true,"live_tracking_active":false,"live_tracking_enabled":true,"cheering_enabled":true,"indoor":false,"id":"c5afed16-ebaf-4c78-8f37-1703e3805c75","weather_condition_id":"2","subjective_feeling_id":"5","sport_type_id":"1","user_equipment_ids":["60fed1a515961cf5549088b5"]}