{"start_time":1631463083000,"end_time":1631464540000,"created_at":1631466597000,"updated_at":1641292607000,"start_time_timezone_offset":7200000,"end_time_timezone_offset":7200000,"distance":4530,"duration":1457000,"elevation_gain":44,"elevation_loss":44,"average_speed":"11.194011688232422","calories":287,"longitude":"27.468608856201172","latitude":"-11.647008895874023","max_speed":"13.481491088867188","pause_duration":0,"duration_per_km":321634,"notes":"Best run ever ","max_step_frequency":171,"avg_step_frequency":162,"total_steps":3960,"manual":false,"edited":false,"completed":true,"live_tracking_active":false,"live_tracking_enabled":false,"cheering_enabled":false,"indoor":false,"id":"cbd2f600-3612-4f75-9589-bc5ef02ff9b7","subjective_feeling_id":"1","sport_type_id":"1","user_equipment_ids":["60fed1a515961cf5549088b5"]}