{"start_time":1656860697000,"end_time":1656866079000,"created_at":1656860700000,"updated_at":1656866139000,"start_time_timezone_offset":7200000,"end_time_timezone_offset":7200000,"distance":15007,"duration":5380824,"elevation_gain":133,"elevation_loss":140,"average_speed":10.042,"calories":897,"longitude":27.46866,"latitude":-11.647001,"max_speed":13.458371,"pause_duration":0,"duration_per_km":358554,"temperature":24.0,"pulse_avg":0,"pulse_max":0,"manual":false,"edited":false,"completed":true,"live_tracking_active":false,"live_tracking_enabled":true,"cheering_enabled":true,"indoor":false,"id":"cdbe4280-4c10-4a9a-8379-3bf352e72e11","weather_condition_id":"1","subjective_feeling_id":"1","sport_type_id":"1","user_equipment_ids":["60fed1a515961cf5549088b5"]}