{
  "start_time": 1564552722000,
  "end_time": 1564553008000,
  "created_at": 1564758187000,
  "updated_at": 1641292607000,
  "start_time_timezone_offset": 7200000,
  "end_time_timezone_offset": 7200000,
  "distance": 804,
  "duration": 284911,
  "elevation_gain": 12,
  "elevation_loss": 0,
  "average_speed": 10.169088,
  "calories": 46,
  "longitude": 27.467232,
  "latitude": -11.647997,
  "max_speed": 14.921597,
  "pause_duration": 0,
  "duration_per_km": 354367,
  "temperature": 20.0,
  "notes": "Bad mood",
  "pulse_avg": 0,
  "pulse_max": 0,
  "avg_cadence": 0,
  "max_cadence": 0,
  "manual": false,
  "edited": false,
  "completed": true,
  "live_tracking_active": false,
  "live_tracking_enabled": false,
  "cheering_enabled": false,
  "indoor": false,
  "id": "ce68b9cd-5522-4071-bc10-a207508ee3d8",
  "weather_condition_id": "1",
  "subjective_feeling_id": "2",
  "sport_type_id": "1"
}
