{"start_time":1654098300000,"end_time":1654100939000,"created_at":1654098301000,"updated_at":1654100980000,"start_time_timezone_offset":7200000,"end_time_timezone_offset":7200000,"distance":3129,"duration":2639000,"elevation_gain":1207,"elevation_loss":36,"average_speed":4.268935680389404,"calories":252,"longitude":"27.484050750732422","latitude":"-11.630844116210938","max_speed":"5.8874287605285645","pause_duration":0,"duration_per_km":843400,"temperature":22.0,"max_step_frequency":110,"avg_step_frequency":93,"total_steps":4080,"manual":false,"edited":false,"completed":true,"live_tracking_active":false,"live_tracking_enabled":true,"cheering_enabled":true,"indoor":false,"id":"dac4407e-f650-48df-943f-2f697fd6150e","weather_condition_id":"1","subjective_feeling_id":"2","sport_type_id":"1","user_equipment_ids":["60fed1a515961cf5549088b5"]}