{"start_time":1565016894000,"end_time":1565026969000,"created_at":1567352973000,"updated_at":1641292607000,"start_time_timezone_offset":7200000,"end_time_timezone_offset":7200000,"distance":1838,"duration":10074106,"elevation_gain":12,"elevation_loss":17,"average_speed":0.65694,"calories":183,"longitude":27.46425,"latitude":-11.633894,"max_speed":50.279507,"pause_duration":0,"duration_per_km":5481015,"pulse_avg":0,"pulse_max":0,"avg_cadence":0,"max_cadence":0,"manual":false,"edited":false,"completed":true,"live_tracking_active":false,"live_tracking_enabled":false,"cheering_enabled":false,"indoor":false,"id":"dc9ef749-bf0b-47ea-b7f7-017c90c815da","sport_type_id":"1"}