{
  "start_time": 1656000546000,
  "end_time": 1656002209000,
  "created_at": 1656000547000,
  "updated_at": 1656002258000,
  "start_time_timezone_offset": 7200000,
  "end_time_timezone_offset": 7200000,
  "distance": 5000,
  "duration": 1662105,
  "elevation_gain": 45,
  "elevation_loss": 45,
  "average_speed": 10.83,
  "calories": 302,
  "longitude": 27.468714,
  "latitude": -11.64702,
  "max_speed": 15.611761,
  "pause_duration": 0,
  "duration_per_km": 332421,
  "temperature": 22.0,
  "pulse_avg": 0,
  "pulse_max": 0,
  "manual": false,
  "edited": false,
  "completed": true,
  "live_tracking_active": false,
  "live_tracking_enabled": true,
  "cheering_enabled": true,
  "indoor": false,
  "id": "e414fde8-38e9-415b-b862-f1bcdc70d9f8",
  "weather_condition_id": "1",
  "surface_id": "1",
  "subjective_feeling_id": "5",
  "sport_type_id": "1",
  "user_equipment_ids": [
    "60fed1a515961cf5549088b5"
  ]
}