{"start_time":1648827151000,"end_time":1648832747000,"created_at":1648827152000,"updated_at":1649266326000,"start_time_timezone_offset":7200000,"end_time_timezone_offset":7200000,"distance":11443,"duration":5354485,"elevation_gain":808,"elevation_loss":260,"average_speed":"7.6933770179748535","calories":744,"longitude":27.4686279296875,"latitude":-11.6470308303833,"max_speed":13.74137020111084,"pause_duration":241515,"duration_per_km":467927,"temperature":22.0,"max_step_frequency":171,"avg_step_frequency":138,"total_steps":11906,"manual":false,"edited":false,"completed":true,"live_tracking_active":false,"live_tracking_enabled":true,"cheering_enabled":true,"indoor":false,"id":"e9b3eabf-dbbd-4b55-a524-a526cdcde8a4","weather_condition_id":"2","subjective_feeling_id":"1","sport_type_id":"1","user_equipment_ids":["60fed1a515961cf5549088b5"]}