{
  "start_time": 1564502065000,
  "end_time": 1564502305000,
  "created_at": 1564502067000,
  "updated_at": 1641292607000,
  "start_time_timezone_offset": 7200000,
  "end_time_timezone_offset": 7200000,
  "distance": 855,
  "duration": 239112,
  "elevation_gain": 0,
  "elevation_loss": 10,
  "average_speed": 12.879,
  "calories": 34,
  "longitude": 27.467102,
  "latitude": -11.651928,
  "max_speed": 16.199707,
  "pause_duration": 0,
  "duration_per_km": 279663,
  "temperature": 24.0,
  "notes": "First run ",
  "pulse_avg": 0,
  "pulse_max": 0,
  "avg_cadence": 0,
  "max_cadence": 0,
  "manual": false,
  "edited": false,
  "completed": true,
  "live_tracking_active": false,
  "live_tracking_enabled": true,
  "cheering_enabled": true,
  "indoor": false,
  "id": "ee4bcfc1-2839-4310-9163-7088e252e51f",
  "weather_condition_id": "2",
  "surface_id": "4",
  "subjective_feeling_id": "1",
  "sport_type_id": "1"
}