{"start_time":1648137042000,"end_time":1648140122000,"created_at":1648137042000,"updated_at":1648140148000,"start_time_timezone_offset":7200000,"end_time_timezone_offset":7200000,"distance":2885,"duration":3079994,"elevation_gain":1225,"elevation_loss":43,"average_speed":"3.3717129230499268","calories":277,"longitude":"27.484560012817383","latitude":"-11.633326530456543","max_speed":8.393597602844238,"pause_duration":6,"duration_per_km":1067589,"temperature":24.0,"max_step_frequency":108,"avg_step_frequency":87,"total_steps":4137,"manual":false,"edited":false,"completed":true,"live_tracking_active":false,"live_tracking_enabled":true,"cheering_enabled":true,"indoor":false,"id":"ee6c67da-d0ee-4578-91d8-a4c7a1162c93","weather_condition_id":"2","subjective_feeling_id":"1","sport_type_id":"1","user_equipment_ids":["60fed1a515961cf5549088b5"]}