{"start_time":1646494704000,"end_time":1646496592000,"created_at":1646494705000,"updated_at":1647098338000,"start_time_timezone_offset":0,"end_time_timezone_offset":7200000,"distance":3906,"duration":1615685,"elevation_gain":40,"elevation_loss":42,"average_speed":8.703601837158203,"calories":235,"longitude":"27.468700408935547","latitude":"-11.647005081176758","max_speed":"15.725210189819336","pause_duration":272947,"duration_per_km":413642,"temperature":24.0,"pulse_avg":0,"pulse_max":0,"completed":true,"live_tracking_active":false,"live_tracking_enabled":true,"cheering_enabled":true,"id":"f605f663-1336-49ed-b2eb-d52141dc4d16","weather_condition_id":"2","sport_type_id":"1"}