{"start_time":1655221579000,"end_time":1655223176000,"created_at":1655221581000,"updated_at":1655223296000,"start_time_timezone_offset":7200000,"end_time_timezone_offset":7200000,"distance":5022,"duration":1596693,"elevation_gain":45,"elevation_loss":44,"average_speed":11.328,"calories":299,"longitude":27.468649,"latitude":-11.646978,"max_speed":15.123573,"pause_duration":0,"duration_per_km":317940,"temperature":23.0,"pulse_avg":0,"pulse_max":0,"manual":false,"edited":false,"completed":true,"live_tracking_active":false,"live_tracking_enabled":true,"cheering_enabled":true,"indoor":false,"id":"f628dd4a-a333-4c98-a1ea-debc81e57e5b","weather_condition_id":"1","surface_id":"1","subjective_feeling_id":"1","sport_type_id":"1","user_equipment_ids":["60fed1a515961cf5549088b5"]}