{
  "start_time": 1630684747000,
  "end_time": 1630685818000,
  "created_at": 1630684748000,
  "updated_at": 1641292607000,
  "start_time_timezone_offset": 7200000,
  "end_time_timezone_offset": 7200000,
  "distance": 3331,
  "duration": 1071000,
  "elevation_gain": 28,
  "elevation_loss": 34,
  "average_speed": "11.197277069091797",
  "calories": 177,
  "longitude": "27.468585968017578",
  "latitude": "-11.647017478942871",
  "max_speed": "13.792972564697266",
  "pause_duration": 0,
  "duration_per_km": 321525,
  "temperature": 28.0,
  "max_step_frequency": 168,
  "avg_step_frequency": 161,
  "total_steps": 2892,
  "manual": false,
  "edited": false,
  "completed": true,
  "live_tracking_active": false,
  "live_tracking_enabled": true,
  "cheering_enabled": true,
  "indoor": false,
  "id": "f77b1a45-d7dd-4cfe-8fa1-fc644fbcb68a",
  "weather_condition_id": "2",
  "subjective_feeling_id": "1",
  "sport_type_id": "1",
  "user_equipment_ids": [
    "60fed1a515961cf5549088b5"
  ]
}