{
  "start_time": 1657551780000,
  "end_time": 1657554776000,
  "created_at": 1657555328000,
  "updated_at": 1657555328000,
  "start_time_timezone_offset": 7200000,
  "end_time_timezone_offset": 7200000,
  "distance": 10027,
  "duration": 2995996,
  "elevation_gain": 339,
  "elevation_loss": 599,
  "average_speed": "12.048436164855957",
  "calories": 570,
  "longitude": "27.468637466430664",
  "latitude": -11.64703369140625,
  "max_speed": "24.869125366210938",
  "pause_duration": 4,
  "duration_per_km": 298793,
  "max_step_frequency": 178,
  "avg_step_frequency": 165,
  "total_steps": 8299,
  "manual": false,
  "edited": false,
  "completed": true,
  "live_tracking_active": false,
  "live_tracking_enabled": false,
  "cheering_enabled": false,
  "indoor": false,
  "id": "f9d2c978-7e8e-4e5c-b854-35fd7832cf45",
  "surface_id": "1",
  "subjective_feeling_id": "1",
  "sport_type_id": "1",
  "user_equipment_ids": [
    "60fed1a515961cf5549088b5"
  ]
}