{"start_time":1634397417000,"end_time":1634401139000,"created_at":1634397418000,"updated_at":1641292607000,"start_time_timezone_offset":7200000,"end_time_timezone_offset":7200000,"distance":6161,"duration":2050573,"elevation_gain":59,"elevation_loss":44,"average_speed":10.81637191772461,"calories":385,"longitude":27.4685115814209,"latitude":"-11.647096633911133","max_speed":"13.678317070007324","pause_duration":1671427,"duration_per_km":332831,"temperature":29.0,"max_step_frequency":188,"avg_step_frequency":160,"total_steps":5385,"manual":false,"edited":false,"completed":true,"live_tracking_active":false,"live_tracking_enabled":true,"cheering_enabled":true,"indoor":false,"id":"faec5c62-320c-468e-800d-2a1c695a6c96","weather_condition_id":"2","subjective_feeling_id":"1","sport_type_id":"1","user_equipment_ids":["60fed1a515961cf5549088b5"]}