{"start_time":1644768603000,"end_time":1644771442000,"created_at":1644768603000,"updated_at":1644771463000,"start_time_timezone_offset":7200000,"end_time_timezone_offset":7200000,"distance":5936,"duration":2838986,"elevation_gain":38,"elevation_loss":22,"average_speed":7.527205467224121,"calories":403,"longitude":27.46855354309082,"latitude":"-11.656960487365723","max_speed":"12.350794792175293","pause_duration":14,"duration_per_km":478266,"temperature":22.0,"max_step_frequency":169,"avg_step_frequency":137,"total_steps":8310,"manual":false,"edited":false,"completed":true,"live_tracking_active":false,"live_tracking_enabled":true,"cheering_enabled":true,"indoor":false,"id":"fcf08d84-81c0-4e47-acf6-ad2a9d925513","weather_condition_id":"2","sport_type_id":"1","user_equipment_ids":["60fed1a515961cf5549088b5"]}