{
  "start_time": 1629735828000,
  "end_time": 1629736067000,
  "created_at": 1629750301000,
  "updated_at": 1641292607000,
  "start_time_timezone_offset": 7200000,
  "end_time_timezone_offset": 7200000,
  "distance": 687,
  "duration": 238999,
  "elevation_gain": 11,
  "elevation_loss": 0,
  "average_speed": "10.354076385498047",
  "calories": 42,
  "longitude": "27.462963104248047",
  "latitude": "-11.649113655090332",
  "max_speed": "11.982069969177246",
  "pause_duration": 1,
  "duration_per_km": 347888,
  "max_step_frequency": 166,
  "avg_step_frequency": 161,
  "total_steps": 629,
  "manual": false,
  "edited": false,
  "completed": true,
  "live_tracking_active": false,
  "live_tracking_enabled": false,
  "cheering_enabled": false,
  "indoor": false,
  "id": "ff0bde3a-002b-48cd-b5d7-d7fbbb5ac52b",
  "subjective_feeling_id": "5",
  "sport_type_id": "1",
  "user_equipment_ids": [
    "60fed1a515961cf5549088b5"
  ]
}