{"start_time":1653754244000,"end_time":1653755968000,"created_at":1653754246000,"updated_at":1654100480000,"start_time_timezone_offset":7200000,"end_time_timezone_offset":7200000,"distance":5036,"duration":1659694,"elevation_gain":46,"elevation_loss":45,"average_speed":"10.923625946044922","calories":307,"longitude":27.46864891052246,"latitude":"-11.646876335144043","max_speed":"18.468708038330078","pause_duration":64306,"duration_per_km":329566,"temperature":22.0,"max_step_frequency":173,"avg_step_frequency":162,"total_steps":4496,"manual":false,"edited":false,"completed":true,"live_tracking_active":false,"live_tracking_enabled":true,"cheering_enabled":true,"indoor":false,"id":"ff22333a-bf23-4f1a-a6c6-8c28c8a6e9ce","weather_condition_id":"1","subjective_feeling_id":"5","sport_type_id":"1","user_equipment_ids":["60fed1a515961cf5549088b5"]}